from_node,to_node,length_m,elevation_change,elevation_gain
286181276,7366845050,8.02345213807243,-0.09999999999999787,0.0
286181276,7366845054,5.191107594230529,0.10000000000000142,0.10000000000000142
286181276,286182061,8.253144454672928,0.10000000000000142,0.10000000000000142
286181276,7366845051,8.569186690173384,-0.1999999999999993,0.0
286182061,286181276,8.253144454672928,-0.10000000000000142,0.0
286182061,7366845055,5.936809474319138,0.10000000000000142,0.10000000000000142
286182061,7366845049,8.051782559541602,-0.10000000000000142,0.0
286182061,7366845048,8.988895855000099,0.10000000000000142,0.10000000000000142
308022083,7368658467,6.428916740547022,0.0,0.0
308022083,461629164,8.85896307625577,0.09999999999999432,0.09999999999999432
308022083,7368658470,8.088582499147801,0.3999999999999986,0.3999999999999986
308022083,7368658463,4.428614510698652,-0.20000000000000284,0.0
308022101,461629162,9.734630255330174,0.30000000000000426,0.30000000000000426
308022101,2636411771,9.08713244691576,0.20000000000000284,0.20000000000000284
308022101,461629483,9.85431807102739,-0.29999999999999716,0.0
308022850,308022851,11.077084420209554,0.10000000000000142,0.10000000000000142
308022850,7366852210,9.256209607826516,0.10000000000000142,0.10000000000000142
308022850,7366852216,9.103803820238628,-0.19999999999999574,0.0
308022850,461629181,9.674769559898989,0.30000000000000426,0.30000000000000426
308022851,461629182,9.539646899325923,0.20000000000000284,0.20000000000000284
308022851,308022850,11.077084420209554,-0.10000000000000142,0.0
308022851,7366852215,9.10492583774903,-0.19999999999999574,0.0
308022852,308022854,8.729469355549103,0.0,0.0
308022852,7366584693,7.565896600001982,-0.5,0.0
308022852,7366584694,11.651295853625427,0.8999999999999986,0.8999999999999986
308022854,2637060815,8.820540201451802,0.0,0.0
308022854,308022852,8.729469355549103,0.0,0.0
308022854,7366584695,11.279320164946796,0.7999999999999972,0.7999999999999972
308022854,7366584692,7.705706819482496,-0.5,0.0
443306873,7369034017,12.039526565834448,0.0,0.0
443306873,443306874,12.30141723594238,0.0,0.0
443306873,7369034020,11.175813095174872,-0.09999999999999787,0.0
443306873,443306880,9.751791978203535,0.0,0.0
443306874,7369034019,15.165200397703897,-0.09999999999999787,0.0
443306874,443306880,13.116055540603481,0.0,0.0
443306874,443306873,12.30141723594238,0.0,0.0
443306874,7369034015,15.275801971012712,0.10000000000000142,0.10000000000000142
443306874,7369034014,9.72461124692274,0.10000000000000142,0.10000000000000142
443306880,443306874,13.116055540603481,0.0,0.0
443306880,443306873,9.751791978203535,0.0,0.0
443306880,7369034016,10.092413516471597,0.10000000000000142,0.10000000000000142
443306880,7369034018,11.524996826320267,-0.09999999999999787,0.0
443306889,2187246907,38.003616540046245,0.7000000000000028,0.7000000000000028
443306889,2187246782,40.6585923300631,1.2000000000000028,1.2000000000000028
443306889,2187246718,73.76705726795234,-4.399999999999999,0.0
443306889,2187246941,58.262228141080875,3.5,3.5
443306892,13076852505,6.69503172506065,0.10000000000000142,0.10000000000000142
443306892,13076848009,7.856959038341107,-0.29999999999999716,0.0
443306892,13076848008,6.284904873329748,0.20000000000000284,0.20000000000000284
443306892,13076848007,5.405097313231338,0.0,0.0
461629162,2636411768,8.959155206490028,0.09999999999999432,0.09999999999999432
461629162,308022101,9.734630255330174,-0.30000000000000426,0.0
461629162,461629482,10.044884803668845,-0.20000000000000284,0.0
461629162,2636411770,9.670266553099525,0.19999999999999574,0.19999999999999574
461629163,461629482,8.23283992455452,0.29999999999999716,0.29999999999999716
461629163,1704222981,10.181751917616022,-0.20000000000000284,0.0
461629163,10735004295,7.4194724703635195,0.29999999999999716,0.29999999999999716
461629163,7368658471,125.05454436028865,-4.600000000000001,0.0
461629164,308022083,8.85896307625577,-0.09999999999999432,0.0
461629164,7368658462,4.637441663092062,-0.19999999999999574,0.0
461629164,7368658471,8.494667868095824,0.30000000000000426,0.30000000000000426
461629181,7366852211,9.698008483920512,-0.20000000000000284,0.0
461629181,461629182,10.804095502369663,0.0,0.0
461629181,7366852213,9.335306565035872,0.19999999999999574,0.19999999999999574
461629181,308022850,9.674769559898989,-0.30000000000000426,0.0
461629182,7366852212,9.001363249181527,0.19999999999999574,0.19999999999999574
461629182,308022851,9.539646899325923,-0.20000000000000284,0.0
461629182,461629181,10.804095502369663,0.0,0.0
461629311,2139661953,30.649796909973922,-1.1999999999999957,0.0
461629311,6437963396,34.07501367424818,0.7000000000000028,0.7000000000000028
461629311,461629321,105.8624653343771,6.5,6.5
461629319,2139661954,49.375786568241445,-1.8999999999999986,0.0
461629319,461629321,56.78674782015836,3.8999999999999986,3.8999999999999986
461629319,6437963399,35.56867698637001,-3.200000000000003,0.0
461629321,1303243391,25.66160140782953,1.1000000000000014,1.1000000000000014
461629321,461629311,105.8624653343771,-6.5,0.0
461629321,461629319,56.78674782015836,-3.8999999999999986,0.0
461629482,461629162,10.044884803668845,0.20000000000000284,0.20000000000000284
461629482,461629483,10.050522494823056,-0.3999999999999986,0.0
461629482,2636411766,9.58727608384714,0.20000000000000284,0.20000000000000284
461629482,461629163,8.23283992455452,-0.29999999999999716,0.0
461629483,1704222981,7.857986121511546,-0.10000000000000142,0.0
461629483,461629482,10.050522494823056,0.3999999999999986,0.3999999999999986
461629483,308022101,9.85431807102739,0.29999999999999716,0.29999999999999716
461629489,10721114738,11.467234562929232,-0.20000000000000284,0.0
461629489,461630327,9.318790828403218,0.0,0.0
461629489,461629490,12.36448482636157,0.0,0.0
461629489,10721114737,10.008067199906106,0.0,0.0
461629490,10721114735,11.361699784885209,-0.20000000000000284,0.0
461629490,461629489,12.36448482636157,0.0,0.0
461629490,461630329,9.214255586513685,0.0,0.0
461629490,10721114736,9.77357254163612,0.0,0.0
461629493,461629494,11.640762486509628,0.0,0.0
461629493,10721102917,11.870864368039197,-0.19999999999999574,0.0
461629493,461630334,10.072415146647844,0.0,0.0
461629493,10721102916,9.447122075145332,0.0,0.0
461629494,10721102922,11.746173292876433,-0.19999999999999574,0.0
461629494,461629493,11.640762486509628,0.0,0.0
461629494,461630335,9.215818379817977,0.0,0.0
461629494,10721102915,9.887934680942935,0.0,0.0
461629500,6407306885,136.03755268548034,-3.8000000000000007,0.0
461629500,461630341,9.974757577422306,0.3000000000000007,0.3000000000000007
461629500,739474131,179.623635708578,4.300000000000001,4.300000000000001
461630321,6437962853,69.6555556782998,0.6999999999999957,0.6999999999999957
461630321,2587513205,44.340398930246444,1.0,1.0
461630321,6447935513,109.4427854879696,-2.8000000000000043,0.0
461630327,461629489,9.318790828403218,0.0,0.0
461630327,10721114740,9.119298247027839,0.0,0.0
461630327,10721114739,11.727574221059863,-0.10000000000000142,0.0
461630327,461630329,12.51026919735809,0.0,0.0
461630329,10721114734,11.878790269997882,-0.20000000000000284,0.0
461630329,10721114741,9.728729267757,0.0,0.0
461630329,461630327,12.51026919735809,0.0,0.0
461630329,461629490,9.214255586513685,0.0,0.0
461630334,10721102918,12.148662799086988,-0.09999999999999432,0.0
461630334,461629493,10.072415146647844,0.0,0.0
461630334,10721102919,8.835216485714387,0.10000000000000142,0.10000000000000142
461630334,461630335,12.241548418428408,0.0,0.0
461630335,10721102920,9.114877627241396,0.10000000000000142,0.10000000000000142
461630335,10721102921,10.800740684950467,-0.19999999999999574,0.0
461630335,461630334,12.241548418428408,0.0,0.0
461630335,461629494,9.215818379817977,0.0,0.0
461630341,461629500,9.974757577422306,-0.3000000000000007,0.0
461630341,1814571403,54.62247946652403,1.1999999999999993,1.1999999999999993
461630402,6405281341,46.508620130419324,2.3999999999999986,2.3999999999999986
461630402,6405281341,150.81873896646636,2.3999999999999986,2.3999999999999986
461630402,6407306885,178.80904643417517,-6.300000000000001,0.0
461630500,7369033998,6.155449800313675,-0.10000000000000142,0.0
461630500,7369033994,5.5264209135538,0.09999999999999432,0.09999999999999432
461630500,2637979826,8.410354386384075,-0.10000000000000142,0.0
461630500,7369034000,8.449621013371376,-0.10000000000000142,0.0
461630504,7369033995,30.70773841115418,-0.10000000000000142,0.0
461630504,7369034001,3.553009996843913,0.0,0.0
461630504,7369033969,3.882041411839823,0.0,0.0
461630504,1303244710,40.65337792583521,1.6999999999999957,1.6999999999999957
461630506,3731552689,28.089369681270124,-0.6999999999999993,0.0
461630506,1303244867,45.267554622263376,0.8999999999999986,0.8999999999999986
461630506,1303243752,90.4284757024667,4.899999999999999,4.899999999999999
461630507,1767739964,33.41678660974506,1.2000000000000028,1.2000000000000028
461630507,1303245823,32.94524524934044,-1.2999999999999972,0.0
461630507,7369033892,18.112919552539296,0.8000000000000043,0.8000000000000043
461630509,7369033923,6.155065047898766,0.10000000000000142,0.10000000000000142
461630509,7369033920,6.924317274764224,-0.10000000000000142,0.0
461630509,7369033918,7.186653769963318,-0.10000000000000142,0.0
461630509,461630510,9.34694224025792,0.0,0.0
461630510,7369033919,7.072891145497038,-0.10000000000000142,0.0
461630510,7369033924,6.401436247550632,0.10000000000000142,0.10000000000000142
461630510,7369033925,6.5014498174440245,0.0,0.0
461630510,461630509,9.34694224025792,0.0,0.0
461630515,7369033914,4.177317041416025,-0.10000000000000142,0.0
461630515,2187246459,34.481987265427705,1.6999999999999993,1.6999999999999993
461630515,2187246388,48.90343426645423,-1.1999999999999993,0.0
461630515,2187246393,30.16148702688704,0.5999999999999979,0.5999999999999979
461630518,461630519,56.54560612566146,1.8000000000000043,1.8000000000000043
461630518,1303150717,51.204953500719085,-2.0999999999999943,0.0
461630518,2187246875,181.4583714236997,-0.29999999999999716,0.0
461630519,461630518,56.54560612566146,-1.8000000000000043,0.0
461630519,13336225512,68.2360290005249,-6.300000000000004,0.0
461630519,9269014802,85.22242731528479,0.6999999999999957,0.6999999999999957
461630522,7755269992,7.067450257627722,0.20000000000000284,0.20000000000000284
461630522,7755269987,7.7361600592654485,0.20000000000000284,0.20000000000000284
730906859,2139634750,55.749286700186644,0.0,0.0
730906859,10732733202,88.7558930054467,0.40000000000000036,0.40000000000000036
730906859,2139628835,52.690360979326215,0.6999999999999993,0.6999999999999993
739474123,916037142,44.44047875041056,-3.0,0.0
739474123,916037148,31.017376224675825,0.49999999999999645,0.49999999999999645
739474123,916037161,117.32327468602291,-1.6000000000000014,0.0
739474123,916037163,203.84047432899732,2.099999999999998,2.099999999999998
739474124,5466265990,9.008069710124936,-0.09999999999999432,0.0
739474124,10723431992,155.41247224422048,-7.199999999999996,0.0
739474124,10721114741,110.64090691457311,2.700000000000003,2.700000000000003
739474126,10721102942,7.464233455762226,0.0,0.0
739474126,10721102947,10.453056749493234,-0.09999999999999432,0.0
739474126,10721102943,10.45345759849893,0.20000000000000284,0.20000000000000284
739474126,739474127,8.73609735611202,0.0,0.0
739474127,10721102944,10.602671922238303,0.20000000000000284,0.20000000000000284
739474127,10721102946,10.66265027739749,-0.09999999999999432,0.0
739474127,10721102945,8.407523126584568,-0.09999999999999432,0.0
739474127,739474126,8.73609735611202,0.0,0.0
739474128,10269783371,8.396410471978209,0.0,0.0
739474128,10721114630,10.308173386160604,-0.09999999999999432,0.0
739474128,10269783368,8.619120651235901,-0.09999999999999432,0.0
739474128,10721114631,10.353732100509461,-0.19999999999999574,0.0
739474131,739474132,8.699064838118847,0.0,0.0
739474131,916037137,104.80009370076448,0.3999999999999986,0.3999999999999986
739474131,461629500,179.623635708578,-4.300000000000001,0.0
739474131,10946112646,194.19385286025428,4.800000000000001,4.800000000000001
739474132,10946112654,3.276949164820251,0.0,0.0
739474132,739474131,8.699064838118847,0.0,0.0
739474132,10946112647,197.48934870482805,4.800000000000001,4.800000000000001
739474132,6397662166,58.346464320635505,-1.5,0.0
739479974,1484203409,106.39600834139563,-4.400000000000002,0.0
739479974,1303243780,54.80072886599283,0.5999999999999979,0.5999999999999979
739479974,1484203377,111.2918049131541,-0.5,0.0
908108395,908108431,20.460671530959246,1.0,1.0
908108395,908108566,17.028876441359955,-1.0,0.0
908108402,908108431,15.80895117139652,-1.7000000000000028,0.0
908108402,2267232082,87.26248435832359,-2.5,0.0
908108408,7924959736,6.675848350923785,-0.10000000000000142,0.0
908108408,7366852173,5.466761384712998,0.0,0.0
908108408,908108580,125.46793292959043,3.0,3.0
908108431,908108402,15.80895117139652,1.7000000000000028,1.7000000000000028
908108431,908108509,121.15774861012618,-8.199999999999996,0.0
908108431,908108395,20.460671530959242,-1.0,0.0
908108470,7924960102,16.099698365253936,0.29999999999999716,0.29999999999999716
908108470,2637060815,45.86473392525319,0.5,0.5
908108470,7366584697,5.595655491532521,0.0,0.0
908108509,908108715,93.87757177835505,-8.5,0.0
908108509,908108431,121.15774861012619,8.199999999999996,8.199999999999996
908108509,908108584,44.35414212175421,-0.3999999999999986,0.0
908108531,9791175836,8.775269235858765,-0.10000000000000142,0.0
908108539,908108719,37.31397679686,-1.1000000000000014,0.0
908108539,908108783,106.55389165210943,-8.200000000000003,0.0
908108539,908108602,31.520439847484614,1.0,1.0
908108541,9791175836,55.7425288858688,0.3999999999999986,0.3999999999999986
908108541,908108580,72.86685505528999,-1.7000000000000028,0.0
908108541,2267312397,30.829643185903358,6.600000000000001,6.600000000000001
908108559,908108661,34.72429213933359,4.100000000000001,4.100000000000001
908108559,908108609,32.91562210201747,-4.0,0.0
908108559,908108799,117.89033633966523,-3.5,0.0
908108566,4070586694,36.1524741886878,-5.399999999999999,0.0
908108566,908108395,17.028876441359955,1.0,1.0
908108580,908108609,35.087273926005864,2.5,2.5
908108580,908108541,72.86685505528997,1.7000000000000028,1.7000000000000028
908108580,908108408,125.46793292959042,-3.0,0.0
908108584,908108602,9.03797914133056,-0.10000000000000142,0.0
908108584,2267312392,84.72087617413845,-6.900000000000006,0.0
908108584,908108509,44.35414212175421,0.3999999999999986,0.3999999999999986
908108602,908108584,9.03797914133056,0.10000000000000142,0.10000000000000142
908108602,908108539,31.520439847484617,-1.0,0.0
908108602,11954201559,38.73852666626114,6.799999999999997,6.799999999999997
908108609,908108559,32.91562210201747,4.0,4.0
908108609,908108580,35.087273926005864,-2.5,0.0
908108609,908108687,34.215230556331875,2.700000000000003,2.700000000000003
908108609,7924959734,118.48494009433018,-3.299999999999997,0.0
908108661,908108796,51.442977528666546,6.100000000000001,6.100000000000001
908108661,908108559,34.72429213933359,-4.100000000000001,0.0
908108661,908108787,96.69267772967578,-3.700000000000003,0.0
908108687,908108719,116.07322475900908,10.899999999999999,10.899999999999999
908108687,908108609,34.215230556331875,-2.700000000000003,0.0
908108687,908108783,34.701030867932815,3.799999999999997,3.799999999999997
908108702,7924959747,20.806703927855708,0.3999999999999986,0.3999999999999986
908108702,7924959749,11.89403388160581,-0.30000000000000426,0.0
908108702,7366584691,5.084449427548299,-0.10000000000000142,0.0
908108715,908108509,93.87757177835505,8.5,8.5
908108715,2267312397,34.099723219066284,-1.8999999999999986,0.0
908108715,4070586694,79.86068565797855,9.299999999999997,9.299999999999997
908108719,908108539,37.31397679686,1.1000000000000014,1.1000000000000014
908108719,908108687,116.07322475900908,-10.899999999999999,0.0
908108719,908108796,32.88642829308092,0.6000000000000014,0.6000000000000014
908108751,908108799,33.48452601403966,4.100000000000001,4.100000000000001
908108751,7366584691,31.051849740287597,-2.6999999999999957,0.0
908108751,7924959734,22.805611387822402,0.30000000000000426,0.30000000000000426
908108783,908108539,106.55389165210943,8.200000000000003,8.200000000000003
908108783,908108687,34.701030867932815,-3.799999999999997,0.0
908108783,2267312392,32.08161504524544,2.3999999999999986,2.3999999999999986
908108787,908108799,33.19508513442675,-3.8999999999999986,0.0
908108787,908108661,96.69267772967576,3.700000000000003,3.700000000000003
908108787,908108796,91.70088201570957,9.800000000000004,9.800000000000004
908108796,2267231947,40.93211053338465,3.799999999999997,3.799999999999997
908108796,908108661,51.442977528666546,-6.100000000000001,0.0
908108796,908108719,32.88642829308092,-0.6000000000000014,0.0
908108796,908108787,91.70088201570957,-9.800000000000004,0.0
908108799,908108787,33.19508513442675,3.8999999999999986,3.8999999999999986
908108799,908108751,33.48452601403966,-4.100000000000001,0.0
908108799,908108559,117.89033633966524,3.5,3.5
908108799,4070996685,66.47783933738883,-6.899999999999999,0.0
916037104,916037148,8.744055160291744,0.0,0.0
916037104,1728169990,29.285123168555305,0.20000000000000284,0.20000000000000284
916037104,10946112647,6.375076699045904,-0.19999999999999574,0.0
916037104,10721102921,146.3990188890403,3.3000000000000043,3.3000000000000043
916037109,916037137,120.26579246136157,-0.8000000000000007,0.0
916037109,916037142,24.02501037713728,0.3000000000000007,0.3000000000000007
916037109,7099852082,68.82443132244443,3.0,3.0
916037137,916037109,120.26579246136157,0.8000000000000007,0.8000000000000007
916037137,916037161,41.00651612911046,2.5,2.5
916037137,7099851982,120.34926229842202,-8.3,0.0
916037137,739474131,104.80009370076448,-0.3999999999999986,0.0
916037137,3732569009,132.32020813630757,-9.399999999999999,0.0
916037137,7099851983,45.11678724780576,-9.0,0.0
916037142,916037109,24.02501037713728,-0.3000000000000007,0.0
916037142,739474123,44.44047875041056,3.0,3.0
916037142,916037163,91.1942307925132,5.099999999999998,5.099999999999998
916037148,916037104,8.744055160291744,0.0,0.0
916037148,739474123,31.017376224675825,-0.49999999999999645,0.0
916037148,10946112646,6.711014613056533,-0.19999999999999574,0.0
916037148,10721102922,146.22202394405923,3.3000000000000043,3.3000000000000043
916037161,739474123,117.32327468602291,1.6000000000000014,1.6000000000000014
916037161,916037137,41.00651612911046,-2.5,0.0
916037161,10946118958,50.99261765052588,3.8000000000000007,3.8000000000000007
916037163,916037142,91.1942307925132,-5.099999999999998,0.0
916037163,7099852082,66.15427314760919,-2.3999999999999986,0.0
916037163,739474123,203.84047432899732,-2.099999999999998,0.0
916073664,11951566056,4.1485619459004175,0.0,0.0
916073664,2637060665,114.94492641904513,-6.299999999999997,0.0
916073664,916073674,49.66853149408424,-2.6999999999999957,0.0
916073674,10946118960,2.0040829361097776,0.09999999999999432,0.09999999999999432
916073674,916073664,49.66853149408424,2.6999999999999957,2.6999999999999957
916073674,916073694,90.70190896956518,-5.100000000000001,0.0
916073694,10946112654,27.963453535932544,-0.3000000000000007,0.0
916073694,2637060665,45.43014031803991,1.5,1.5
916073694,2637060665,155.17197572965702,1.5,1.5
916073694,916073674,90.70190896956518,5.100000000000001,5.100000000000001
1302821170,6410720144,1.9942805989867856,-0.09999999999999787,0.0
1302821170,13336233260,93.04537400249819,1.8000000000000007,1.8000000000000007
1302821170,1471299551,62.16769928879792,0.3000000000000007,0.3000000000000007
1302821179,1302821294,75.86432577695408,-7.3999999999999915,0.0
1302821179,9269422923,104.19191178269166,-1.5999999999999943,0.0
1302821179,1302822664,27.461113653177286,2.5,2.5
1302821294,1302821179,75.86432577695408,7.3999999999999915,7.3999999999999915
1302821294,2598709711,94.19007474608439,7.299999999999997,7.299999999999997
1302821294,9269278419,48.93342167241059,0.5,0.5
1302821354,9269014617,51.82832473507572,0.0,0.0
1302821354,9269014820,50.83046066333606,0.7000000000000028,0.7000000000000028
1302821354,1302822844,58.22445425884506,-3.0,0.0
1302821354,1302821901,64.57991320147818,6.0,6.0
1302821425,1302822844,99.65275360930762,-1.8000000000000043,0.0
1302821425,2598709700,33.86046711924269,1.0,1.0
1302821431,3803463106,35.79248327455404,-3.6000000000000014,0.0
1302821431,9269072326,17.844727893203533,1.7999999999999972,1.7999999999999972
1302821431,1302822609,44.326182821728494,-1.0,0.0
1302821431,9269072324,74.69702737365401,1.0,1.0
1302821441,9269278419,91.37026177110177,1.3000000000000043,1.3000000000000043
1302821441,1302821453,77.66934696753768,2.6000000000000014,2.6000000000000014
1302821441,1302821664,81.64403024773534,2.1000000000000014,2.1000000000000014
1302821441,9269278333,71.81096432940554,-5.0,0.0
1302821453,9269422923,36.64946242895842,4.0,4.0
1302821453,1302821441,77.66934696753768,-2.6000000000000014,0.0
1302821453,2187247116,54.664235823016696,0.7000000000000028,0.7000000000000028
1302821453,9269278327,121.52341053038191,-4.799999999999997,0.0
1302821479,9269014809,30.856940709194355,1.6999999999999957,1.6999999999999957
1302821479,3803463102,61.604146591397935,1.5,1.5
1302821479,1302823149,86.97241407426708,-1.5,0.0
1302821479,1302821937,71.6584577925025,1.3999999999999986,1.3999999999999986
1302821559,1471065423,6.512546317895629,0.5,0.5
1302821559,9269014619,32.00745524986171,-2.3000000000000043,0.0
1302821559,1302821901,121.0154561931574,2.299999999999997,2.299999999999997
1302821664,1302822154,86.23694145054179,-3.3999999999999986,0.0
1302821664,1302821441,81.64403024773534,-2.1000000000000014,0.0
1302821747,9269278679,31.439597658986973,-1.2000000000000028,0.0
1302821747,9269278677,39.867309633276165,1.8999999999999986,1.8999999999999986
1302821812,9269014613,41.05037773940141,0.6999999999999957,0.6999999999999957
1302821812,1302822442,61.9409306011836,-3.8000000000000043,0.0
1302821812,3803463106,23.177792173189108,2.299999999999997,2.299999999999997
1302821823,9269422105,42.497911399975195,2.8000000000000043,2.8000000000000043
1302821823,13076852447,157.7684655244649,-14.100000000000001,0.0
1302821823,9269422091,10.846806997666805,-0.5,0.0
1302821823,1471065594,51.73042898099818,1.0,1.0
1302821901,9269014615,43.52589314004043,-0.7999999999999972,0.0
1302821901,3803463107,26.01575289804718,2.6000000000000014,2.6000000000000014
1302821901,1302821559,121.0154561931574,-2.299999999999997,0.0
1302821901,1302821354,64.57991320147818,-6.0,0.0
1302821907,1302822872,14.690471457455681,0.0,0.0
1302821907,13076852407,4.861545320527563,0.0,0.0
1302821907,2187247175,60.32309406503104,-0.8999999999999986,0.0
1302821937,9269014825,25.8482983540648,0.6000000000000014,0.6000000000000014
1302821937,9269014823,38.16688084587806,2.299999999999997,2.299999999999997
1302821937,1302821479,71.6584577925025,-1.3999999999999986,0.0
1302822001,9269278333,59.5974963034896,1.3999999999999986,1.3999999999999986
1302822001,2187247169,35.95406952531211,-0.6000000000000014,0.0
1302822001,1302822154,81.03086159563797,5.100000000000001,5.100000000000001
1302822001,9269278329,39.622524037864615,0.7999999999999972,0.7999999999999972
1302822038,1302822618,47.648317920195794,-3.8999999999999986,0.0
1302822038,9269422091,53.01342460439973,4.799999999999997,4.799999999999997
1302822038,2187247175,55.123988127514345,3.6000000000000014,3.6000000000000014
1302822154,1302821664,86.23694145054179,3.3999999999999986,3.3999999999999986
1302822154,1302822001,81.03086159563797,-5.100000000000001,0.0
1302822154,9269278677,128.96958048483125,-10.200000000000003,0.0
1302822187,1457663906,70.79872518402672,-4.400000000000006,0.0
1302822332,9269014619,26.230420002996958,1.8999999999999986,1.8999999999999986
1302822332,13076848004,6.55100807705298,-0.5,0.0
1302822332,13076848002,5.2488375493116015,0.10000000000000142,0.10000000000000142
1302822442,1302822678,47.68948798859594,0.30000000000000426,0.30000000000000426
1302822442,9269014617,52.24063738728249,-0.3999999999999986,0.0
1302822442,2598709700,27.707408594674263,-0.5999999999999943,0.0
1302822442,1302821812,61.9409306011836,3.8000000000000043,3.8000000000000043
1302822609,1302822678,115.93535308687598,-8.399999999999999,0.0
1302822609,1471065529,118.09261285667482,1.1000000000000014,1.1000000000000014
1302822609,1302821431,44.326182821728494,1.0,1.0
1302822618,9269278679,37.29877672209612,1.0999999999999943,1.0999999999999943
1302822618,1302822038,47.648317920195794,3.8999999999999986,3.8999999999999986
1302822664,1303151724,32.890292211598094,-2.3999999999999915,0.0
1302822664,1457663906,98.7427022991046,1.4000000000000057,1.4000000000000057
1302822664,1302821179,27.461113653177286,-2.5,0.0
1302822664,2187247140,115.73148707710314,-3.999999999999993,0.0
1302822678,1302822609,115.93535308687598,8.399999999999999,8.399999999999999
1302822678,1302822442,47.68948798859594,-0.30000000000000426,0.0
1302822678,1302823140,99.0669116688532,0.7999999999999972,0.7999999999999972
1302822844,1302821425,99.65275360930762,1.8000000000000043,1.8000000000000043
1302822844,9269014825,58.00463025417566,-1.2999999999999972,0.0
1302822844,1302821354,58.22445425884506,3.0,3.0
1302822872,2187247169,38.183009893424575,0.29999999999999716,0.29999999999999716
1302822872,1302821907,14.690471457455681,0.0,0.0
1302822872,9269423103,5.388954124129563,0.10000000000000142,0.10000000000000142
1302823040,9269072328,37.74590872548254,-2.6000000000000014,0.0
1302823040,1471065539,8.301469976349251,0.3999999999999986,0.3999999999999986
1302823040,2187247134,40.694980761716295,-1.7000000000000028,0.0
1302823084,13076852448,8.45100843460064,-0.10000000000000142,0.0
1302823084,13076852447,6.445531655634689,-0.10000000000000142,0.0
1302823084,1302823140,68.01453292158334,3.0,3.0
1302823140,1302823084,68.01453292158334,-3.0,0.0
1302823140,1302822678,99.0669116688532,-0.7999999999999972,0.0
1302823140,9269072332,54.32739629456213,3.5,3.5
1302823149,1302821479,86.97241407426708,1.5,1.5
1302823149,1471299551,37.61393351591078,0.09999999999999787,0.09999999999999787
1303149867,2187246707,35.44341429189297,0.5,0.5
1303149867,2187246723,37.382013125636064,-0.19999999999999574,0.0
1303149867,1303150361,23.632549020568963,0.3999999999999986,0.3999999999999986
1303149867,1303151833,116.21473061835975,1.3999999999999986,1.3999999999999986
1303149919,2187246987,36.510204776335186,2.6999999999999957,2.6999999999999957
1303149919,1303151197,41.37961185756167,1.2999999999999972,1.2999999999999972
1303149919,1303151833,85.14141022135085,-2.4000000000000057,0.0
1303149938,3800772443,31.324607112275828,0.3999999999999986,0.3999999999999986
1303149938,7369033908,50.0441181111727,-0.6000000000000014,0.0
1303149938,1303152180,121.91552762891439,10.100000000000001,10.100000000000001
1303149946,1303149975,51.319599593990255,4.600000000000001,4.600000000000001
1303149946,7366852207,23.43725737202128,-0.3999999999999986,0.0
1303149946,7366852178,4.1067641595806235,-0.10000000000000142,0.0
1303149975,1303149946,51.319599593990255,-4.600000000000001,0.0
1303149975,7366852177,3.5692264155060482,0.0,0.0
1303149975,1303150950,49.32759378779472,4.799999999999997,4.799999999999997
1303150040,2187246782,96.30496595316303,7.200000000000003,7.200000000000003
1303150040,1303152303,36.1006992469322,0.7000000000000028,0.7000000000000028
1303150040,1303151168,32.27268160169665,-0.5999999999999943,0.0
1303150220,1303151405,91.29488438726561,-2.0,0.0
1303150220,1303151172,55.61566459576843,3.8000000000000043,3.8000000000000043
1303150220,7366844986,136.17239375919024,-6.800000000000004,0.0
1303150361,2187246760,39.51524662288656,0.9000000000000057,0.9000000000000057
1303150361,1303149867,23.632549020568963,-0.3999999999999986,0.0
1303150361,2187246854,23.703219221800634,0.7000000000000028,0.7000000000000028
1303150582,2187246969,51.43212777980958,3.0,3.0
1303150582,2267296176,3.5492408186405675,0.10000000000000142,0.10000000000000142
1303150582,7366852178,92.26397552362945,-3.6000000000000014,0.0
1303150613,1303152965,59.9092696087081,1.1000000000000014,1.1000000000000014
1303150613,1303152231,117.18438430971922,10.800000000000004,10.800000000000004
1303150613,2187246854,54.61844473385818,-3.799999999999997,0.0
1303150656,2187246987,34.70872501050288,-3.0,0.0
1303150656,2187247049,44.09245242590318,0.30000000000000426,0.30000000000000426
1303150656,2187247102,33.44301595193046,2.6000000000000014,2.6000000000000014
1303150656,2187247005,88.22939671457775,-1.2999999999999972,0.0
1303150678,4020938306,32.938703905136464,2.299999999999997,2.299999999999997
1303150678,1303153103,40.270007032915096,-0.7000000000000028,0.0
1303150678,2187246948,40.60220319752786,1.2000000000000028,1.2000000000000028
1303150717,461630518,51.204953500719085,2.0999999999999943,2.0999999999999943
1303150717,2187246739,48.13106360208471,-1.9000000000000057,0.0
1303150717,2187246875,119.5913696360967,1.7999999999999972,1.7999999999999972
1303150794,1303152408,43.36945644056276,0.6999999999999957,0.6999999999999957
1303150794,1303151961,63.227223052255155,-0.7000000000000028,0.0
1303150794,2187246864,98.49969582466643,-6.0,0.0
1303150794,1303153103,58.71825675666045,-1.9000000000000057,0.0
1303150802,1303152724,36.211857804603355,2.8000000000000043,2.8000000000000043
1303150802,1303150921,38.18302971055958,-4.299999999999997,0.0
1303150802,1303152065,84.66226541159335,9.399999999999999,9.399999999999999
1303150833,7369034027,7.952529450471533,0.0,0.0
1303150833,7369034033,7.721447628896044,0.0,0.0
1303150833,7369034025,7.124622730889592,0.10000000000000142,0.10000000000000142
1303150833,7369034030,6.876671395487157,0.0,0.0
1303150908,2187246721,37.70746583270659,-0.8000000000000043,0.0
1303150908,2187246677,37.210050822705,-0.4000000000000057,0.0
1303150908,1303151798,85.80565159300653,4.299999999999997,4.299999999999997
1303150908,2187246832,33.541577848336246,-0.8000000000000043,0.0
1303150921,3730509318,46.80689990560893,2.8999999999999986,2.8999999999999986
1303150921,1303150802,38.18302971055958,4.299999999999997,4.299999999999997
1303150921,1303152517,75.54753730047507,5.899999999999999,5.899999999999999
1303150950,7406094168,4.250824318843309,0.0,0.0
1303150950,1303151690,44.08809615304786,4.200000000000003,4.200000000000003
1303150950,1303149975,49.327593787794726,-4.799999999999997,0.0
1303151168,1303150040,32.27268160169665,0.5999999999999943,0.5999999999999943
1303151168,3800772440,69.76143667535361,2.3999999999999986,2.3999999999999986
1303151168,2187246691,63.88754488317461,5.099999999999994,5.099999999999994
1303151168,3800772443,58.47468569413674,-2.200000000000003,0.0
1303151172,1303150220,55.61566459576843,-3.8000000000000043,0.0
1303151172,1457663906,31.040474101220642,1.5999999999999943,1.5999999999999943
1303151172,1303151724,94.112014690374,-2.200000000000003,0.0
1303151197,2187247049,72.77767573962247,4.700000000000003,4.700000000000003
1303151197,2187246921,34.382351240324944,1.5,1.5
1303151197,1303149919,41.37961185756167,-1.2999999999999972,0.0
1303151197,2187246864,33.551916808089985,1.2000000000000028,1.2000000000000028
1303151281,3731572075,9.00391003481324,0.10000000000000142,0.10000000000000142
1303151281,10736725900,5.042328334284623,0.0,0.0
1303151281,7369033897,6.609897674912487,0.0,0.0
1303151285,7369034024,5.5661481441052105,0.0,0.0
1303151285,7369034025,115.34758003405034,-2.8999999999999986,0.0
1303151285,7369034023,7.073362058860807,0.0,0.0
1303151285,2187246349,78.72786680436732,-3.3999999999999986,0.0
1303151393,2187246602,57.56172374079837,3.8999999999999986,3.8999999999999986
1303151393,1303151529,27.421672860284318,-1.3999999999999986,0.0
1303151393,2637060829,96.72585949131903,2.5,2.5
1303151405,1303151724,46.89641504052537,3.6000000000000014,3.6000000000000014
1303151405,1303150220,91.29488438726561,2.0,2.0
1303151405,2598709682,38.25775438988752,-2.0,0.0
1303151405,1303151690,49.52250849413195,-4.899999999999999,0.0
1303151435,1303152180,33.83296517102486,1.7000000000000028,1.7000000000000028
1303151435,3800772439,32.369990837753775,-2.1000000000000014,0.0
1303151435,1303152724,122.2790407068144,-2.799999999999997,0.0
1303151435,3800772440,70.06303468505588,-3.3999999999999986,0.0
1303151529,1303151393,27.421672860284318,1.3999999999999986,1.3999999999999986
1303151529,2637060829,43.20512181343052,3.8999999999999986,3.8999999999999986
1303151529,2187246824,29.78852017294411,-0.5,0.0
1303151529,2187246549,131.76017288610467,-5.300000000000004,0.0
1303151563,2267232000,39.50831312752576,1.2000000000000028,1.2000000000000028
1303151563,2267231989,62.16839227810782,3.8000000000000043,3.8000000000000043
1303151563,4020938309,163.71922021986396,-3.6999999999999957,0.0
1303151619,2598709682,40.206068845354416,3.6000000000000014,3.6000000000000014
1303151619,2187247066,42.70880186207636,-2.200000000000003,0.0
1303151619,7406094168,113.31185683464385,-3.5,0.0
1303151690,7366844987,3.5466058714666615,0.09999999999999432,0.09999999999999432
1303151690,7366844986,6.24414634728111,0.09999999999999432,0.09999999999999432
1303151690,1303151405,49.52250849413195,4.899999999999999,4.899999999999999
1303151690,1303150950,44.08809615304786,-4.200000000000003,0.0
1303151694,10736725828,4.849729789596147,0.0,0.0
1303151719,7369033908,14.948872419439487,0.10000000000000142,0.10000000000000142
1303151719,7369033897,40.064273104279465,-1.1999999999999993,0.0
1303151719,1303152065,206.13706623412878,12.899999999999999,12.899999999999999
1303151724,1302822664,32.890292211598094,2.3999999999999915,2.3999999999999915
1303151724,1303151405,46.89641504052537,-3.6000000000000014,0.0
1303151724,2187247114,117.62444221706325,-8.600000000000001,0.0
1303151724,1303151172,94.112014690374,2.200000000000003,2.200000000000003
1303151740,2187246941,69.46977292320672,-5.200000000000003,0.0
1303151740,2187247054,54.39855809011216,0.10000000000000142,0.10000000000000142
1303151740,2187247085,57.46809352265298,0.7000000000000028,0.7000000000000028
1303151740,13076848008,30.230924457151197,0.6000000000000014,0.6000000000000014
1303151798,2187246779,13.225016511666512,0.6000000000000014,0.6000000000000014
1303151798,2187246864,32.43460026262363,-1.2999999999999972,0.0
1303151798,1303150908,85.80565159300653,-4.299999999999997,0.0
1303151801,4070953856,3.936928740069474,-0.10000000000000142,0.0
1303151801,7366852027,29.473697177296,-0.8000000000000043,0.0
1303151801,2187246824,40.67070388272422,2.0,2.0
1303151802,3800772433,31.170846272844983,-1.0,0.0
1303151802,1303152517,32.07968790524662,-0.5,0.0
1303151802,1303152724,45.480435435304386,0.7000000000000028,0.7000000000000028
1303151833,1303149919,85.14141022135085,2.4000000000000057,2.4000000000000057
1303151833,1303149867,116.21473061835975,-1.3999999999999986,0.0
1303151833,2187246937,35.971886739795494,2.3000000000000043,2.3000000000000043
1303151833,2187246832,36.438630023628086,1.1000000000000014,1.1000000000000014
1303151885,2187246989,56.099925926599106,1.7000000000000028,1.7000000000000028
1303151885,2187246918,36.23222065134067,-2.0,0.0
1303151885,2187246898,33.39860727868459,0.3999999999999986,0.3999999999999986
1303151885,2187246705,98.68695949309136,0.20000000000000284,0.20000000000000284
1303151961,2187246598,60.54250856340174,0.3999999999999986,0.3999999999999986
1303151961,1303150794,63.227223052255155,0.7000000000000028,0.7000000000000028
1303151961,2187246661,44.25622484273434,-0.29999999999999716,0.0
1303152028,7369034022,6.534477427940072,0.10000000000000142,0.10000000000000142
1303152028,7369034014,41.911579873356075,-2.599999999999998,0.0
1303152028,2187246349,18.53030703763706,1.1000000000000014,1.1000000000000014
1303152065,1303152180,35.17612562608673,-2.0999999999999943,0.0
1303152065,1303151719,206.1370662341288,-12.899999999999999,0.0
1303152065,1303150802,84.66226541159335,-9.399999999999999,0.0
1303152180,1303151435,33.83296517102486,-1.7000000000000028,0.0
1303152180,1303152065,35.17612562608673,2.0999999999999943,2.0999999999999943
1303152180,1303149938,121.9155276289144,-10.100000000000001,0.0
1303152201,3731572076,30.8861972736639,0.7999999999999972,0.7999999999999972
1303152201,10736725922,33.10200085106979,0.5,0.5
1303152201,4070941289,38.852117934622086,-2.3999999999999986,0.0
1303152231,1303150613,117.1843843097192,-10.800000000000004,0.0
1303152231,9269072326,30.430878922334884,-1.3000000000000043,0.0
1303152231,2187247085,60.342654431757815,-1.3999999999999986,0.0
1303152231,2187247134,124.24353957413896,-0.6000000000000014,0.0
1303152303,1303150040,36.1006992469322,-0.7000000000000028,0.0
1303152303,2187246718,24.36093556718616,0.8999999999999986,0.8999999999999986
1303152303,2187246723,39.88598552468217,0.20000000000000284,0.20000000000000284
1303152303,7369034030,114.43714782918133,0.3999999999999986,0.3999999999999986
1303152385,2187247080,24.08149210043505,1.2999999999999972,1.2999999999999972
1303152385,2187247042,60.15264750336239,-5.0,0.0
1303152385,2187246948,70.6899841043091,-5.0,0.0
1303152408,1303150794,43.36945644056276,-0.6999999999999957,0.0
1303152408,2187246598,59.95445346043498,-1.0,0.0
1303152408,2187246779,66.53883196882215,-4.799999999999997,0.0
1303152517,1303151802,32.07968790524662,0.5,0.5
1303152517,4699680469,39.20498504486522,-4.100000000000001,0.0
1303152517,1303150921,75.54753730047507,-5.899999999999999,0.0
1303152657,7366852206,7.2989629707398,-0.20000000000000284,0.0
1303152657,7366852198,6.251726829314746,0.19999999999999574,0.19999999999999574
1303152657,7366852207,7.794239755607352,0.10000000000000142,0.10000000000000142
1303152700,2187247066,6.483909889504232,0.0,0.0
1303152700,1303152736,116.7430569856879,-6.299999999999997,0.0
1303152700,2187246964,60.2675213240457,-4.199999999999996,0.0
1303152724,1303150802,36.211857804603355,-2.8000000000000043,0.0
1303152724,3800772438,30.79108100137659,0.8999999999999986,0.8999999999999986
1303152724,1303151435,122.2790407068144,2.799999999999997,2.799999999999997
1303152724,1303151802,45.480435435304386,-0.7000000000000028,0.0
1303152736,1303152700,116.7430569856879,6.299999999999997,6.299999999999997
1303152736,2187246871,52.77706485716311,-4.700000000000003,0.0
1303152736,2187247110,133.1608470696261,8.700000000000003,8.700000000000003
1303152765,2187246451,64.4118848898714,-6.100000000000001,0.0
1303152765,6394962503,53.155935698111385,-9.700000000000003,0.0
1303152765,2187246602,63.218397216507626,1.7999999999999972,1.7999999999999972
1303152777,7366845051,53.72428768874643,-3.6999999999999993,0.0
1303152777,7366852005,8.633435583249414,0.10000000000000142,0.10000000000000142
1303152777,7366852004,4.063235776896444,-0.10000000000000142,0.0
1303152777,7366852002,54.725971745589476,3.8999999999999986,3.8999999999999986
1303152965,2187247005,37.356002627258526,2.200000000000003,2.200000000000003
1303152965,1303150613,59.9092696087081,-1.1000000000000014,0.0
1303152965,2187246937,32.7288725610192,-2.299999999999997,0.0
1303152965,2187247087,110.95285370163725,5.800000000000004,5.800000000000004
1303152967,2187246918,34.60584196183337,1.6999999999999957,1.6999999999999957
1303152967,2637060829,31.34121864238238,-3.200000000000003,0.0
1303152967,2187247015,61.54141137573824,3.8999999999999986,3.8999999999999986
1303153103,1303150678,40.270007032915096,0.7000000000000028,0.7000000000000028
1303153103,2187246921,69.62533585020425,-3.799999999999997,0.0
1303153103,1303150794,58.71825675666045,1.9000000000000057,1.9000000000000057
1303243302,1303245196,6.437625420931702,0.0,0.0
1303243302,1303243326,42.393819709281246,-0.30000000000000426,0.0
1303243302,1303244705,92.3872604032538,-0.4000000000000057,0.0
1303243302,10736725995,44.35849101603776,-2.0,0.0
1303243309,1303244678,44.57760648794553,0.10000000000000142,0.10000000000000142
1303243309,2039371183,46.51234256884355,-0.1999999999999993,0.0
1303243311,1303244649,38.85922073848386,1.6000000000000014,1.6000000000000014
1303243311,1303245831,24.753667686620055,-0.1999999999999993,0.0
1303243311,1303244612,89.9052122237114,-2.0,0.0
1303243326,10736725999,5.825414367277953,0.20000000000000284,0.20000000000000284
1303243326,1303244705,139.6336056820829,-0.10000000000000142,0.0
1303243326,1303245431,67.47964628080321,-1.0,0.0
1303243326,1303243302,42.39381970928124,0.30000000000000426,0.30000000000000426
1303243330,1303243700,45.3151309018459,-0.29999999999999716,0.0
1303243330,1303244151,103.29509697774307,1.1000000000000014,1.1000000000000014
1303243330,1303243765,78.44045089080072,-1.0999999999999943,0.0
1303243330,1303245251,165.82862412340276,1.6000000000000014,1.6000000000000014
1303243337,2598709650,45.431596748116554,2.700000000000003,2.700000000000003
1303243337,1303245801,94.28895553985562,-3.1000000000000014,0.0
1303243337,6957360462,45.0053894250035,3.200000000000003,3.200000000000003
1303243353,1484203358,33.479128084702694,-1.3000000000000007,0.0
1303243353,1303245961,45.86274953947371,1.1999999999999993,1.1999999999999993
1303243353,10794673123,26.879110692886503,-1.8000000000000007,0.0
1303243353,1303244466,175.9332363313007,9.599999999999998,9.599999999999998
1303243388,7368660750,8.887032970428427,0.0,0.0
1303243388,2587567973,41.86316547363986,0.9000000000000057,0.9000000000000057
1303243388,1303243654,33.46738827674952,-0.3999999999999986,0.0
1303243391,6452310945,28.569008614718783,-1.2999999999999972,0.0
1303243391,6447149351,22.408031573269316,0.7999999999999972,0.7999999999999972
1303243391,6447149352,14.631610445843767,0.10000000000000142,0.10000000000000142
1303243391,461629321,25.66160140782953,-1.1000000000000014,0.0
1303243402,1303244310,5.72439798046619,0.0,0.0
1303243402,1303245968,212.5031331324946,-2.3000000000000043,0.0
1303243402,7368660730,199.6274068463588,4.899999999999999,4.899999999999999
1303243402,1303246106,29.754532827911955,-0.30000000000000426,0.0
1303243421,1303245715,37.52282894340244,-0.5,0.0
1303243421,1303243513,122.7139504966103,1.3000000000000007,1.3000000000000007
1303243421,1303246004,114.45074601837487,2.3000000000000007,2.3000000000000007
1303243426,1303245354,95.88566690323323,-6.899999999999999,0.0
1303243426,1303244585,29.338270972055113,0.10000000000000142,0.10000000000000142
1303243426,2139644691,30.72717197379639,-0.29999999999999716,0.0
1303243438,7369033951,2.8837155977686457,-0.10000000000000142,0.0
1303243438,1303243761,45.14138288548664,1.3999999999999986,1.3999999999999986
1303243438,3730545051,28.905283535947518,-0.8999999999999986,0.0
1303243470,1303245431,43.861295679803035,1.6000000000000014,1.6000000000000014
1303243470,1303245728,99.48608513413406,-4.4999999999999964,0.0
1303243470,1303245196,89.02853382090242,2.9000000000000057,2.9000000000000057
1303243470,1303245006,22.210600568297764,-1.3999999999999986,0.0
1303243471,1303244238,50.98367893197463,-2.799999999999997,0.0
1303243471,7369027662,72.86331134762048,-3.799999999999997,0.0
1303243471,2636411765,26.68307223244357,1.0,1.0
1303243471,7368658453,6.611735108736811,0.29999999999999716,0.29999999999999716
1303243477,1767739956,33.611450443734945,0.7999999999999972,0.7999999999999972
1303243477,7369033893,31.56815353761704,-0.6000000000000014,0.0
1303243477,1767739963,61.66692645600419,-3.1000000000000014,0.0
1303243492,1303245004,157.12112515034931,7.5,7.5
1303243492,1303246265,36.09846001557302,-0.29999999999999716,0.0
1303243492,1303244494,36.15504223699887,0.30000000000000426,0.30000000000000426
1303243513,1303243421,122.7139504966103,-1.3000000000000007,0.0
1303243513,1303245797,56.841287382070504,-2.9000000000000004,0.0
1303243513,1303246004,54.94938232298685,1.0,1.0
1303243541,1303245572,71.78052150785123,-2.8999999999999986,0.0
1303243541,1303245799,41.86476122209791,0.8999999999999986,0.8999999999999986
1303243541,2637060790,27.46540590810019,0.6000000000000014,0.6000000000000014
1303243558,7368660676,116.96842912457872,-2.0,0.0
1303243558,7368658439,2.890441588160324,0.0,0.0
1303243558,1303244370,48.727714565792944,0.5,0.5
1303243568,7369033978,112.35940727612233,-2.0,0.0
1303243568,1303246134,13.832162740719196,0.0,0.0
1303243568,1303243719,50.28823917983648,-0.8999999999999986,0.0
1303243582,2616953961,3.600046819341491,-0.10000000000000142,0.0
1303243582,1303244269,111.9354950410328,-2.5,0.0
1303243582,1303246369,28.9691476586989,0.5,0.5
1303243610,1303246100,12.181855229464713,0.20000000000000284,0.20000000000000284
1303243610,1303246134,39.22790673980858,-2.5,0.0
1303243610,1303243821,59.3198654854137,-1.7999999999999972,0.0
1303243623,1303243880,42.12722840073027,1.7000000000000028,1.7000000000000028
1303243623,2587513288,39.39526769958378,-1.1999999999999957,0.0
1303243623,7368660747,4.020966377895338,0.0,0.0
1303243623,7368660742,3.6628436799682236,0.0,0.0
1303243643,10896026882,44.13892871090977,-2.400000000000002,0.0
1303243643,1303245930,39.125592280759875,-0.9000000000000021,0.0
1303243643,1303244423,120.5850734077797,3.8000000000000007,3.8000000000000007
1303243645,1303246028,34.94808186331992,2.3000000000000043,2.3000000000000043
1303243645,2598709650,17.35021087170821,-1.1999999999999957,0.0
1303243645,2574341576,109.80409451966152,4.800000000000004,4.800000000000004
1303243654,4070953801,8.036444579495294,-0.10000000000000142,0.0
1303243654,7366852170,31.113115455873785,-0.10000000000000142,0.0
1303243654,1303243388,33.46738827674952,0.3999999999999986,0.3999999999999986
1303243656,10736725951,7.397425649102161,0.0,0.0
1303243656,2261867052,7.319826195240028,0.0,0.0
1303243656,10736725952,5.3154584867419326,-0.10000000000000142,0.0
1303243656,10736725954,7.059826441797404,0.1999999999999993,0.1999999999999993
1303243660,7368660623,25.735422057384003,-0.7999999999999972,0.0
1303243660,1303244213,26.52135485722757,1.3000000000000043,1.3000000000000043
1303243660,2267294195,21.552071736139265,-0.7999999999999972,0.0
1303243664,1303244958,43.54953971277182,1.8000000000000043,1.8000000000000043
1303243664,7368660640,85.03701745072274,-0.6999999999999957,0.0
1303243664,1303245219,69.01347318996194,1.2000000000000028,1.2000000000000028
1303243668,1303243700,46.66664089480513,0.20000000000000284,0.20000000000000284
1303243668,1303244820,29.76022926281065,-1.0,0.0
1303243668,10730038655,99.06022547879085,0.5,0.5
1303243668,2268370400,66.67890597543146,0.30000000000000426,0.30000000000000426
1303243670,1303245665,33.61830079382025,-1.5999999999999979,0.0
1303243670,1303245930,38.205991329103284,-2.3000000000000007,0.0
1303243670,2136811578,35.457100172032234,1.1999999999999993,1.1999999999999993
1303243680,7099851946,8.39336399406661,0.10000000000000142,0.10000000000000142
1303243680,7099851996,46.010706801506686,0.0,0.0
1303243680,1303245942,24.92005544258551,0.10000000000000142,0.10000000000000142
1303243680,5228128339,17.564789211218677,0.5,0.5
1303243700,1303243330,45.3151309018459,0.29999999999999716,0.29999999999999716
1303243700,1303243668,46.66664089480513,-0.20000000000000284,0.0
1303243700,1303244084,67.51656562848542,0.29999999999999716,0.29999999999999716
1303243700,1303245251,118.15875140670526,1.8999999999999986,1.8999999999999986
1303243719,7369033980,108.84859694268174,-0.6000000000000014,0.0
1303243719,3730509319,9.612122059557867,0.10000000000000142,0.10000000000000142
1303243719,1303243568,50.28823917983649,0.8999999999999986,0.8999999999999986
1303243724,1303244391,30.55736693518672,-2.5,0.0
1303243724,1303245533,33.384490284161764,2.9000000000000057,2.9000000000000057
1303243724,2268371105,138.37065724032516,2.4000000000000057,2.4000000000000057
1303243746,6449408276,26.871547625386835,1.2999999999999972,1.2999999999999972
1303243746,1303244792,73.58433620705998,-2.200000000000003,0.0
1303243746,2558496350,21.282315484531775,-4.700000000000003,0.0
1303243747,1303246048,47.110613441348924,-0.30000000000000426,0.0
1303243747,1303245638,46.74973524502062,0.19999999999999574,0.19999999999999574
1303243747,7369033975,1.3035680525664224,0.0,0.0
1303243752,7369033959,2.91372353399936,0.0,0.0
1303243752,461630506,90.4284757024667,-4.899999999999999,0.0
1303243752,1303245512,73.33863885516338,0.6000000000000014,0.6000000000000014
1303243761,7369033948,2.9897336639549827,0.0,0.0
1303243761,1303246306,45.02352040457405,1.3999999999999986,1.3999999999999986
1303243761,1303243438,45.14138288548664,-1.3999999999999986,0.0
1303243765,2268371105,23.423139685042717,-1.0,0.0
1303243765,1303245533,94.92641287812772,-0.5,0.0
1303243765,1303243330,78.44045089080072,1.0999999999999943,1.0999999999999943
1303243768,1303245082,84.02883155762588,-2.700000000000003,0.0
1303243768,1303244678,210.76667579714575,-3.1000000000000014,0.0
1303243768,10836967620,51.155723902980995,-2.700000000000003,0.0
1303243780,2136813798,42.65182787621085,2.900000000000002,2.900000000000002
1303243780,2139656835,23.941223824984334,-0.09999999999999787,0.0
1303243780,739479974,54.80072886599283,-0.5999999999999979,0.0
1303243821,7369033934,69.49354275275248,-4.299999999999997,0.0
1303243821,1303243610,59.3198654854137,1.7999999999999972,1.7999999999999972
1303243821,7369033937,92.88565044235074,-2.5,0.0
1303243857,2268363060,34.66810118568646,2.0,2.0
1303243857,1303244585,99.26378192194038,6.100000000000001,6.100000000000001
1303243857,2268363057,5.71775614007875,0.10000000000000142,0.10000000000000142
1303243862,6452247842,37.15693310497201,-3.299999999999997,0.0
1303243862,6452247882,13.238202353622096,0.6000000000000014,0.6000000000000014
1303243862,1303244599,15.616168569734125,1.0,1.0
1303243874,3732569002,41.668181997383876,-0.8999999999999986,0.0
1303243874,1303244900,112.49957330110689,7.100000000000001,7.100000000000001
1303243874,7099852009,18.9628623930194,-0.5999999999999979,0.0
1303243880,1303244265,46.01366250180436,1.3999999999999986,1.3999999999999986
1303243880,1303243623,42.12722840073027,-1.7000000000000028,0.0
1303243880,7368660745,3.4664493685117015,0.0,0.0
1303243880,7368660740,2.8771234373918246,0.0,0.0
1303243904,1303246207,65.87504528258455,4.0,4.0
1303243904,10736725951,26.866615785916174,-0.3000000000000007,0.0
1303243904,1303244211,46.22452264541082,2.6999999999999993,2.6999999999999993
1303243904,1303246044,161.3531869786116,1.5999999999999979,1.5999999999999979
1303243928,7368660676,4.187062793092428,-0.10000000000000142,0.0
1303243928,1303246463,29.00580044209799,-1.2000000000000028,0.0
1303243928,2162438537,30.494130050951142,1.1999999999999957,1.1999999999999957
1303243958,1303244401,15.24050433614114,-0.6000000000000014,0.0
1303243958,7369027671,3.2579585675102862,0.0,0.0
1303243958,2588145184,83.97607088704294,1.1999999999999957,1.1999999999999957
1303243998,7369033942,4.373114204739156,-0.10000000000000142,0.0
1303243998,7369033892,6.25343850259633,-0.29999999999999716,0.0
1303243998,3730545045,12.34503697134173,0.5,0.5
1303244001,1303244183,138.50921138863433,3.700000000000003,3.700000000000003
1303244001,1303244494,36.23571641443215,-0.29999999999999716,0.0
1303244001,1303244181,165.51279460115018,1.8999999999999986,1.8999999999999986
1303244009,1303244036,14.96535552318416,0.19999999999999574,0.19999999999999574
1303244009,1303245549,71.03346611829602,-0.8000000000000043,0.0
1303244009,7369033969,105.25556180598755,-6.899999999999999,0.0
1303244036,7369033948,84.31511609658065,-4.799999999999997,0.0
1303244036,1303244009,14.96535552318416,-0.19999999999999574,0.0
1303244036,1303246335,48.102808483226596,-1.0,0.0
1303244080,10750743309,63.627022459142836,-0.6000000000000014,0.0
1303244080,2267294265,25.974507986026964,0.8999999999999986,0.8999999999999986
1303244080,2267294225,85.03252943194562,0.5,0.5
1303244080,1303244833,35.583967811866465,-1.0,0.0
1303244084,2268370402,41.55842025036156,0.20000000000000284,0.20000000000000284
1303244084,1303243700,67.51656562848542,-0.29999999999999716,0.0
1303244084,2268370400,45.062035797565784,-0.19999999999999574,0.0
1303244135,6394962485,30.217692030831014,0.0,0.0
1303244135,10738679163,92.97004296999148,-0.5,0.0
1303244135,1303244402,115.2853680678114,0.30000000000000426,0.30000000000000426
1303244135,1303246216,64.82748316358015,0.30000000000000426,0.30000000000000426
1303244149,2587513258,89.39312191238797,-1.5,0.0
1303244149,2616953970,89.49485823972553,-5.0,0.0
1303244149,2558452287,5.37405465168692,0.10000000000000142,0.10000000000000142
1303244151,1303245533,35.72671273216997,-2.6999999999999957,0.0
1303244151,1303244967,31.515686645718297,0.30000000000000426,0.30000000000000426
1303244151,1303243330,103.29509697774307,-1.1000000000000014,0.0
1303244168,1767739969,66.17378433644559,-3.3999999999999986,0.0
1303244168,7369033893,3.75808259837593,0.10000000000000142,0.10000000000000142
1303244168,1303245263,45.97727922271363,-2.0,0.0
1303244179,1767473943,44.55586736648564,-2.0999999999999943,0.0
1303244179,1303244973,49.22048003759346,2.8000000000000043,2.8000000000000043
1303244179,7368660745,98.30362362490659,4.200000000000003,4.200000000000003
1303244181,1303244183,45.9280476374172,1.8000000000000043,1.8000000000000043
1303244181,1303244001,165.51279460115018,-1.8999999999999986,0.0
1303244181,1767739953,29.838638616451647,-1.6000000000000014,0.0
1303244183,1303244181,45.9280476374172,-1.8000000000000043,0.0
1303244183,1303244001,138.50921138863433,-3.700000000000003,0.0
1303244183,4070880057,34.28708537443031,-0.20000000000000284,0.0
1303244186,1303246399,44.52856360513007,-0.8000000000000043,0.0
1303244186,1303246335,8.162835541351154,0.09999999999999432,0.09999999999999432
1303244186,7369033966,84.07198790544423,-4.400000000000006,0.0
1303244211,1303245006,38.9768260340039,2.599999999999998,2.599999999999998
1303244211,1303246044,105.43477606645381,-1.1000000000000014,0.0
1303244211,1303243904,46.22452264541082,-2.6999999999999993,0.0
1303244211,1303245698,67.32539788253483,3.8000000000000007,3.8000000000000007
1303244213,1303243660,26.52135485722757,-1.3000000000000043,0.0
1303244213,2267294203,28.37281603517538,0.29999999999999716,0.29999999999999716
1303244213,7368660625,44.5886268293153,-0.20000000000000284,0.0
1303244213,1303244833,59.75909673185517,2.299999999999997,2.299999999999997
1303244225,1303245968,32.172526730593006,0.29999999999999716,0.29999999999999716
1303244225,1303245572,59.67954123544983,-1.0,0.0
1303244225,1303245799,75.66578637637028,2.799999999999997,2.799999999999997
1303244238,1303243471,50.98367893197463,2.799999999999997,2.799999999999997
1303244238,1303244921,41.26892606162709,-2.5,0.0
1303244238,7369027665,89.8246248831019,-3.9000000000000057,0.0
1303244259,2552572584,42.18473049826991,2.3999999999999986,2.3999999999999986
1303244259,7099851936,12.18416808682264,-0.5,0.0
1303244259,1303245838,61.17391509160989,1.7000000000000028,1.7000000000000028
1303244265,7368660743,4.350502754287191,0.0,0.0
1303244265,1303243880,46.01366250180436,-1.3999999999999986,0.0
1303244265,1303245332,38.35742689163016,1.6000000000000014,1.6000000000000014
1303244266,2267294225,15.844077597638835,-0.5,0.0
1303244266,2267294265,106.74148850063946,-0.10000000000000142,0.0
1303244266,7368660636,83.12405858734037,-5.899999999999999,0.0
1303244269,2587567925,3.125888503825678,0.0,0.0
1303244269,7099851935,44.59460884587314,-1.2999999999999972,0.0
1303244269,1303243582,111.9354950410328,2.5,2.5
1303244285,1303246453,126.44671208346503,10.0,10.0
1303244285,1303245670,45.99589980697053,-0.6999999999999993,0.0
1303244285,1303245961,45.818178301568445,1.0,1.0
1303244310,1303243402,5.72439798046619,0.0,0.0
1303244310,1303245107,30.95472032152802,0.19999999999999574,0.19999999999999574
1303244310,6447935513,55.66892077337622,1.2999999999999972,1.2999999999999972
1303244310,1303244396,215.2437112853362,-2.1000000000000014,0.0
1303244324,2587513288,6.68554533941732,0.0,0.0
1303244324,2587513268,74.86796539354452,-1.6000000000000014,0.0
1303244324,2587567967,260.2083143895678,0.29999999999999716,0.29999999999999716
1303244343,7368660625,3.8210794374537502,-0.10000000000000142,0.0
1303244343,1303245243,36.34396019546991,1.7000000000000028,1.7000000000000028
1303244343,1303245332,37.28911171415583,-2.0,0.0
1303244370,7368660684,118.08267983090356,-0.6000000000000014,0.0
1303244370,7368658440,2.908554155009566,0.10000000000000142,0.10000000000000142
1303244370,1303243558,48.727714565792944,-0.5,0.0
1303244391,1303243724,30.55736693518672,2.5,2.5
1303244391,2268363053,15.434250387941598,-0.8999999999999986,0.0
1303244391,9983573435,24.40210847765618,1.2000000000000028,1.2000000000000028
1303244394,6957360464,4.48437135669926,-0.10000000000000142,0.0
1303244394,2588145189,5.533264938960893,-0.10000000000000142,0.0
1303244394,2588145184,4.781364517242318,0.19999999999999574,0.19999999999999574
1303244394,10750698995,4.459621783637997,-0.20000000000000284,0.0
1303244396,1303245396,33.7902583599609,0.3999999999999986,0.3999999999999986
1303244396,1303245968,6.2167261995070175,-0.20000000000000284,0.0
1303244396,1303244310,215.2437112853362,2.1000000000000014,2.1000000000000014
1303244396,10721114739,310.0115670729321,-3.1000000000000014,0.0
1303244398,1303244497,136.7437651207754,1.1000000000000014,1.1000000000000014
1303244398,1303245082,42.90899140137755,-3.5,0.0
1303244398,5587339790,22.452677093081064,1.4000000000000021,1.4000000000000021
1303244401,7368660692,4.098782212380599,0.0,0.0
1303244401,1303245218,63.52953361273938,-2.200000000000003,0.0
1303244401,1303243958,15.24050433614114,0.6000000000000014,0.6000000000000014
1303244402,1303245728,44.19252398381669,-3.400000000000002,0.0
1303244402,1303245431,100.16806228818619,2.6999999999999957,2.6999999999999957
1303244402,4070941295,31.317371285165233,-0.4000000000000057,0.0
1303244402,1303244135,115.2853680678114,-0.30000000000000426,0.0
1303244403,7369027660,4.044216964060062,0.0,0.0
1303244403,7366852025,4.522232679613181,0.0,0.0
1303244403,7366852026,4.0597128790018004,0.0,0.0
1303244403,1303245724,47.844505950724106,2.1999999999999957,2.1999999999999957
1303244403,1767473942,32.773989589556116,-0.20000000000000284,0.0
1303244404,2587567965,4.831533119504936,-0.09999999999999432,0.0
1303244404,2587567974,9.084892709718938,-0.09999999999999432,0.0
1303244404,2587567973,4.9399979714784195,-0.09999999999999432,0.0
1303244404,2587567967,6.028490867033151,0.10000000000000142,0.10000000000000142
1303244406,10738679163,21.506719127372044,0.19999999999999574,0.19999999999999574
1303244406,1303246216,133.5400234083575,1.0,1.0
1303244406,10736137355,50.98999590581978,-0.30000000000000426,0.0
1303244423,1303244649,21.888596957565348,-1.1000000000000014,0.0
1303244423,2268370369,14.21687418615802,0.29999999999999716,0.29999999999999716
1303244423,1303243643,120.5850734077797,-3.8000000000000007,0.0
1303244447,6957360462,3.6177035027413926,-0.09999999999999432,0.0
1303244447,10750698991,3.8266206691982383,-0.09999999999999432,0.0
1303244447,1303245173,28.750141478064698,0.20000000000000284,0.20000000000000284
1303244447,1303246059,46.51030644673486,-1.6999999999999957,0.0
1303244466,1303245961,127.28054795375328,-8.399999999999999,0.0
1303244466,1303243353,175.93323633130075,-9.599999999999998,0.0
1303244466,2268370389,6.544361112243132,0.0,0.0
1303244494,1303243492,36.15504223699887,-0.30000000000000426,0.0
1303244494,1303244001,36.23571641443215,0.29999999999999716,0.29999999999999716
1303244494,2636411764,158.15061430206057,6.5,6.5
1303244497,1484203358,29.928776547913472,1.0,1.0
1303244497,1303244398,136.7437651207754,-1.1000000000000014,0.0
1303244497,8796851737,7.94624376562709,0.0,0.0
1303244500,1303246106,74.62827247672952,-1.5,0.0
1303244500,2552572584,25.782378225119196,-1.3999999999999986,0.0
1303244500,2552572602,20.850304475826878,1.3000000000000043,1.3000000000000043
1303244551,1303244943,21.87613465983787,0.10000000000000142,0.10000000000000142
1303244551,1303245396,113.0386711272363,-4.5,0.0
1303244551,2552572600,24.760193600098617,0.10000000000000142,0.10000000000000142
1303244585,1303243857,99.26378192194038,-6.100000000000001,0.0
1303244585,1303246444,44.367245017318204,0.20000000000000284,0.20000000000000284
1303244585,1303245687,44.398628278964196,-0.7999999999999972,0.0
1303244585,1303243426,29.338270972055113,-0.10000000000000142,0.0
1303244587,1704650216,8.654280677430718,0.10000000000000142,0.10000000000000142
1303244587,2555242487,38.07458167357987,-1.6999999999999957,0.0
1303244587,2587513270,46.520707073957745,-0.6999999999999957,0.0
1303244599,6452247882,16.06310835935217,-0.3999999999999986,0.0
1303244599,1303243862,15.616168569734125,-1.0,0.0
1303244599,1303246493,113.10288217259706,3.4000000000000057,3.4000000000000057
1303244612,1303245930,34.139197597609865,0.0,0.0
1303244612,1303245665,44.72562556230986,0.7000000000000028,0.7000000000000028
1303244612,1303244649,100.59211005933997,3.6000000000000014,3.6000000000000014
1303244612,1303243311,89.9052122237114,2.0,2.0
1303244623,2574372159,30.764012517301428,-0.3999999999999986,0.0
1303244623,1303246232,26.822117664727685,0.19999999999999574,0.19999999999999574
1303244623,4070941422,5.69915337890786,0.10000000000000142,0.10000000000000142
1303244623,7369034003,147.34939728609993,-3.3000000000000043,0.0
1303244649,1303243311,38.85922073848386,-1.6000000000000014,0.0
1303244649,1303244423,21.888596957565348,1.1000000000000014,1.1000000000000014
1303244649,1303244612,100.59211005933997,-3.6000000000000014,0.0
1303244654,2564615216,6.757480769325929,-0.10000000000000142,0.0
1303244654,1303244922,42.251413215528174,-0.30000000000000426,0.0
1303244654,2587513216,66.86143194565436,0.5999999999999943,0.5999999999999943
1303244668,1303246491,47.95467209738151,-2.299999999999997,0.0
1303244668,1303245745,91.5932307311354,0.7000000000000028,0.7000000000000028
1303244668,1303244705,40.51310785983379,2.299999999999997,2.299999999999997
1303244678,1303243309,44.57760648794553,-0.10000000000000142,0.0
1303244678,1303243768,210.76667579714575,3.1000000000000014,3.1000000000000014
1303244683,10736725944,7.146408294792342,0.0,0.0
1303244683,2261866984,7.524339724237959,0.10000000000000142,0.10000000000000142
1303244683,10736725967,9.997620833865618,0.20000000000000284,0.20000000000000284
1303244683,10736725963,9.764836591548072,-0.3000000000000007,0.0
1303244705,1303244668,40.51310785983379,-2.299999999999997,0.0
1303244705,1303243302,92.3872604032538,0.4000000000000057,0.4000000000000057
1303244705,1303243326,139.6336056820829,0.10000000000000142,0.10000000000000142
1303244710,7369033966,4.417682542144956,-0.10000000000000142,0.0
1303244710,1303245512,40.19043668704746,2.5,2.5
1303244710,461630504,40.65337792583521,-1.6999999999999957,0.0
1303244716,7368660615,3.8789947296828706,-0.10000000000000142,0.0
1303244716,1303244918,101.20505987887282,-1.7999999999999972,0.0
1303244716,1303246290,85.26790823560191,2.5,2.5
1303244738,1303245792,32.671708753093405,0.3999999999999986,0.3999999999999986
1303244738,10937054770,6.900302055023134,-0.10000000000000142,0.0
1303244738,1303244967,93.91909576111915,7.100000000000001,7.100000000000001
1303244792,2558496348,2.6737403746333053,0.0,0.0
1303244792,1704650185,114.40563671928574,-4.799999999999997,0.0
1303244792,1303243746,73.58433620705998,2.200000000000003,2.200000000000003
1303244820,1303243668,29.76022926281065,1.0,1.0
1303244820,1303245396,35.7607735709893,-1.8999999999999986,0.0
1303244820,1303245892,108.78734103375757,1.2000000000000028,1.2000000000000028
1303244820,1303244943,129.6194231243181,2.700000000000003,2.700000000000003
1303244833,7368660627,65.14321039951135,-0.6999999999999957,0.0
1303244833,1303244213,59.75909673185517,-2.299999999999997,0.0
1303244833,1303244080,35.583967811866465,1.0,1.0
1303244867,7369033954,2.872745873850507,-0.09999999999999432,0.0
1303244867,3730545051,16.135993594505823,0.4000000000000057,0.4000000000000057
1303244867,461630506,45.267554622263376,-0.8999999999999986,0.0
1303244900,3731552689,112.9073922864973,0.3999999999999986,0.3999999999999986
1303244900,1303243874,112.49957330110689,-7.100000000000001,0.0
1303244900,3803655172,175.97784459611148,7.400000000000002,7.400000000000002
1303244915,2136811387,53.69499006751057,3.6000000000000014,3.6000000000000014
1303244915,10794673132,33.13782658717834,-1.3999999999999986,0.0
1303244915,2136813056,119.2195248734197,-2.4999999999999964,0.0
1303244918,7368660612,4.035691219126981,0.0,0.0
1303244918,1767727210,213.41510397096766,-10.600000000000001,0.0
1303244918,1303244716,101.20505987887282,1.7999999999999972,1.7999999999999972
1303244919,7366852029,7.972444369138966,-0.20000000000000284,0.0
1303244919,7366852034,6.350312610706133,0.09999999999999432,0.09999999999999432
1303244919,7366852027,4.3696406639361545,0.09999999999999432,0.09999999999999432
1303244919,2187246674,9.04287087346051,-0.20000000000000284,0.0
1303244921,1303244238,41.26892606162709,2.5,2.5
1303244921,7369027660,111.62528048045198,-3.6000000000000014,0.0
1303244921,1767739953,29.510022734090146,0.09999999999999432,0.09999999999999432
1303244922,2587513239,6.619096209496486,0.0,0.0
1303244922,1303244654,42.251413215528174,0.30000000000000426,0.30000000000000426
1303244922,2587513255,39.985977192612275,1.5,1.5
1303244943,1303245251,30.25205875040375,0.3999999999999986,0.3999999999999986
1303244943,1303244551,21.87613465983787,-0.10000000000000142,0.0
1303244943,1303244820,129.6194231243181,-2.700000000000003,0.0
1303244958,1303243664,43.54953971277182,-1.8000000000000043,0.0
1303244958,7368660643,85.31890160473763,-4.200000000000003,0.0
1303244958,2267294297,106.96658786080584,-0.5,0.0
1303244967,2139644691,30.312191318233698,0.29999999999999716,0.29999999999999716
1303244967,1303244151,31.515686645718297,-0.30000000000000426,0.0
1303244967,1303244738,93.91909576111915,-7.100000000000001,0.0
1303244967,1303245687,132.7279819077937,-0.10000000000000142,0.0
1303244973,2574341576,5.910320491803428,0.10000000000000142,0.10000000000000142
1303244973,1303244179,49.22048003759346,-2.8000000000000043,0.0
1303244973,2574341570,41.77430834732867,0.0,0.0
1303244983,10750646698,10.298064464893136,0.5,0.5
1303244983,7368660636,3.6267408916502006,0.0,0.0
1303244983,1303246278,59.32443759057293,-1.8999999999999986,0.0
1303244989,1303245823,93.04199462408116,-2.6000000000000014,0.0
1303244989,10803910263,2.129743843845855,0.0,0.0
1303244989,1767739956,22.123669757191205,-0.30000000000000426,0.0
1303245004,2636411764,27.95999442099535,-0.6999999999999957,0.0
1303245004,1303243492,157.12112515034931,-7.5,0.0
1303245004,6027198639,9.952747074053043,0.20000000000000284,0.20000000000000284
1303245006,1303246235,97.86361223058944,-3.5,0.0
1303245006,1303244211,38.9768260340039,-2.599999999999998,0.0
1303245006,1303243470,22.210600568297764,1.3999999999999986,1.3999999999999986
1303245016,7369033934,3.171730759616803,0.10000000000000142,0.10000000000000142
1303245016,1303246091,46.619078347694106,-1.9000000000000021,0.0
1303245016,1303245823,42.874061590993605,2.0,2.0
1303245082,1303243768,84.02883155762588,2.700000000000003,2.700000000000003
1303245082,1303244398,42.90899140137755,3.5,3.5
1303245082,8796851734,132.10508779570418,-1.3999999999999986,0.0
1303245082,2039372133,57.60489276574069,-4.399999999999999,0.0
1303245099,1303246399,7.731686266644367,0.29999999999999716,0.29999999999999716
1303245099,7369033954,88.83382171974542,-5.399999999999999,0.0
1303245099,7369033959,37.87273134909829,-1.3000000000000043,0.0
1303245107,1303245344,44.1571847302457,0.6000000000000014,0.6000000000000014
1303245107,1303246155,51.03667974283341,1.5,1.5
1303245107,1303246155,228.85881193628586,1.5,1.5
1303245107,1303244310,30.95472032152802,-0.19999999999999574,0.0
1303245121,7369034002,4.9361449393014665,0.0,0.0
1303245121,1303246072,52.30119500751289,-2.3000000000000043,0.0
1303245121,1303245510,36.177583401366775,1.3999999999999986,1.3999999999999986
1303245173,6957360458,4.262581642142572,-0.10000000000000142,0.0
1303245173,10750698995,44.64547139783799,1.5,1.5
1303245173,1303244447,28.750141478064698,-0.20000000000000284,0.0
1303245196,1303243302,6.437625420931702,0.0,0.0
1303245196,1303245475,38.13937274437809,-2.0,0.0
1303245196,1303243470,89.02853382090242,-2.9000000000000057,0.0
1303245215,1303246028,50.69518884667195,-2.5999999999999943,0.0
1303245215,2574341576,24.124308596175158,-0.09999999999999432,0.0
1303245215,2588145189,133.5460079321248,-3.6999999999999957,0.0
1303245218,7368660689,2.9050376306912895,-0.10000000000000142,0.0
1303245218,1303244401,63.52953361273938,2.200000000000003,2.200000000000003
1303245218,1303246008,47.68216784277406,-1.6999999999999957,0.0
1303245219,2267294297,5.656008074609144,0.10000000000000142,0.10000000000000142
1303245219,2267294305,28.282915687373375,-3.299999999999997,0.0
1303245219,1303243664,69.01347318996194,-1.2000000000000028,0.0
1303245243,7368660627,3.8025908300717575,0.0,0.0
1303245243,1303246397,35.18181722582675,1.1999999999999957,1.1999999999999957
1303245243,1303244343,36.34396019546991,-1.7000000000000028,0.0
1303245251,1303244943,30.25205875040375,-0.3999999999999986,0.0
1303245251,1303243330,165.82862412340276,-1.6000000000000014,0.0
1303245251,1303243700,118.15875140670528,-1.8999999999999986,0.0
1303245263,1303244168,45.97727922271363,2.0,2.0
1303245263,1303245275,108.92566784218606,-4.599999999999998,0.0
1303245263,3731572078,25.480153826566216,-1.2999999999999972,0.0
1303245267,7369034006,40.37388423549901,-1.8999999999999986,0.0
1303245267,1303246265,114.82884720379143,-5.399999999999999,0.0
1303245267,2643543079,29.86452893384046,0.7999999999999972,0.7999999999999972
1303245275,1303245263,108.92566784218606,4.599999999999998,4.599999999999998
1303245275,7369033928,3.389098557037094,-0.10000000000000142,0.0
1303245275,7369033918,25.40272737148122,-0.40000000000000213,0.0
1303245275,1303246091,47.18370343021925,1.8999999999999986,1.8999999999999986
1303245317,1303245892,30.216778841571767,-0.20000000000000284,0.0
1303245317,10730038655,12.763938132802457,0.09999999999999432,0.09999999999999432
1303245317,6452250094,51.16533236292495,0.5,0.5
1303245332,7368660623,3.2229615811327967,0.0,0.0
1303245332,1303244343,37.28911171415583,2.0,2.0
1303245332,1303244265,38.35742689163016,-1.6000000000000014,0.0
1303245344,6447785885,134.87588309922697,3.3999999999999986,3.3999999999999986
1303245344,1303245107,44.1571847302457,-0.6000000000000014,0.0
1303245344,6447935512,15.37279591689681,-0.3999999999999986,0.0
1303245354,1303243426,95.88566690323323,6.899999999999999,6.899999999999999
1303245354,1303245792,30.353689245859478,-0.3999999999999986,0.0
1303245354,10937054768,6.06728861473167,0.10000000000000142,0.10000000000000142
1303245396,1303244820,35.7607735709893,1.8999999999999986,1.8999999999999986
1303245396,1303244396,33.7902583599609,-0.3999999999999986,0.0
1303245396,1303244551,113.0386711272363,4.5,4.5
1303245396,1303245405,106.19177042522503,2.5,2.5
1303245405,1303245892,29.153258127062706,0.6000000000000014,0.6000000000000014
1303245405,1303245396,106.19177042522502,-2.5,0.0
1303245405,1303246213,47.35816506470359,-1.0,0.0
1303245431,1303243470,43.861295679803035,-1.6000000000000014,0.0
1303245431,1303244402,100.16806228818619,-2.6999999999999957,0.0
1303245431,1303243326,67.47964628080321,1.0,1.0
1303245434,1303246278,43.749225698319655,1.7000000000000028,1.7000000000000028
1303245434,7368660643,3.5403874653007716,0.0,0.0
1303245434,7368660650,3.190252511784643,-0.10000000000000142,0.0
1303245434,1303245980,34.349041965350374,-2.299999999999997,0.0
1303245451,10794673123,4.931754683669409,0.3000000000000007,0.3000000000000007
1303245451,2268370369,20.875779992875668,-1.3000000000000007,0.0
1303245451,10794673132,112.87897085433178,2.6999999999999993,2.6999999999999993
1303245475,1303245698,21.79021005486731,-1.1000000000000014,0.0
1303245475,1303245196,38.13937274437809,2.0,2.0
1303245475,10736725995,4.046024678144908,0.0,0.0
1303245510,7369034006,4.112496475387239,0.0,0.0
1303245510,1303246463,28.863192514372717,1.2999999999999972,1.2999999999999972
1303245510,1303245121,36.177583401366775,-1.3999999999999986,0.0
1303245512,7369033963,4.23255466936694,0.0,0.0
1303245512,1303244710,40.19043668704746,-2.5,0.0
1303245512,1303243752,73.33863885516338,-0.6000000000000014,0.0
1303245533,1303244151,35.72671273216997,2.6999999999999957,2.6999999999999957
1303245533,1303243724,33.384490284161764,-2.9000000000000057,0.0
1303245533,1303243765,94.92641287812772,0.5,0.5
1303245549,3731644111,67.62578937974783,-3.8999999999999986,0.0
1303245549,7369033927,37.33854576712575,-0.6999999999999957,0.0
1303245549,1303244009,71.03346611829602,0.8000000000000043,0.8000000000000043
1303245572,1303243541,71.78052150785123,2.8999999999999986,2.8999999999999986
1303245572,1303244225,59.67954123544983,1.0,1.0
1303245572,1786152730,51.00777341743424,-0.5,0.0
1303245638,7369033978,2.633994623816877,0.0,0.0
1303245638,1303243747,46.74973524502062,-0.19999999999999574,0.0
1303245638,7369033980,50.845032152062466,0.5,0.5
1303245665,1303243670,33.61830079382025,1.5999999999999979,1.5999999999999979
1303245665,1303244612,44.72562556230986,-0.7000000000000028,0.0
1303245665,1303245831,79.06555970292926,1.0999999999999979,1.0999999999999979
1303245670,1484203354,32.75078418332023,-1.0,0.0
1303245670,1303244285,45.99589980697053,0.6999999999999993,0.6999999999999993
1303245670,1303246453,174.12816064862005,10.7,10.7
1303245687,1303246155,42.92871454416334,-1.3000000000000043,0.0
1303245687,1303244585,44.398628278964196,0.7999999999999972,0.7999999999999972
1303245687,1303244967,132.7279819077937,0.10000000000000142,0.10000000000000142
1303245697,7368660684,3.418316533733659,-0.10000000000000142,0.0
1303245697,2162438537,18.09527949325623,-0.7000000000000028,0.0
1303245697,1303246008,22.23748400732494,0.7000000000000028,0.7000000000000028
1303245698,1303246207,46.283594724518295,-2.5,0.0
1303245698,1303245475,21.79021005486731,1.1000000000000014,1.1000000000000014
1303245698,1303244211,67.32539788253483,-3.8000000000000007,0.0
1303245715,1303243421,37.52282894340244,0.5,0.5
1303245715,10709340457,47.69403900088409,-0.29999999999999893,0.0
1303245724,7369027666,3.51245905826621,0.0,0.0
1303245724,7369027665,4.24800619563816,0.0,0.0
1303245724,1303245763,45.97314846378287,2.9000000000000057,2.9000000000000057
1303245724,1303244403,47.844505950724106,-2.1999999999999957,0.0
1303245728,1303244402,44.19252398381669,3.400000000000002,3.400000000000002
1303245728,1303243470,99.48608513413406,4.4999999999999964,4.4999999999999964
1303245728,1303246235,67.11207920218979,-0.40000000000000213,0.0
1303245745,1303244668,91.5932307311354,-0.7000000000000028,0.0
1303245745,10736725995,4.065579341891474,0.0,0.0
1303245745,1303246491,136.50151226830945,-3.0,0.0
1303245763,7369027662,4.615669338776032,0.0,0.0
1303245763,1303246238,28.8962516756449,1.8999999999999986,1.8999999999999986
1303245763,1303245724,45.97314846378287,-2.9000000000000057,0.0
1303245792,1303245354,30.353689245859478,0.3999999999999986,0.3999999999999986
1303245792,1303244738,32.671708753093405,-0.3999999999999986,0.0
1303245792,2139644691,95.00460085332088,7.0,7.0
1303245792,10937054769,6.363088174930566,0.0,0.0
1303245797,1303243513,56.841287382070504,2.9000000000000004,2.9000000000000004
1303245797,10709340461,46.962469514521864,0.40000000000000036,0.40000000000000036
1303245799,1303243541,41.86476122209791,-0.8999999999999986,0.0
1303245799,1303244225,75.66578637637028,-2.799999999999997,0.0
1303245799,2552572602,27.53077355646061,2.3000000000000043,2.3000000000000043
1303245801,1303243337,94.28895553985562,3.1000000000000014,3.1000000000000014
1303245801,6957360461,45.199629621993125,1.7000000000000028,1.7000000000000028
1303245801,7369027666,96.06618952611693,-6.100000000000001,0.0
1303245814,7099851945,6.517962748144219,0.0,0.0
1303245814,7099851992,28.185895166493076,-0.10000000000000142,0.0
1303245814,2636411690,32.519068227345684,-0.20000000000000284,0.0
1303245823,1303244989,93.04199462408116,2.6000000000000014,2.6000000000000014
1303245823,7369033937,3.9009137542200425,-0.10000000000000142,0.0
1303245823,1303245016,42.874061590993605,-2.0,0.0
1303245823,461630507,32.94524524934044,1.2999999999999972,1.2999999999999972
1303245831,10908360099,22.56794273261982,3.900000000000002,3.900000000000002
1303245831,1303245665,79.06555970292925,-1.0999999999999979,0.0
1303245831,1303243311,24.753667686620055,0.1999999999999993,0.1999999999999993
1303245838,1303244259,61.17391509160989,-1.7000000000000028,0.0
1303245838,1303246106,31.992726376928402,0.5999999999999943,0.5999999999999943
1303245838,5406585811,12.780611099941902,-0.4000000000000057,0.0
1303245847,6452310955,26.715323229703575,0.7000000000000028,0.7000000000000028
1303245847,6437963396,33.20131258546236,-1.3999999999999986,0.0
1303245847,6452310945,71.40584480496003,4.200000000000003,4.200000000000003
1303245892,1303245405,29.153258127062706,-0.6000000000000014,0.0
1303245892,1303245317,30.216778841571767,0.20000000000000284,0.20000000000000284
1303245892,1303244820,108.78734103375757,-1.2000000000000028,0.0
1303245898,7368660615,39.57632539447066,-1.0,0.0
1303245898,7368660612,139.58627162099677,-2.6999999999999957,0.0
1303245898,7368660618,115.99727108897198,1.5,1.5
1303245928,2187246625,25.186427887375807,-0.29999999999999716,0.0
1303245928,6407480811,2.791169541168596,0.0,0.0
1303245928,2267294286,85.08720502522608,-1.5,0.0
1303245930,1303243643,39.125592280759875,0.9000000000000021,0.9000000000000021
1303245930,1303243670,38.205991329103284,2.3000000000000007,2.3000000000000007
1303245930,2136813766,24.89740825289739,-1.0999999999999979,0.0
1303245930,1303244612,34.139197597609865,0.0,0.0
1303245942,5228128339,21.786576845592126,0.3999999999999986,0.3999999999999986
1303245942,1303243680,24.92005544258551,-0.10000000000000142,0.0
1303245942,7099852004,31.484685488258037,-0.10000000000000142,0.0
1303245961,1303244466,127.28054795375328,8.399999999999999,8.399999999999999
1303245961,1303244285,45.818178301568445,-1.0,0.0
1303245961,1303243353,45.86274953947371,-1.1999999999999993,0.0
1303245968,1303244396,6.2167261995070175,0.20000000000000284,0.20000000000000284
1303245968,1303244225,32.172526730593006,-0.29999999999999716,0.0
1303245968,1704577721,166.5258052758047,-1.5,0.0
1303245968,1303243402,212.50313313249464,2.3000000000000043,2.3000000000000043
1303245980,7368660647,2.9051379484933944,0.0,0.0
1303245980,7368660750,35.70962377946233,-1.3000000000000043,0.0
1303245980,1303245434,34.349041965350374,2.299999999999997,2.299999999999997
1303246004,8796851734,36.99577588244038,3.0,3.0
1303246004,1303243513,54.94938232298685,-1.0,0.0
1303246004,1303243421,114.45074601837486,-2.3000000000000007,0.0
1303246008,7368660682,6.769257968676971,0.0,0.0
1303246008,1303245697,22.23748400732494,-0.7000000000000028,0.0
1303246008,1303245218,47.68216784277405,1.6999999999999957,1.6999999999999957
1303246009,2587513258,8.255354550683744,0.0,0.0
1303246009,2587513268,8.765242569339069,0.10000000000000142,0.10000000000000142
1303246009,2587513255,5.8647828405053755,0.0,0.0
1303246020,1303246240,51.331697405020456,0.1999999999999993,0.1999999999999993
1303246028,1303245215,50.69518884667195,2.5999999999999943,2.5999999999999943
1303246028,1303243645,34.94808186331992,-2.3000000000000043,0.0
1303246028,6957360458,99.79098656667045,-2.8000000000000043,0.0
1303246044,1303244211,105.43477606645381,1.1000000000000014,1.1000000000000014
1303246044,1303246235,41.02403803197931,0.1999999999999993,0.1999999999999993
1303246044,1303243904,161.3531869786116,-1.5999999999999979,0.0
1303246046,1303246079,37.480989595345136,-0.7000000000000028,0.0
1303246046,2587567965,43.58124780277613,0.0,0.0
1303246046,10742965994,25.454021196042486,-0.10000000000000142,0.0
1303246046,10732935709,58.95011279248605,1.0999999999999943,1.0999999999999943
1303246048,7369033972,1.5285443111805157,0.0,0.0
1303246048,7369034001,43.238877128307784,-0.09999999999999432,0.0
1303246048,1303243747,47.110613441348924,0.30000000000000426,0.30000000000000426
1303246059,6957360463,3.9498332540261214,0.10000000000000142,0.10000000000000142
1303246059,1303244447,46.51030644673486,1.6999999999999957,1.6999999999999957
1303246059,1303246234,47.417957830727836,-2.8999999999999986,0.0
1303246072,7369034003,3.667548325240982,-0.10000000000000142,0.0
1303246072,7369034012,4.836227616186634,-0.10000000000000142,0.0
1303246072,7369034000,31.305776129175662,-0.7999999999999972,0.0
1303246072,1303245121,52.30119500751289,2.3000000000000043,2.3000000000000043
1303246079,10732935708,59.10872350439433,0.3999999999999986,0.3999999999999986
1303246079,1303246046,37.480989595345136,0.7000000000000028,0.7000000000000028
1303246079,2555242407,29.836781766241636,-0.29999999999999716,0.0
1303246091,1767739969,37.72594407085404,1.3000000000000007,1.3000000000000007
1303246091,7369033931,3.642774955073155,-0.09999999999999787,0.0
1303246091,1303245275,47.18370343021925,-1.8999999999999986,0.0
1303246091,1303245016,46.619078347694106,1.9000000000000021,1.9000000000000021
1303246100,1303243610,12.181855229464713,-0.20000000000000284,0.0
1303246100,7369033927,7.7409548958788195,0.10000000000000142,0.10000000000000142
1303246100,3731644112,67.07511822136229,-3.200000000000003,0.0
1303246106,1303244500,74.62827247672952,1.5,1.5
1303246106,1303245838,31.992726376928402,-0.5999999999999943,0.0
1303246106,1303243402,29.754532827911955,0.30000000000000426,0.30000000000000426
1303246117,6447149351,2.4516795330713363,-0.10000000000000142,0.0
1303246117,6452310936,28.063455425706355,0.5,0.5
1303246117,6452310967,22.641482349646843,0.30000000000000426,0.30000000000000426
1303246134,1303246413,17.80616935129946,-0.6999999999999957,0.0
1303246134,1303243568,13.832162740719196,0.0,0.0
1303246134,1303243610,39.22790673980858,2.5,2.5
1303246155,1303245107,51.03667974283341,-1.5,0.0
1303246155,1303245107,228.85881193628586,-1.5,0.0
1303246155,1303245687,42.92871454416334,1.3000000000000043,1.3000000000000043
1303246207,1303243904,65.87504528258455,-4.0,0.0
1303246207,1303245698,46.283594724518295,2.5,2.5
1303246207,10736725993,23.507766879520638,1.8999999999999986,1.8999999999999986
1303246213,9983573484,9.209605404935466,-0.3999999999999986,0.0
1303246213,4070941403,78.26407300871513,-0.10000000000000142,0.0
1303246213,1303245405,47.35816506470359,1.0,1.0
1303246213,6452250094,58.49579931178216,2.3000000000000043,2.3000000000000043
1303246213,9983573486,30.95975040530041,-3.1000000000000014,0.0
1303246216,1303246240,52.16643607099883,-3.700000000000003,0.0
1303246216,1303244406,133.5400234083575,-1.0,0.0
1303246216,1303244135,64.82748316358015,-0.30000000000000426,0.0
1303246232,1303244623,26.822117664727685,-0.19999999999999574,0.0
1303246232,7369033984,5.043280384624933,0.0,0.0
1303246232,2574372170,42.92627552443686,1.5,1.5
1303246232,2245132953,9.913297938388272,0.0,0.0
1303246234,6957360460,4.236186315212644,-0.10000000000000142,0.0
1303246234,6957360461,4.189766194315917,-0.10000000000000142,0.0
1303246234,1303246059,47.417957830727836,2.8999999999999986,2.8999999999999986
1303246234,1303246238,49.5214138246677,-3.1000000000000014,0.0
1303246235,1303245006,97.86361223058944,3.5,3.5
1303246235,1303246044,41.02403803197931,-0.1999999999999993,0.0
1303246235,1303245728,67.11207920218979,0.40000000000000213,0.40000000000000213
1303246238,7369027664,3.9963662564971116,-0.10000000000000142,0.0
1303246238,1303246234,49.5214138246677,3.1000000000000014,3.1000000000000014
1303246238,1303245763,28.8962516756449,-1.8999999999999986,0.0
1303246240,1303246216,52.16643607099883,3.700000000000003,3.700000000000003
1303246240,1303246020,51.331697405020456,-0.1999999999999993,0.0
1303246251,4070941321,25.792277381014973,-0.6000000000000014,0.0
1303246251,3803655172,74.01053319150931,1.2000000000000028,1.2000000000000028
1303246251,10736725999,23.9220822545821,0.10000000000000142,0.10000000000000142
1303246265,7369034012,33.3312118875288,-0.30000000000000426,0.0
1303246265,1303243492,36.09846001557302,0.29999999999999716,0.29999999999999716
1303246265,1303245267,114.82884720379143,5.399999999999999,5.399999999999999
1303246278,1303245434,43.749225698319655,-1.7000000000000028,0.0
1303246278,7368660640,3.6284323760833255,0.0,0.0
1303246278,1303244983,59.32443759057293,1.8999999999999986,1.8999999999999986
1303246290,7368660618,4.674950099343088,-0.10000000000000142,0.0
1303246290,7099851935,5.354190657935993,0.10000000000000142,0.10000000000000142
1303246290,1303244716,85.26790823560191,-2.5,0.0
1303246306,7369033945,3.0607692071624464,0.0,0.0
1303246306,3730545045,28.860495932835807,0.10000000000000142,0.10000000000000142
1303246306,1303243761,45.02352040457405,-1.3999999999999986,0.0
1303246335,7369033951,85.29119065034143,-5.299999999999997,0.0
1303246335,1303244186,8.162835541351154,-0.09999999999999432,0.0
1303246335,1303244036,48.102808483226596,1.0,1.0
1303246369,2616953970,5.209186684043979,0.0,0.0
1303246369,1303243582,28.9691476586989,-0.5,0.0
1303246369,2587513239,56.58832537286966,2.0,2.0
1303246397,10750743309,3.977792856617169,-0.10000000000000142,0.0
1303246397,10750743308,4.189251490264351,0.10000000000000142,0.10000000000000142
1303246397,1303245243,35.18181722582675,-1.1999999999999957,0.0
1303246397,10750646698,158.7828752770457,-3.8999999999999986,0.0
1303246399,1303244186,44.52856360513007,0.8000000000000043,0.8000000000000043
1303246399,1303245099,7.731686266644367,-0.29999999999999716,0.0
1303246399,7369033963,56.78193590357098,-1.0,0.0
1303246413,7369033931,100.44905719133425,-5.0,0.0
1303246413,1303246134,17.80616935129946,0.6999999999999957,0.6999999999999957
1303246413,3730550104,47.55463321608742,-1.2000000000000028,0.0
1303246427,7368660740,80.56436015876206,-3.5,0.0
1303246427,6452310342,7.830885481969212,1.8999999999999986,1.8999999999999986
1303246427,7368660742,120.07612144055466,-5.200000000000003,0.0
1303246444,1303244585,44.367245017318204,-0.20000000000000284,0.0
1303246444,6447785885,3.363455706297635,0.19999999999999574,0.19999999999999574
1303246444,2268363060,106.87860466865288,-4.300000000000004,0.0
1303246453,1303244285,126.44671208346503,-10.0,0.0
1303246453,2268370385,8.53266720123129,0.0,0.0
1303246453,1303245670,174.12816064862005,-10.7,0.0
1303246463,1303245510,28.863192514372717,-1.2999999999999972,0.0
1303246463,1303243928,29.00580044209799,1.2000000000000028,1.2000000000000028
1303246463,4070941412,3.6020849394104415,-0.10000000000000142,0.0
1303246463,7368660680,4.1733666793689785,0.0,0.0
1303246491,1303244668,47.95467209738151,2.299999999999997,2.299999999999997
1303246491,1303245745,136.50151226830945,3.0,3.0
1303246491,10736725965,28.325754707571168,-0.20000000000000284,0.0
1303246493,6452247878,11.260013970438406,0.09999999999999432,0.09999999999999432
1303246493,6452126443,43.14964076001956,-7.200000000000003,0.0
1303246493,1303244599,113.10288217259706,-3.4000000000000057,0.0
1303307793,7099852026,5.34844928820189,0.0,0.0
1303307793,7099852025,77.74456099718806,0.5,0.5
1303307793,7099852102,76.10522425904422,-0.6999999999999993,0.0
1303307985,7099851971,7.790677569906191,0.0,0.0
1303307985,7099852019,35.592562876891556,0.40000000000000213,0.40000000000000213
1303307985,1303309324,47.21885041582847,-0.5,0.0
1303309070,7099852017,15.924476623868928,0.20000000000000284,0.20000000000000284
1303309070,7099852019,25.058079072901304,-0.09999999999999787,0.0
1303309070,7099852019,21.69590494384719,-0.09999999999999787,0.0
1303309324,7099851976,7.152637289117599,0.0,0.0
1303309324,1303307985,47.21885041582847,0.5,0.5
1303309324,7099852025,57.563422142462,-0.5,0.0
1457663906,1303151172,31.040474101220642,-1.5999999999999943,0.0
1457663906,1302822187,70.79872518402672,4.400000000000006,4.400000000000006
1457663906,1302822664,98.7427022991046,-1.4000000000000057,0.0
1457663906,2598709705,25.214515019268447,-1.5999999999999943,0.0
1471065423,1302821559,6.512546317895629,-0.5,0.0
1471065423,1471065425,29.205314892651952,1.2999999999999972,1.2999999999999972
1471065423,13076852505,115.69209640235896,7.399999999999999,7.399999999999999
1471065425,1471065423,29.205314892651952,-1.2999999999999972,0.0
1471065425,9269014803,13.916487367961997,0.10000000000000142,0.10000000000000142
1471065425,9269014804,11.593092589484701,0.10000000000000142,0.10000000000000142
1471065529,9269072332,53.889848608846165,-5.200000000000003,0.0
1471065529,9269072328,19.970367363931317,1.5,1.5
1471065529,1471065594,49.74357753245717,3.299999999999997,3.299999999999997
1471065529,1302822609,118.09261285667482,-1.1000000000000014,0.0
1471065539,1302823040,8.301469976349251,-0.3999999999999986,0.0
1471065539,2187247159,48.63847468621642,1.5,1.5
1471065539,2187247099,26.232607723391254,-0.3999999999999986,0.0
1471065594,1471065529,49.74357753245717,-3.299999999999997,0.0
1471065594,2187247159,74.17997816281805,2.700000000000003,2.700000000000003
1471065594,1302821823,51.73042898099818,-1.0,0.0
1471299551,4019720180,37.255356641241626,-0.3999999999999986,0.0
1471299551,1302821170,62.16769928879792,-0.3000000000000007,0.0
1471299551,1302823149,37.61393351591078,-0.09999999999999787,0.0
1484203223,2139630239,93.1422196975373,0.3999999999999986,0.3999999999999986
1484203279,10732733202,12.770545643091717,-0.3999999999999986,0.0
1484203279,1484203310,51.91043194184155,-0.7999999999999989,0.0
1484203279,1484203297,43.97715072286373,0.40000000000000213,0.40000000000000213
1484203297,1484203279,43.97715072286373,-0.40000000000000213,0.0
1484203297,1484203328,55.805240545729845,-0.40000000000000213,0.0
1484203297,2134826851,182.37975222977872,-0.9000000000000021,0.0
1484203297,13064972911,113.06963582472443,-1.6000000000000014,0.0
1484203310,2268359407,71.08504101263223,0.6999999999999993,0.6999999999999993
1484203310,1484203279,51.91043194184155,0.7999999999999989,0.7999999999999989
1484203310,1484203409,190.00178948731158,0.29999999999999893,0.29999999999999893
1484203328,2267877234,10.67043425612348,0.10000000000000142,0.10000000000000142
1484203328,1484203297,55.805240545729845,0.40000000000000213,0.40000000000000213
1484203328,2267877235,58.06454641348962,0.3000000000000007,0.3000000000000007
1484203354,1484203358,137.3346825849723,0.1999999999999993,0.1999999999999993
1484203354,5587339790,8.033881854357805,-0.5,0.0
1484203354,1303245670,32.75078418332023,1.0,1.0
1484203358,1303243353,33.479128084702694,1.3000000000000007,1.3000000000000007
1484203358,1303244497,29.928776547913472,-1.0,0.0
1484203358,1484203354,137.3346825849723,-0.1999999999999993,0.0
1484203372,2136813367,26.270069150362644,0.29999999999999716,0.29999999999999716
1484203372,1484203377,14.09695047369277,0.0,0.0
1484203372,2136813369,74.59595303530467,-0.7000000000000028,0.0
1484203377,10732732933,27.633968376489623,-1.4000000000000021,0.0
1484203377,1484203372,14.09695047369277,0.0,0.0
1484203377,739479974,111.2918049131541,0.5,0.5
1484203389,1484203446,151.55741455849494,0.1999999999999993,0.1999999999999993
1484203389,6394408457,108.27954653598003,-0.3999999999999986,0.0
1484203389,2267373260,20.56375028133304,0.0,0.0
1484203409,1484203310,190.00178948731156,-0.29999999999999893,0.0
1484203409,1484203420,67.48526778082504,0.20000000000000107,0.20000000000000107
1484203409,739479974,106.39600834139563,4.400000000000002,4.400000000000002
1484203420,2268359417,99.27822642229707,4.6,4.6
1484203420,1484203409,67.48526778082504,-0.20000000000000107,0.0
1484203420,1484203457,64.73835289936038,1.4999999999999982,1.4999999999999982
1484203446,1484203389,151.55741455849494,-0.1999999999999993,0.0
1484203446,1484203457,32.86296470530663,0.1999999999999993,0.1999999999999993
1484203446,1484203477,120.80891520969801,-1.0999999999999996,0.0
1484203446,2134826851,137.09947519869817,-1.5,0.0
1484203457,1484203446,32.86296470530663,-0.1999999999999993,0.0
1484203457,1484203420,64.73835289936038,-1.4999999999999982,0.0
1484203457,1484203488,121.12446703050486,-1.0999999999999979,0.0
1484203457,1484203486,82.10411649468318,2.8000000000000007,2.8000000000000007
1484203477,1484203446,120.80891520969803,1.0999999999999996,1.0999999999999996
1484203486,1484203492,37.00486594315096,-0.1999999999999993,0.0
1484203486,5406585782,9.179104367391993,0.0,0.0
1484203486,1484203554,156.0001658406243,7.300000000000001,7.300000000000001
1484203486,1484203457,82.10411649468318,-2.8000000000000007,0.0
1484203488,1484203528,88.14728129587176,3.3999999999999986,3.3999999999999986
1484203488,1484203457,121.12446703050487,1.0999999999999979,1.0999999999999979
1484203492,1484203501,28.212075114633162,-0.10000000000000142,0.0
1484203492,1484203486,37.00486594315096,0.1999999999999993,0.1999999999999993
1484203492,1484203529,63.3184325274822,4.5,4.5
1484203501,1484203539,54.532704033725125,3.400000000000002,3.400000000000002
1484203501,2139658051,37.91940071591321,-0.09999999999999787,0.0
1484203501,1484203492,28.212075114633162,0.10000000000000142,0.10000000000000142
1484203528,1484203488,88.14728129587176,-3.3999999999999986,0.0
1484203528,1484203559,82.62033914617487,0.0,0.0
1484203528,2139658051,17.369416274201587,0.10000000000000142,0.10000000000000142
1484203529,1484203554,40.77013117313708,3.0,3.0
1484203529,1484203539,22.16637240651772,-1.1999999999999993,0.0
1484203529,1484203492,63.3184325274822,-4.5,0.0
1484203539,1484203501,54.532704033725125,-3.400000000000002,0.0
1484203539,1484203542,28.892187096556796,-1.3000000000000007,0.0
1484203539,1484203529,22.16637240651772,1.1999999999999993,1.1999999999999993
1484203542,1484203583,124.96325683129298,-1.3000000000000007,0.0
1484203542,1484203539,28.892187096556796,1.3000000000000007,1.3000000000000007
1484203542,2139658051,48.41476595686223,-2.1999999999999993,0.0
1484203542,1484203567,35.108718453700476,4.100000000000001,4.100000000000001
1484203554,1484203529,40.77013117313708,-3.0,0.0
1484203554,1484203567,39.0243714802451,-1.3999999999999986,0.0
1484203554,1484203486,156.0001658406243,-7.300000000000001,0.0
1484203559,1484203528,82.62033914617487,0.0,0.0
1484203559,1484203583,50.355690858318354,1.0,1.0
1484203559,1484203572,50.32924908929833,0.0,0.0
1484203567,10737093414,18.107994612336984,0.1999999999999993,0.1999999999999993
1484203567,1484203554,39.0243714802451,1.3999999999999986,1.3999999999999986
1484203567,1484203542,35.108718453700476,-4.100000000000001,0.0
1484203572,1484203608,63.08796844412104,2.400000000000002,2.400000000000002
1484203572,1484203559,50.32924908929833,0.0,0.0
1484203583,1484203542,124.96325683129298,1.3000000000000007,1.3000000000000007
1484203583,1484203628,82.55124344123317,3.0,3.0
1484203583,1484203559,50.355690858318354,-1.0,0.0
1484203608,1484203631,56.2487174484213,1.7999999999999972,1.7999999999999972
1484203608,1484203572,63.08796844412104,-2.400000000000002,0.0
1484203628,1484203631,20.986683015459477,0.1999999999999993,0.1999999999999993
1484203628,1484203634,14.72302622148962,0.3000000000000007,0.3000000000000007
1484203628,1484203583,82.55124344123317,-3.0,0.0
1484203631,1484203628,20.986683015459477,-0.1999999999999993,0.0
1484203631,2039387112,13.806599314715212,0.40000000000000213,0.40000000000000213
1484203631,1484203608,56.2487174484213,-1.7999999999999972,0.0
1484203634,1484203628,14.72302622148962,-0.3000000000000007,0.0
1484203634,1484203703,108.53856768884637,5.100000000000001,5.100000000000001
1484203634,1484203637,38.19072454537187,5.300000000000001,5.300000000000001
1484203637,1484203638,44.250919164378146,3.099999999999998,3.099999999999998
1484203637,1484203738,163.78422314947707,3.8000000000000007,3.8000000000000007
1484203637,10737093414,149.40645080981216,-3.0,0.0
1484203637,1484203634,38.19072454537187,-5.300000000000001,0.0
1484203638,1484203637,44.250919164378146,-3.099999999999998,0.0
1484203638,10737093418,111.51540470966435,1.7000000000000028,1.7000000000000028
1484203638,1484203694,75.10146890455208,3.5,3.5
1484203694,2626054993,34.897713358681635,7.200000000000003,7.200000000000003
1484203694,1484203638,75.10146890455208,-3.5,0.0
1484203694,10737082094,42.07759995701616,1.3000000000000043,1.3000000000000043
1484203694,1484203740,99.26997734760849,-1.5,0.0
1484203701,6437962852,64.87021276065055,-0.6000000000000014,0.0
1484203701,7368658473,1.4164469562040716,0.0,0.0
1484203701,1484203732,39.93299427631044,0.30000000000000426,0.30000000000000426
1484203701,10739295319,4.698825416517886,-0.10000000000000142,0.0
1484203703,1484203720,34.091711983971535,2.1999999999999993,2.1999999999999993
1484203703,2039387112,96.99838004609465,-4.800000000000001,0.0
1484203703,1484203634,108.53856768884637,-5.100000000000001,0.0
1484203720,1484203703,34.091711983971535,-2.1999999999999993,0.0
1484203720,1484203738,21.932949877411694,1.8000000000000007,1.8000000000000007
1484203732,1484203774,127.58343296262305,-0.6000000000000014,0.0
1484203732,1484203701,39.93299427631044,-0.30000000000000426,0.0
1484203732,7368660708,5.808571227967552,0.09999999999999432,0.09999999999999432
1484203738,1484203720,21.932949877411694,-1.8000000000000007,0.0
1484203738,1484203637,163.7842231494771,-3.8000000000000007,0.0
1484203738,1484203740,32.462915107138805,1.2999999999999972,1.2999999999999972
1484203740,1484203765,31.20192854340206,0.6000000000000014,0.6000000000000014
1484203740,1484203694,99.26997734760849,1.5,1.5
1484203740,1484203738,32.462915107138805,-1.2999999999999972,0.0
1484203758,2626054993,79.44165188159653,1.5,1.5
1484203758,1484203781,82.33034846006774,0.5,0.5
1484203758,7368658461,117.43083502132554,1.0,1.0
1484203765,1484203740,31.20192854340206,-0.6000000000000014,0.0
1484203765,7368658462,126.79027299018357,7.600000000000001,7.600000000000001
1484203774,7368658483,5.7969272049477265,0.10000000000000142,0.10000000000000142
1484203774,1484203786,41.77780167584364,-0.20000000000000284,0.0
1484203774,1484203732,127.58343296262305,0.6000000000000014,0.6000000000000014
1484203781,6534663632,12.2491713314072,3.299999999999997,3.299999999999997
1484203781,1484203758,82.33034846006774,-0.5,0.0
1484203781,6534663635,61.53054700723684,-0.8000000000000043,0.0
1484203786,7368660709,5.327367399072704,0.0,0.0
1484203786,2626055014,4.01079954679369,0.0,0.0
1484203786,1484203774,41.77780167584364,0.20000000000000284,0.20000000000000284
1484203803,1704222985,6.681641876837927,0.0,0.0
1484203803,7368660725,6.800588627893727,0.0,0.0
1484203803,7368660726,9.977488459821581,-0.30000000000000426,0.0
1484203803,2587513279,9.494491375829174,0.19999999999999574,0.19999999999999574
1484203845,1484203848,27.57432251082394,-0.3999999999999986,0.0
1484203845,6534663641,28.5725467635779,-0.29999999999999716,0.0
1484203848,6437963396,26.298739781215634,-0.7999999999999972,0.0
1484203848,1484203849,39.77438059083708,0.7000000000000028,0.7000000000000028
1484203848,1484203845,27.57432251082394,0.3999999999999986,0.3999999999999986
1484203849,6452310369,76.41784849078675,-0.3999999999999986,0.0
1484203849,1484203848,39.77438059083708,-0.7000000000000028,0.0
1484203849,6452310955,36.19046809438569,0.6000000000000014,0.6000000000000014
1617305622,1617305664,14.075092528416812,0.0,0.0
1617305622,10712492266,12.276695472342292,0.29999999999999716,0.29999999999999716
1617305622,10712492262,10.306983280310638,-0.20000000000000284,0.0
1617305624,10712492273,28.424426313039056,0.0,0.0
1617305629,1617305650,14.383092799789642,0.0,0.0
1617305629,10723432004,13.315727620643871,-0.3000000000000007,0.0
1617305629,1617305673,8.028411631628227,0.1999999999999993,0.1999999999999993
1617305629,10723431994,7.4542437474401995,-0.1999999999999993,0.0
1617305631,1695752549,4.653471412964105,0.0,0.0
1617305631,1617305634,23.597871888809216,0.0,0.0
1617305631,1617305651,67.01104885852726,0.5999999999999979,0.5999999999999979
1617305634,1617305674,54.90703055075394,0.5,0.5
1617305634,1617305674,90.74084361385076,0.5,0.5
1617305634,1617305631,23.59787188880922,0.0,0.0
1617305643,2643543050,23.200768069475842,2.8999999999999986,2.8999999999999986
1617305643,2643543049,25.789349120347694,-2.900000000000002,0.0
1617305643,1617305654,40.70532047519985,-4.300000000000004,0.0
1617305643,3084725044,73.62033982717372,-1.0000000000000036,0.0
1617305645,1695752549,53.52778701802737,-0.5,0.0
1617305645,1617305651,26.489449000339278,0.09999999999999787,0.09999999999999787
1617305645,1695752551,48.07611360115256,-0.5,0.0
1617305649,1695752549,9.661711568775885,0.0,0.0
1617305649,10723432004,50.200409080011156,-0.9000000000000021,0.0
1617305649,1695752551,27.540446712181943,0.0,0.0
1617305650,1617305629,14.383092799789642,0.0,0.0
1617305650,10723431993,14.765752341814515,0.40000000000000213,0.40000000000000213
1617305650,1617305673,13.90077977691876,0.1999999999999993,0.1999999999999993
1617305650,10723431995,12.218307084648002,-0.3000000000000007,0.0
1617305651,1617305631,67.01104885852726,-0.5999999999999979,0.0
1617305651,1617305645,26.48944900033928,-0.09999999999999787,0.0
1617305651,1617305674,29.332978593546848,-0.09999999999999787,0.0
1617305654,1617305643,40.70532047519985,4.300000000000004,4.300000000000004
1617305664,10712492264,10.835030581146734,-0.10000000000000142,0.0
1617305664,1617305622,14.075092528416812,0.0,0.0
1617305664,10712492263,10.478187171823507,-0.20000000000000284,0.0
1617305664,10712492265,12.23953780443499,0.3999999999999986,0.3999999999999986
1617305673,1617305650,13.90077977691876,-0.1999999999999993,0.0
1617305673,1617305629,8.028411631628227,-0.1999999999999993,0.0
1617305673,10723431992,11.61707939399265,0.20000000000000284,0.20000000000000284
1617305673,10723483805,13.474705723416864,-0.29999999999999716,0.0
1617305674,1617305634,54.90703055075394,-0.5,0.0
1617305674,1617305634,90.74084361385074,-0.5,0.0
1617305674,1617305651,29.332978593546848,0.09999999999999787,0.09999999999999787
1695752549,1617305649,9.661711568775885,0.0,0.0
1695752549,1617305631,4.653471412964105,0.0,0.0
1695752549,1617305645,53.52778701802737,0.5,0.5
1695752551,10723483805,39.72456252709304,-0.6999999999999993,0.0
1695752551,1617305649,27.540446712181943,0.0,0.0
1695752551,1617305645,48.07611360115256,0.5,0.5
1695820882,5466265990,44.23201078004351,-1.0,0.0
1695820882,10721114683,45.195757283872766,1.0,1.0
1695820882,10721114700,7.188998918701063,-0.10000000000000142,0.0
1695820899,10721102983,9.23983196490512,-0.19999999999999574,0.0
1695820899,10721102919,113.00548483531297,-0.3999999999999986,0.0
1695820916,10721114685,9.377263398150497,0.0,0.0
1695820916,10721114683,7.156862445048789,0.0,0.0
1695820916,10721114684,11.196463628464981,0.09999999999999432,0.09999999999999432
1695820920,10721114725,52.87835493928648,0.6000000000000014,0.6000000000000014
1695820920,10721114685,50.79643256273058,-0.7999999999999972,0.0
1695820920,10721114719,8.895418015103237,-0.10000000000000142,0.0
1695820920,10721114720,8.790610541753809,-0.10000000000000142,0.0
1695820921,10721103000,8.350466080023136,0.10000000000000142,0.10000000000000142
1695820921,10721102998,9.301626822772183,0.0,0.0
1695820921,10721102999,9.896986583984386,0.0,0.0
1695820921,10721102997,9.248716331381857,0.0,0.0
1695820964,10721102941,9.919113354621441,-0.10000000000000142,0.0
1695820964,10721102945,42.967984803116934,-0.19999999999999574,0.0
1695820964,10721114667,9.21834348831002,0.0,0.0
1695820964,10721114631,52.311129619415205,-0.29999999999999716,0.0
1695860127,1695860175,7.951883191518865,0.20000000000000284,0.20000000000000284
1695860127,2587513215,9.798948761156483,0.20000000000000284,0.20000000000000284
1695860127,2587513205,8.715234555491188,-0.19999999999999574,0.0
1695860175,2587513207,8.868952199084012,-0.20000000000000284,0.0
1695860175,2587513217,9.911843220386178,0.19999999999999574,0.19999999999999574
1695860175,2587513216,8.082596498583486,0.19999999999999574,0.19999999999999574
1695860175,1695860127,7.951883191518865,-0.20000000000000284,0.0
1704222967,2163993055,80.5098581076755,-0.7000000000000028,0.0
1704222967,2163993055,89.3255690860177,-0.7000000000000028,0.0
1704222967,2587513217,109.99654308429498,-2.700000000000003,0.0
1704222981,461629483,7.857986121511546,0.10000000000000142,0.10000000000000142
1704222981,7368658458,2.963741005557983,-0.20000000000000284,0.0
1704222981,461629163,10.181751917616022,0.20000000000000284,0.20000000000000284
1704222981,7368658470,122.33035035524011,-4.399999999999999,0.0
1704222985,2587513280,9.288819780794338,0.09999999999999432,0.09999999999999432
1704222985,7368660727,9.585698857807113,-0.20000000000000284,0.0
1704222985,1484203803,6.681641876837927,0.0,0.0
1704577692,1728170102,61.12124825562794,-0.7000000000000028,0.0
1704577692,1704577713,50.04021028356376,1.3999999999999986,1.3999999999999986
1704577692,1728170135,46.779647890979604,-0.3999999999999986,0.0
1704577692,2162438533,26.55456688138467,1.2000000000000028,1.2000000000000028
1704577695,10721114728,24.959615070050763,-0.09999999999999432,0.0
1704577695,1704577736,124.8542691345857,0.6000000000000014,0.6000000000000014
1704577695,1704577709,86.05011176057349,-1.8999999999999986,0.0
1704577709,1704577736,109.84276115340309,2.5,2.5
1704577709,1704577740,50.030980708656315,-1.7999999999999972,0.0
1704577709,1704577695,86.05011176057349,1.8999999999999986,1.8999999999999986
1704577713,1704577692,50.04021028356376,-1.3999999999999986,0.0
1704577713,1704577736,50.09798907119953,2.0,2.0
1704577713,1704577740,110.06398563212967,-2.299999999999997,0.0
1704577717,1704577737,9.340510523053318,0.0,0.0
1704577717,10721114729,10.174637786459941,0.19999999999999574,0.19999999999999574
1704577717,10721114727,10.421566033478905,-0.10000000000000142,0.0
1704577717,10721114728,6.93393113300288,0.0,0.0
1704577721,12560683507,3.458906646526757,-0.09999999999999432,0.0
1704577721,10721114738,142.9164139922042,-1.5,0.0
1704577721,1303245968,166.5258052758047,1.5,1.5
1704577736,1704577709,109.84276115340309,-2.5,0.0
1704577736,1704577713,50.09798907119953,-2.0,0.0
1704577736,1704577695,124.8542691345857,-0.6000000000000014,0.0
1704577737,1704577717,9.340510523053318,0.0,0.0
1704577737,10721114725,6.252670197777674,-0.10000000000000142,0.0
1704577737,10721114726,10.560946511388867,-0.20000000000000284,0.0
1704577737,10721114730,10.655654820888273,0.19999999999999574,0.19999999999999574
1704577740,1704577713,110.06398563212967,2.299999999999997,2.299999999999997
1704577740,1704577709,50.030980708656315,1.7999999999999972,1.7999999999999972
1704577740,2552572610,29.370556651496834,1.1999999999999957,1.1999999999999957
1704650171,1704650185,2.948093172063778,0.10000000000000142,0.10000000000000142
1704650171,1704650216,36.35127536249233,-0.6000000000000014,0.0
1704650171,2587513282,44.93357812540891,-0.20000000000000284,0.0
1704650185,1303244792,114.40563671928574,4.799999999999997,4.799999999999997
1704650185,1704650171,2.948093172063778,-0.10000000000000142,0.0
1704650185,2575577325,37.344625102133314,-0.5,0.0
1704650216,1704650171,36.35127536249233,0.6000000000000014,0.6000000000000014
1704650216,1303244587,8.654280677430718,-0.10000000000000142,0.0
1704650216,1704650283,94.85556327337162,2.1000000000000014,2.1000000000000014
1704650244,1704650253,7.31343814822477,0.20000000000000284,0.20000000000000284
1704650244,7366852167,4.712788605379119,-0.10000000000000142,0.0
1704650244,7366852168,8.203271166883406,0.0,0.0
1704650244,2636411794,11.210383891865334,0.10000000000000142,0.10000000000000142
1704650253,2636411795,10.291947139423606,0.09999999999999432,0.09999999999999432
1704650253,7366852169,9.624252195062395,-0.10000000000000142,0.0
1704650253,1704650244,7.31343814822477,-0.20000000000000284,0.0
1704650253,7366852170,8.264407350133675,0.09999999999999432,0.09999999999999432
1704650283,1984399488,3.762516865458075,0.0,0.0
1704650283,2574341570,6.600018140328023,0.0,0.0
1704650283,1704650216,94.85556327337163,-2.1000000000000014,0.0
1704650317,10732935709,87.10561867448843,-3.700000000000003,0.0
1704650317,2558496348,4.3792794393969245,0.0,0.0
1704650317,2572501767,26.69714297730016,1.1000000000000014,1.1000000000000014
1704650319,2469038988,21.920418029464194,-0.29999999999999716,0.0
1704650319,7368660736,27.999485504198894,-0.5,0.0
1704650319,2572501767,16.835424763723736,5.300000000000004,5.300000000000004
1728169953,1728169959,18.872106596129353,-0.6000000000000014,0.0
1728169954,10738873081,17.627845554503864,1.0,1.0
1728169954,10738873080,4.081715794311811,-0.10000000000000142,0.0
1728169957,2637060666,31.937275790979488,-0.29999999999999716,0.0
1728169957,11951566065,21.074571497060933,-0.5,0.0
1728169957,1728169963,48.43146529252974,-1.3999999999999986,0.0
1728169959,1728169965,44.48310929877267,-1.3999999999999986,0.0
1728169959,1728169953,18.872106596129353,0.6000000000000014,0.6000000000000014
1728169959,1728169962,168.85718727889258,2.200000000000003,2.200000000000003
1728169962,1728169959,168.85718727889258,-2.200000000000003,0.0
1728169962,10738873080,28.512792896356412,-1.4000000000000057,0.0
1728169963,1728169978,94.70529338641752,-0.7999999999999972,0.0
1728169963,1728169982,47.53964897292007,-1.2999999999999972,0.0
1728169963,1728169957,48.43146529252974,1.3999999999999986,1.3999999999999986
1728169965,1728169978,44.3942818881146,-1.5,0.0
1728169965,1728169959,44.48310929877267,1.3999999999999986,1.3999999999999986
1728169965,2637060666,58.144143867939384,0.3999999999999986,0.3999999999999986
1728169965,1728169992,166.15386878579298,3.799999999999997,3.799999999999997
1728169978,1728169990,48.12705662775604,-1.6000000000000014,0.0
1728169978,1728169965,44.3942818881146,1.5,1.5
1728169978,1728169992,125.3274857741415,5.299999999999997,5.299999999999997
1728169978,1728169963,94.70529338641752,0.7999999999999972,0.7999999999999972
1728169982,1728169963,47.53964897292007,1.2999999999999972,1.2999999999999972
1728169982,10946118937,72.09750905477881,-1.0,0.0
1728169982,7125325619,26.280969307754972,-0.7000000000000028,0.0
1728169990,916037104,29.285123168555305,-0.20000000000000284,0.0
1728169990,1728169978,48.12705662775604,1.6000000000000014,1.6000000000000014
1728169990,10946118937,22.70521067808847,0.10000000000000142,0.10000000000000142
1728169990,1728169992,174.0571002814071,6.899999999999999,6.899999999999999
1728169992,1728169978,125.3274857741415,-5.299999999999997,0.0
1728169992,1728169990,174.0571002814071,-6.899999999999999,0.0
1728169992,1728169965,166.15386878579298,-3.799999999999997,0.0
1728170001,1728170021,32.30206396204606,0.20000000000000284,0.20000000000000284
1728170001,10721102961,158.0491178678606,-1.1999999999999957,0.0
1728170001,1728170059,133.926683582621,-8.0,0.0
1728170005,10721102942,23.81779723268299,-0.9000000000000057,0.0
1728170005,1728170029,51.09677999843162,2.0,2.0
1728170005,4070941396,3.432604339863883,0.0,0.0
1728170005,10721102961,4.521806580631394,0.0,0.0
1728170021,1728170025,41.28987155625243,0.29999999999999716,0.29999999999999716
1728170021,1728170001,32.30206396204606,-0.20000000000000284,0.0
1728170021,1728170034,68.50596287115626,-3.1000000000000014,0.0
1728170025,1728170034,61.22395590755496,-3.3999999999999986,0.0
1728170025,1728170029,38.98284896342833,0.30000000000000426,0.30000000000000426
1728170025,1728170021,41.28987155625243,-0.29999999999999716,0.0
1728170028,1728170050,51.94944458117869,-1.9000000000000057,0.0
1728170028,4070941396,72.11353829145382,-1.0,0.0
1728170028,2639302720,23.784895860291602,2.0,2.0
1728170029,1728170005,51.09677999843162,-2.0,0.0
1728170029,1728170039,48.25851359721104,-2.4000000000000057,0.0
1728170029,1728170025,38.98284896342833,-0.30000000000000426,0.0
1728170029,1728170050,81.70067825517337,-2.9000000000000057,0.0
1728170034,1728170025,61.22395590755496,3.3999999999999986,3.3999999999999986
1728170034,1728170059,68.21748726905778,-5.100000000000001,0.0
1728170034,1728170021,68.50596287115626,3.1000000000000014,3.1000000000000014
1728170039,1728170029,48.25851359721104,2.4000000000000057,2.4000000000000057
1728170039,1728170058,45.543104413658995,-2.3999999999999986,0.0
1728170039,1728170066,110.2366474912316,-2.1999999999999957,0.0
1728170050,1728170066,49.64983537917261,-1.6999999999999957,0.0
1728170050,1728170028,51.94944458117869,1.9000000000000057,1.9000000000000057
1728170050,1728170029,81.70067825517337,2.9000000000000057,2.9000000000000057
1728170058,1728170039,45.543104413658995,2.3999999999999986,2.3999999999999986
1728170058,1728170064,31.98879759409427,-0.5,0.0
1728170058,7099852073,109.8314731920978,-6.0,0.0
1728170059,1728170034,68.21748726905778,5.100000000000001,5.100000000000001
1728170059,1728170070,46.024908765801065,-1.8999999999999986,0.0
1728170059,1728170001,133.926683582621,8.0,8.0
1728170064,1728170058,31.98879759409427,0.5,0.5
1728170064,1728170074,26.231639116010594,-0.3999999999999986,0.0
1728170064,1728170124,169.03041834130326,-4.899999999999999,0.0
1728170066,1728170050,49.64983537917261,1.6999999999999957,1.6999999999999957
1728170066,1728170039,110.2366474912316,2.1999999999999957,2.1999999999999957
1728170066,2552572610,28.165322131154447,0.19999999999999574,0.19999999999999574
1728170070,1728170059,46.024908765801065,1.8999999999999986,1.8999999999999986
1728170070,7099852074,34.184898530155145,0.10000000000000142,0.10000000000000142
1728170070,7099852073,25.94325370686177,-0.10000000000000142,0.0
1728170074,1728170064,26.231639116010594,0.3999999999999986,0.3999999999999986
1728170074,1728170088,32.4172370557023,-0.3999999999999986,0.0
1728170074,1728170124,107.36107102450791,-4.5,0.0
1728170088,1728170074,32.4172370557023,0.3999999999999986,0.3999999999999986
1728170088,1728170092,40.172144572912046,-0.3999999999999986,0.0
1728170088,1728170125,80.6178296561634,-3.200000000000003,0.0
1728170089,1728170104,54.51573924191488,1.0999999999999943,1.0999999999999943
1728170089,12560683507,29.003887463141957,-0.5,0.0
1728170089,1728170096,168.7587386083556,1.5999999999999943,1.5999999999999943
1728170092,1728170088,40.172144572912046,0.3999999999999986,0.3999999999999986
1728170092,2552572607,34.784327427454734,0.19999999999999574,0.19999999999999574
1728170092,1728170125,104.50777607757723,-2.8000000000000043,0.0
1728170096,1728170104,115.72356143223186,-0.5,0.0
1728170096,1728170089,168.7587386083556,-1.5999999999999943,0.0
1728170096,2566516697,34.32867282756699,-3.5,0.0
1728170102,2552572607,78.53258184584134,-0.8999999999999986,0.0
1728170102,1704577692,61.12124825562794,0.7000000000000028,0.7000000000000028
1728170102,1728170134,25.644587297740042,0.0,0.0
1728170104,1728170096,115.72356143223186,0.5,0.5
1728170104,1728170089,54.51573924191488,-1.0999999999999943,0.0
1728170104,4070941397,4.391139818654889,0.0,0.0
1728170124,1728170074,107.36107102450791,4.5,4.5
1728170124,1728170064,169.03041834130326,4.899999999999999,4.899999999999999
1728170124,1728170125,66.81010366171142,0.8999999999999986,0.8999999999999986
1728170124,7099852066,34.18835331853387,-6.600000000000001,0.0
1728170125,1728170088,80.6178296561634,3.200000000000003,3.200000000000003
1728170125,1728170124,66.81010366171142,-0.8999999999999986,0.0
1728170125,1728170092,104.50777607757723,2.8000000000000043,2.8000000000000043
1728170134,1728170135,65.0061297352525,0.30000000000000426,0.30000000000000426
1728170134,1728170102,25.644587297740042,0.0,0.0
1728170134,7099852040,44.4790110651347,-9.199999999999996,0.0
1728170135,1704577692,46.779647890979604,0.3999999999999986,0.3999999999999986
1728170135,1728170134,65.0061297352525,-0.30000000000000426,0.0
1728170135,7099852057,19.63439387442046,0.29999999999999716,0.29999999999999716
1767473930,6957360463,73.24646408130553,-3.0,0.0
1767473930,10738681912,3.095266376157358,0.09999999999999432,0.09999999999999432
1767473930,6957360464,41.424926931527736,0.3999999999999986,0.3999999999999986
1767473936,10738681912,3.4145862349772123,0.09999999999999432,0.09999999999999432
1767473936,7368660692,86.65372734166634,-1.1000000000000014,0.0
1767473936,1767739951,53.7743691922082,-2.700000000000003,0.0
1767473942,7369027661,2.42254199794387,0.0,0.0
1767473942,1303244403,32.773989589556116,0.20000000000000284,0.20000000000000284
1767473942,7366845048,20.221461835255113,0.20000000000000284,0.20000000000000284
1767473943,7368660743,77.92179311603115,7.699999999999996,7.699999999999996
1767473943,1303244179,44.55586736648564,2.0999999999999943,2.0999999999999943
1767473943,2267294179,31.69004915822079,-2.5,0.0
1767725819,2574372177,36.552604010229466,0.0,0.0
1767725819,5228128350,20.38238566886864,-0.30000000000000426,0.0
1767725819,5228128351,20.81853820810997,-5.399999999999999,0.0
1767727210,7368660608,4.1293398884289365,0.0,0.0
1767727210,2636411690,9.332446632342501,-0.20000000000000284,0.0
1767727210,1303244918,213.41510397096766,10.600000000000001,10.600000000000001
1767727210,7099851941,9.212134008318651,0.29999999999999716,0.29999999999999716
1767727211,2245132953,22.747740501654846,0.09999999999999432,0.09999999999999432
1767727211,4070941422,2.5238358066717606,0.0,0.0
1767727211,2162438531,36.88736838016411,0.6999999999999957,0.6999999999999957
1767727214,7368660608,73.53497657120198,-4.699999999999999,0.0
1767727214,2245132953,107.85621392644607,6.9999999999999964,6.9999999999999964
1767727214,1983118464,38.29989483481758,10.8,10.8
1767739950,10803910263,34.86442916118345,-0.09999999999999432,0.0
1767739950,1767739964,91.26725867555689,-0.19999999999999574,0.0
1767739950,1767739964,70.99415801566296,-0.19999999999999574,0.0
1767739951,10738681910,4.785807137344393,0.10000000000000142,0.10000000000000142
1767739951,1767473936,53.7743691922082,2.700000000000003,2.700000000000003
1767739951,7368660689,114.59577501963523,-0.7000000000000028,0.0
1767739953,4070880057,49.65522765954494,3.200000000000003,3.200000000000003
1767739953,10738681907,30.726546321229527,-2.6999999999999957,0.0
1767739953,1303244181,29.838638616451647,1.6000000000000014,1.6000000000000014
1767739953,1303244921,29.510022734090146,-0.09999999999999432,0.0
1767739956,1303244989,22.123669757191205,0.30000000000000426,0.30000000000000426
1767739956,1303243477,33.611450443734945,-0.7999999999999972,0.0
1767739956,1767739963,90.95610034056969,-3.8999999999999986,0.0
1767739960,7369027664,97.75630199374712,-4.0,0.0
1767739960,7368658440,6.094442883395949,0.10000000000000142,0.10000000000000142
1767739960,1767739967,56.23115150090621,2.6000000000000014,2.6000000000000014
1767739963,1303243477,61.66692645600419,3.1000000000000014,3.1000000000000014
1767739963,1767739969,32.71743538514649,-1.0,0.0
1767739963,1767739956,90.95610034056969,3.8999999999999986,3.8999999999999986
1767739964,461630507,33.41678660974506,-1.2000000000000028,0.0
1767739964,1767739950,91.26725867555687,0.19999999999999574,0.19999999999999574
1767739964,1767739950,70.99415801566296,0.19999999999999574,0.19999999999999574
1767739967,6957360460,83.10432613833885,-3.5,0.0
1767739967,10738681910,6.565058499552835,0.0,0.0
1767739967,1767739960,56.23115150090619,-2.6000000000000014,0.0
1767739968,3732558535,48.08981385938236,-1.6999999999999993,0.0
1767739968,3731552689,77.89507750772093,4.199999999999999,4.199999999999999
1767739968,5228128309,93.71038736600467,11.899999999999999,11.899999999999999
1767739969,1303244168,66.17378433644559,3.3999999999999986,3.3999999999999986
1767739969,1303246091,37.72594407085404,-1.3000000000000007,0.0
1767739969,1767739963,32.71743538514649,1.0,1.0
1786152730,1303245572,51.00777341743424,0.5,0.5
1786152730,7099851936,89.99246359198094,1.0,1.0
1786152730,7099852039,37.06090371794576,-0.5,0.0
1814571403,1814571408,252.40997266378224,0.8999999999999986,0.8999999999999986
1814571403,6397662166,69.69751058431937,1.3000000000000007,1.3000000000000007
1814571403,461630341,54.62247946652403,-1.1999999999999993,0.0
1814571408,1814571403,252.40997266378218,-0.8999999999999986,0.0
1983118458,1983118493,13.772269834894596,0.0,0.0
1983118458,1983118538,35.680858075656005,-0.20000000000000284,0.0
1983118458,1983118520,81.99669925542793,-0.20000000000000284,0.0
1983118462,7368660696,3.501578365899947,0.0,0.0
1983118462,1983118462,39.556779143881464,0.0,0.0
1983118462,1983118462,39.556779143881464,0.0,0.0
1983118464,1983281252,122.58282093146826,8.199999999999996,8.199999999999996
1983118464,1767727214,38.29989483481758,-10.8,0.0
1983118464,2588145125,95.04213025484566,2.299999999999997,2.299999999999997
1983118493,1983118458,13.772269834894596,0.0,0.0
1983118493,7369027663,17.519820461042894,0.29999999999999716,0.29999999999999716
1983118493,13403237136,43.80911816794565,-0.3999999999999986,0.0
1983118520,1983118458,81.99669925542793,0.20000000000000284,0.20000000000000284
1983118520,1983281218,38.70757760435905,0.8999999999999986,0.8999999999999986
1983118520,2558588574,34.75366727695399,0.0,0.0
1983118522,7369027663,6.957200174283095,-0.20000000000000284,0.0
1983118522,1983281278,149.02089787058407,0.7999999999999972,0.7999999999999972
1983118522,2636411744,211.08017054501062,3.299999999999997,3.299999999999997
1983118538,1983118458,35.680858075656005,0.20000000000000284,0.20000000000000284
1983281218,1983281278,10.022372255902122,0.6000000000000014,0.6000000000000014
1983281218,1983281252,11.184233606137036,0.0,0.0
1983281218,1983118520,38.70757760435905,-0.8999999999999986,0.0
1983281252,1983281218,11.184233606137038,0.0,0.0
1983281252,1983281278,8.07596408107965,0.6000000000000014,0.6000000000000014
1983281252,1983118464,122.58282093146826,-8.199999999999996,0.0
1983281278,1983281252,8.07596408107965,-0.6000000000000014,0.0
1983281278,1983281218,10.022372255902122,-0.6000000000000014,0.0
1983281278,1983118522,149.02089787058407,-0.7999999999999972,0.0
1984029544,2588145130,11.189177082427717,-2.6000000000000014,0.0
1984029544,2558588574,82.58515450757929,0.5,0.5
1984029544,2588145131,24.12842011327905,-1.7999999999999972,0.0
1984029559,1984029563,17.896448517017916,-0.10000000000000142,0.0
1984029559,1984029563,16.377883420591466,-0.10000000000000142,0.0
1984029559,1984399485,9.259528390285237,-0.6000000000000014,0.0
1984029563,2588145166,17.442427533756803,-0.10000000000000142,0.0
1984029563,1984399490,39.995610330825734,0.29999999999999716,0.29999999999999716
1984029563,1984029559,16.37788342059147,0.10000000000000142,0.10000000000000142
1984029563,1984029559,17.896448517017916,0.10000000000000142,0.10000000000000142
1984399485,2588145166,26.881460307054347,0.3999999999999986,0.3999999999999986
1984399485,2588145178,2.651284451689076,-0.20000000000000284,0.0
1984399485,1984029559,9.259528390285237,0.6000000000000014,0.6000000000000014
1984399487,1984399491,32.997974025289786,-1.0999999999999943,0.0
1984399487,2574341575,42.35330944117314,-0.09999999999999432,0.0
1984399487,2558452287,28.751907011292978,-1.7999999999999972,0.0
1984399488,1704650283,3.762516865458075,0.0,0.0
1984399488,2574341575,48.13573588524645,0.10000000000000142,0.10000000000000142
1984399488,2587513272,36.0994653956204,-3.0,0.0
1984399490,1984029563,39.995610330825734,-0.29999999999999716,0.0
1984399490,2588145178,45.47281579173402,-1.0,0.0
1984399490,1984399491,42.076129077640196,1.3000000000000043,1.3000000000000043
1984399491,1984399487,32.997974025289786,1.0999999999999943,1.0999999999999943
1984399491,1984399490,42.076129077640196,-1.3000000000000043,0.0
1984399491,7368660673,47.38157828566249,1.3999999999999986,1.3999999999999986
2039371183,10836967620,22.284480210744785,0.6999999999999993,0.6999999999999993
2039371183,2039372133,63.11736878869435,-3.6999999999999993,0.0
2039371183,1303243309,46.51234256884355,0.1999999999999993,0.1999999999999993
2039371183,10734835060,64.47536556571903,-3.1999999999999993,0.0
2039372133,2039371183,63.11736878869435,3.6999999999999993,3.6999999999999993
2039372133,10734835072,37.204910403469114,-1.5,0.0
2039372133,1303245082,57.60489276574069,4.399999999999999,4.399999999999999
2039387112,1484203631,13.806599314715212,-0.40000000000000213,0.0
2039387112,1484203703,96.99838004609465,4.800000000000001,4.800000000000001
2134826851,2267877235,124.59692781447029,0.8000000000000007,0.8000000000000007
2134826851,1484203446,137.09947519869817,1.5,1.5
2134826851,1484203297,182.37975222977872,0.9000000000000021,0.9000000000000021
2136811387,2136811388,60.09815828491186,-4.099999999999998,0.0
2136811387,1303244915,53.69499006751057,-3.6000000000000014,0.0
2136811387,9983573434,6.259532817752502,0.20000000000000284,0.20000000000000284
2136811388,2136813056,23.08343108365201,-2.0,0.0
2136811388,2136811387,60.09815828491186,4.099999999999998,4.099999999999998
2136811388,2136811391,121.869378653311,-4.199999999999999,0.0
2136811391,9983573432,15.180376102542704,-2.1000000000000014,0.0
2136811391,2136811578,67.61907509157714,-2.200000000000003,0.0
2136811391,2136811388,121.869378653311,4.199999999999999,4.199999999999999
2136811578,1303243670,35.457100172032234,-1.1999999999999993,0.0
2136811578,2136813056,63.70658571011694,4.400000000000002,4.400000000000002
2136811578,2136811391,67.61907509157714,2.200000000000003,2.200000000000003
2136813056,2136811388,23.08343108365201,2.0,2.0
2136813056,2136811578,63.70658571011694,-4.400000000000002,0.0
2136813056,1303244915,119.2195248734197,2.4999999999999964,2.4999999999999964
2136813367,10896026882,17.477781334287517,1.0,1.0
2136813367,1484203372,26.270069150362644,-0.29999999999999716,0.0
2136813367,2136813373,28.527729302879646,0.10000000000000142,0.10000000000000142
2136813367,5241082711,56.20107248155245,1.5,1.5
2136813367,2268359415,158.00857940237995,5.100000000000001,5.100000000000001
2136813369,5241082711,28.60332755576989,2.5,2.5
2136813369,1484203372,74.59595303530467,0.7000000000000028,0.7000000000000028
2136813369,8796851753,59.60258034474111,-1.5999999999999979,0.0
2136813373,2136813367,28.527729302879646,-0.10000000000000142,0.0
2136813373,2136813766,45.97487704868034,1.3000000000000007,1.3000000000000007
2136813373,2136813766,123.09365303992924,1.3000000000000007,1.3000000000000007
2136813766,1303245930,24.89740825289739,1.0999999999999979,1.0999999999999979
2136813766,2136813373,45.97487704868034,-1.3000000000000007,0.0
2136813766,2136813373,123.09365303992924,-1.3000000000000007,0.0
2136813798,2136813803,48.27547371399251,3.099999999999998,3.099999999999998
2136813798,1303243780,42.65182787621085,-2.900000000000002,0.0
2136813798,5406585778,31.974609277437764,3.299999999999997,3.299999999999997
2136813798,2268359415,41.17229064251602,1.3999999999999986,1.3999999999999986
2136813801,2136813803,34.997759355789434,-3.3000000000000007,0.0
2136813801,6452330481,6.438298297549003,0.6000000000000014,0.6000000000000014
2136813801,2136813801,344.9992026733489,0.0,0.0
2136813801,2136813801,344.99920267334886,0.0,0.0
2136813803,2136813801,34.997759355789434,3.3000000000000007,3.3000000000000007
2136813803,2136813798,48.27547371399251,-3.099999999999998,0.0
2136813803,3926735721,48.50118544535083,3.5,3.5
2139628835,2268359400,5.869820688531386,0.09999999999999964,0.09999999999999964
2139628835,10701763041,109.50732902187626,-0.5999999999999996,0.0
2139628835,730906859,52.69036097932621,-0.6999999999999993,0.0
2139630239,10732733563,63.18181744806302,2.3000000000000007,2.3000000000000007
2139630239,1484203223,93.14221969753731,-0.3999999999999986,0.0
2139630239,2267877234,56.545087275387495,0.6000000000000014,0.6000000000000014
2139634750,2139634889,49.953737638945675,0.0,0.0
2139634750,730906859,55.74928670018664,0.0,0.0
2139634889,2139637635,49.44083570187423,0.09999999999999964,0.09999999999999964
2139634889,2139634750,49.953737638945675,0.0,0.0
2139637635,2139634889,49.44083570187423,-0.09999999999999964,0.0
2139637635,10701763041,35.89837893020714,0.0,0.0
2139644691,1303243426,30.72717197379639,0.29999999999999716,0.29999999999999716
2139644691,1303244967,30.312191318233698,-0.29999999999999716,0.0
2139644691,1303245792,95.00460085332088,-7.0,0.0
2139647408,10794673135,15.080918498359473,-0.10000000000000142,0.0
2139647408,9983573434,56.98737197020775,-0.29999999999999716,0.0
2139647408,10794673134,18.24954786445968,-1.5,0.0
2139656835,2268359417,26.52204447868282,-0.10000000000000142,0.0
2139656835,1303243780,23.941223824984334,0.09999999999999787,0.09999999999999787
2139656835,2139656838,136.95665305426652,-0.3000000000000007,0.0
2139656838,5406585782,22.982708091013105,-0.10000000000000142,0.0
2139656838,2268359417,28.950200621656254,0.1999999999999993,0.1999999999999993
2139656838,2139656835,136.95665305426652,0.3000000000000007,0.3000000000000007
2139658051,1484203528,17.369416274201587,-0.10000000000000142,0.0
2139658051,1484203501,37.91940071591321,0.09999999999999787,0.09999999999999787
2139658051,1484203542,48.41476595686223,2.1999999999999993,2.1999999999999993
2139661796,6437963396,28.199447614658006,0.30000000000000426,0.30000000000000426
2139661953,461629311,30.649796909973922,1.1999999999999957,1.1999999999999957
2139661953,2139661954,46.012363432747165,1.8999999999999986,1.8999999999999986
2139661954,2139661953,46.012363432747165,-1.8999999999999986,0.0
2139661954,461629319,49.375786568241445,1.8999999999999986,1.8999999999999986
2139661954,2139661967,25.402303807078315,1.6000000000000014,1.6000000000000014
2139661967,2139661954,25.402303807078315,-1.6000000000000014,0.0
2162438528,2162438531,22.019139517529915,-1.3000000000000043,0.0
2162438528,2162438532,77.75322643666209,1.2999999999999972,1.2999999999999972
2162438528,2162438532,154.8768470905816,1.2999999999999972,1.2999999999999972
2162438528,2162438536,74.3631862901776,2.0,2.0
2162438531,1767727211,36.88736838016411,-0.6999999999999957,0.0
2162438531,4070941412,55.460177271257,0.8999999999999986,0.8999999999999986
2162438531,2162438528,22.019139517529915,1.3000000000000043,1.3000000000000043
2162438531,4070941420,24.441993659862298,-1.1000000000000014,0.0
2162438532,2162438538,38.419332666389295,1.8999999999999986,1.8999999999999986
2162438532,2162438528,77.75322643666209,-1.2999999999999972,0.0
2162438532,2162438528,154.8768470905816,-1.2999999999999972,0.0
2162438533,1704577692,26.55456688138467,-1.2000000000000028,0.0
2162438533,4070941376,174.7121700338701,0.6999999999999957,0.6999999999999957
2162438533,4070941367,56.44692212854931,-0.4000000000000057,0.0
2162438536,7368660681,18.92709448433793,0.09999999999999432,0.09999999999999432
2162438536,2162438538,40.76384586735661,1.1999999999999957,1.1999999999999957
2162438536,2162438528,74.3631862901776,-2.0,0.0
2162438537,7368660681,5.429219274675713,0.0,0.0
2162438537,1303243928,30.494130050951142,-1.1999999999999957,0.0
2162438537,1303245697,18.09527949325623,0.7000000000000028,0.7000000000000028
2162438538,7368660682,21.306303491660127,0.30000000000000426,0.30000000000000426
2162438538,2162438536,40.76384586735661,-1.1999999999999957,0.0
2162438538,2162438532,38.419332666389295,-1.8999999999999986,0.0
2162718497,7368660696,47.30704511152068,0.20000000000000284,0.20000000000000284
2162718497,7369027663,143.77123636145987,-3.1000000000000014,0.0
2162718497,2616953964,26.878964594787085,0.3999999999999986,0.3999999999999986
2163993055,1704222967,80.5098581076755,0.7000000000000028,0.7000000000000028
2163993055,1704222967,89.3255690860177,0.7000000000000028,0.7000000000000028
2163993055,2587513280,27.92315211725485,-0.5,0.0
2187246349,7369034021,5.560058084595452,0.10000000000000142,0.10000000000000142
2187246349,1303152028,18.53030703763706,-1.1000000000000014,0.0
2187246349,1303151285,78.72786680436734,3.3999999999999986,3.3999999999999986
2187246359,2187246374,35.067348725925704,1.5,1.5
2187246359,2187246363,43.07357265205602,1.2000000000000028,1.2000000000000028
2187246359,7369034021,72.57832314250085,-2.3999999999999986,0.0
2187246363,2187246359,43.07357265205602,-1.2000000000000028,0.0
2187246363,7369034013,68.12811133984631,-9.100000000000001,0.0
2187246363,2187246369,67.49758451746638,1.7999999999999972,1.7999999999999972
2187246369,2187246386,33.60096355280601,1.8999999999999986,1.8999999999999986
2187246369,2187246363,67.49758451746638,-1.7999999999999972,0.0
2187246369,7366852004,105.90224626638395,-5.200000000000003,0.0
2187246370,2187246393,28.239394754462392,-1.2000000000000028,0.0
2187246370,2187246449,93.62010944159151,3.6999999999999957,3.6999999999999957
2187246370,3878191510,44.777833273665024,1.3999999999999986,1.3999999999999986
2187246374,2187246410,35.566250179341274,1.2000000000000028,1.2000000000000028
2187246374,2187246359,35.067348725925704,-1.5,0.0
2187246374,2187246414,96.914710555516,-0.8999999999999986,0.0
2187246374,2187246386,100.76674685185321,3.3999999999999986,3.3999999999999986
2187246386,7366852000,29.08633934366737,1.8000000000000043,1.8000000000000043
2187246386,2187246369,33.60096355280601,-1.8999999999999986,0.0
2187246386,2187246374,100.76674685185321,-3.3999999999999986,0.0
2187246386,7366851999,94.98442052581144,-1.2999999999999972,0.0
2187246388,7369033916,5.086957427708455,-0.10000000000000142,0.0
2187246388,461630515,48.90343426645423,1.1999999999999993,1.1999999999999993
2187246388,3731572075,59.398963706819124,-0.3000000000000007,0.0
2187246393,2187246370,28.239394754462392,1.2000000000000028,1.2000000000000028
2187246393,2187246455,63.799563631696834,2.6000000000000014,2.6000000000000014
2187246393,461630515,30.16148702688704,-0.5999999999999979,0.0
2187246410,2187246374,35.566250179341274,-1.2000000000000028,0.0
2187246410,2187246414,69.74525235709372,-2.1000000000000014,0.0
2187246410,2187246427,48.30335988475109,1.2999999999999972,1.2999999999999972
2187246414,7369034024,41.877374872844754,0.29999999999999716,0.29999999999999716
2187246414,2187246410,69.74525235709372,2.1000000000000014,2.1000000000000014
2187246414,2187246507,71.83045562351901,-1.7000000000000028,0.0
2187246414,2187246374,96.914710555516,0.8999999999999986,0.8999999999999986
2187246427,2187246432,45.150961091679335,2.700000000000003,2.700000000000003
2187246427,2187246410,48.30335988475109,-1.2999999999999972,0.0
2187246427,2187246578,98.38512096726123,1.3999999999999986,1.3999999999999986
2187246432,2187246427,45.150961091679335,-2.700000000000003,0.0
2187246432,7366852000,5.153040293801548,0.0,0.0
2187246432,2187246461,63.200493242965294,-3.200000000000003,0.0
2187246433,2187246441,24.269629747157445,-1.0,0.0
2187246433,10736725827,11.692929321396104,0.20000000000000284,0.20000000000000284
2187246433,10803856438,5.174926361187668,0.0,0.0
2187246441,2187246449,35.14736107316082,-2.200000000000003,0.0
2187246441,2187246433,24.269629747157445,1.0,1.0
2187246441,3878191510,102.3801445280927,-4.5,0.0
2187246449,2187246455,34.781322639605946,-2.299999999999997,0.0
2187246449,2187246441,35.14736107316082,2.200000000000003,2.200000000000003
2187246449,2187246370,93.62010944159151,-3.6999999999999957,0.0
2187246451,7366852005,27.774149063207844,-2.5,0.0
2187246451,1303152765,64.4118848898714,6.100000000000001,6.100000000000001
2187246451,2187246468,19.102106111656816,5.100000000000001,5.100000000000001
2187246455,2187246449,34.781322639605946,2.299999999999997,2.299999999999997
2187246455,2187246393,63.799563631696834,-2.6000000000000014,0.0
2187246455,2187246459,36.90972547436847,-1.5,0.0
2187246459,2187246510,39.354243069883125,1.8999999999999986,1.8999999999999986
2187246459,461630515,34.481987265427705,-1.6999999999999993,0.0
2187246459,2187246455,36.90972547436847,1.5,1.5
2187246461,7366851993,28.28613188778486,-1.3999999999999986,0.0
2187246461,7366851999,4.367085935038234,0.10000000000000142,0.10000000000000142
2187246461,2187246432,63.200493242965294,3.200000000000003,3.200000000000003
2187246468,2187246502,33.0020991795825,-0.7000000000000028,0.0
2187246468,2187246451,19.102106111656816,-5.100000000000001,0.0
2187246468,2187246654,113.7579679172427,5.799999999999997,5.799999999999997
2187246474,10736725827,25.978418972946514,-1.0999999999999943,0.0
2187246474,10736725828,4.614635089484843,0.0,0.0
2187246474,2187246510,130.8972614282031,-6.399999999999999,0.0
2187246479,7366852002,5.384339966357968,-0.30000000000000426,0.0
2187246479,7366851996,6.415032894895406,0.19999999999999574,0.19999999999999574
2187246479,7366851993,6.353686665701658,0.0,0.0
2187246479,7366852003,5.322054529355482,0.0,0.0
2187246502,7366852003,31.677809115236894,-2.799999999999997,0.0
2187246502,2187246468,33.0020991795825,0.7000000000000028,0.7000000000000028
2187246502,2187246641,78.48429051641571,7.899999999999999,7.899999999999999
2187246507,2187246515,50.37466830641701,-0.29999999999999716,0.0
2187246507,2187246590,33.28070165176327,1.5,1.5
2187246507,2187246414,71.83045562351901,1.7000000000000028,1.7000000000000028
2187246510,2187246619,48.463490731662816,2.700000000000003,2.700000000000003
2187246510,2187246459,39.354243069883125,-1.8999999999999986,0.0
2187246510,2187246658,100.1347090134991,4.600000000000001,4.600000000000001
2187246510,2187246474,130.8972614282031,6.399999999999999,6.399999999999999
2187246515,2187246507,50.37466830641701,0.29999999999999716,0.29999999999999716
2187246515,2187246557,81.72525549754621,-0.30000000000000426,0.0
2187246515,4014856766,16.251218203689884,-0.10000000000000142,0.0
2187246519,7369034033,27.327317711021962,-0.20000000000000284,0.0
2187246519,2187246557,29.878885176204065,0.19999999999999574,0.19999999999999574
2187246519,2187246723,110.88046105338253,-0.3999999999999986,0.0
2187246519,4014856766,69.98789132061835,0.3999999999999986,0.3999999999999986
2187246549,6394962503,91.8094377863047,-0.8999999999999986,0.0
2187246549,7366852029,71.99944459202885,1.7000000000000028,1.7000000000000028
2187246549,1303151529,131.76017288610464,5.300000000000004,5.300000000000004
2187246557,2187246519,29.878885176204065,-0.19999999999999574,0.0
2187246557,2187246627,35.38278157321782,0.30000000000000426,0.30000000000000426
2187246557,2187246515,81.72525549754621,0.30000000000000426,0.30000000000000426
2187246557,4014856766,29.23260967759775,0.20000000000000284,0.20000000000000284
2187246561,6394961579,5.049499773527751,0.0,0.0
2187246561,2187246619,131.40549279890098,-6.199999999999996,0.0
2187246578,2187246427,98.38512096726123,-1.3999999999999986,0.0
2187246578,2187246590,107.41890476528044,-5.0,0.0
2187246578,2187246598,66.46579102552671,4.5,4.5
2187246590,2187246614,14.013569992788344,0.20000000000000284,0.20000000000000284
2187246590,2187246578,107.41890476528046,5.0,5.0
2187246590,2187246507,33.28070165176327,-1.5,0.0
2187246598,1303152408,59.95445346043498,1.0,1.0
2187246598,1303151961,60.54250856340174,-0.3999999999999986,0.0
2187246598,2187246578,66.46579102552673,-4.5,0.0
2187246602,1303151393,57.56172374079837,-3.8999999999999986,0.0
2187246602,2187246654,35.7035285965527,3.0,3.0
2187246602,1303152765,63.218397216507626,-1.7999999999999972,0.0
2187246614,2187246590,14.013569992788344,-0.20000000000000284,0.0
2187246614,2187246721,71.90836338872305,-0.20000000000000284,0.0
2187246614,2187246677,22.044247831750248,0.19999999999999574,0.19999999999999574
2187246616,2187246679,25.329217378235388,1.0,1.0
2187246616,2187246658,32.66239798749613,0.29999999999999716,0.29999999999999716
2187246616,7369033914,134.57957867180127,-8.000000000000004,0.0
2187246619,2187246739,47.398820297113446,2.1999999999999957,2.1999999999999957
2187246619,2187246510,48.463490731662816,-2.700000000000003,0.0
2187246619,2187246658,75.47823448849361,1.8999999999999986,1.8999999999999986
2187246619,2187246561,131.40549279890098,6.199999999999996,6.199999999999996
2187246625,7366852036,23.236100245823863,-0.20000000000000284,0.0
2187246625,1303245928,25.186427887375807,0.29999999999999716,0.29999999999999716
2187246625,2267296171,103.9430473765947,1.7999999999999972,1.7999999999999972
2187246627,2187246707,33.94985962346255,-0.20000000000000284,0.0
2187246627,2187246557,35.38278157321782,-0.30000000000000426,0.0
2187246627,2187246721,69.15767170524542,1.7999999999999972,1.7999999999999972
2187246641,2187246695,34.957562833255494,-0.8999999999999986,0.0
2187246641,2187246502,78.48429051641571,-7.899999999999999,0.0
2187246641,2187246705,21.496280720813125,1.3000000000000043,1.3000000000000043
2187246654,2187246705,33.50827708480935,2.700000000000003,2.700000000000003
2187246654,2187246602,35.7035285965527,-3.0,0.0
2187246654,2187246918,122.31427154144357,0.5,0.5
2187246654,2187246468,113.75796791724271,-5.799999999999997,0.0
2187246658,2187246616,32.66239798749613,-0.29999999999999716,0.0
2187246658,2187246771,53.14386542700864,2.3999999999999986,2.3999999999999986
2187246658,2187246510,100.1347090134991,-4.600000000000001,0.0
2187246658,2187246619,75.47823448849361,-1.8999999999999986,0.0
2187246661,7366851996,83.10997656613146,-6.900000000000006,0.0
2187246661,2187246742,39.003307356288666,1.6999999999999957,1.6999999999999957
2187246661,1303151961,44.25622484273433,0.29999999999999716,0.29999999999999716
2187246669,2187246679,84.43268802106634,1.7000000000000028,1.7000000000000028
2187246669,7369033899,153.3941281592941,-7.800000000000001,0.0
2187246669,2187246691,19.673360064581082,0.7999999999999972,0.7999999999999972
2187246674,1303244919,9.04287087346051,0.20000000000000284,0.20000000000000284
2187246674,7366852036,4.562213599087025,-0.20000000000000284,0.0
2187246674,7366852033,5.7856450354931015,0.10000000000000142,0.10000000000000142
2187246674,7366852028,8.194718026817766,-0.29999999999999716,0.0
2187246677,1303150908,37.210050822705,0.4000000000000057,0.4000000000000057
2187246677,2187246779,125.18757029131584,5.300000000000004,5.300000000000004
2187246677,2187246614,22.044247831750248,-0.19999999999999574,0.0
2187246679,2187246616,25.329217378235388,-1.0,0.0
2187246679,2187246863,87.03135374444314,3.6999999999999957,3.6999999999999957
2187246679,2187246669,84.43268802106635,-1.7000000000000028,0.0
2187246691,1303151168,63.88754488317461,-5.099999999999994,0.0
2187246691,2187246754,33.14226759578002,4.0,4.0
2187246691,2187246669,19.673360064581082,-0.7999999999999972,0.0
2187246695,2187246641,34.957562833255494,0.8999999999999986,0.8999999999999986
2187246695,2187246742,38.76716617980778,-1.0,0.0
2187246695,2187246898,92.62459315331627,2.3999999999999986,2.3999999999999986
2187246705,2187246654,33.50827708480935,-2.700000000000003,0.0
2187246705,2187246641,21.496280720813125,-1.3000000000000043,0.0
2187246705,1303151885,98.68695949309136,-0.20000000000000284,0.0
2187246707,1303149867,35.44341429189297,-0.5,0.0
2187246707,2187246627,33.94985962346255,0.20000000000000284,0.20000000000000284
2187246707,2187246832,113.6431572357759,2.0,2.0
2187246718,2187246760,40.3964365115863,0.8000000000000043,0.8000000000000043
2187246718,1303152303,24.36093556718616,-0.8999999999999986,0.0
2187246718,443306889,73.76705726795234,4.399999999999999,4.399999999999999
2187246721,1303150908,37.70746583270659,0.8000000000000043,0.8000000000000043
2187246721,2187246627,69.15767170524542,-1.7999999999999972,0.0
2187246721,2187246614,71.90836338872305,0.20000000000000284,0.20000000000000284
2187246723,1303149867,37.382013125636064,0.19999999999999574,0.19999999999999574
2187246723,1303152303,39.88598552468217,-0.20000000000000284,0.0
2187246723,2187246519,110.88046105338253,0.3999999999999986,0.3999999999999986
2187246739,2187246619,47.398820297113446,-2.1999999999999957,0.0
2187246739,1303150717,48.13106360208471,1.9000000000000057,1.9000000000000057
2187246739,2187246771,104.81111602724742,2.1000000000000014,2.1000000000000014
2187246742,2187246695,38.76716617980778,1.0,1.0
2187246742,2187246661,39.003307356288666,-1.6999999999999957,0.0
2187246742,2187246882,71.77590825271706,3.6000000000000014,3.6000000000000014
2187246754,2187246782,31.973454210340936,-1.2999999999999972,0.0
2187246754,2187246691,33.14226759578002,-4.0,0.0
2187246754,2187246830,41.610924804638906,0.5,0.5
2187246760,2187246907,75.92837069751585,4.299999999999997,4.299999999999997
2187246760,2187246718,40.3964365115863,-0.8000000000000043,0.0
2187246760,1303150361,39.51524662288656,-0.9000000000000057,0.0
2187246771,2187246875,53.63049439584391,1.6000000000000014,1.6000000000000014
2187246771,2187246658,53.14386542700864,-2.3999999999999986,0.0
2187246771,2187246739,104.81111602724742,-2.1000000000000014,0.0
2187246779,1303151798,13.225016511666512,-0.6000000000000014,0.0
2187246779,1303152408,66.53883196882214,4.799999999999997,4.799999999999997
2187246779,2187246677,125.18757029131584,-5.300000000000004,0.0
2187246782,1303150040,96.30496595316303,-7.200000000000003,0.0
2187246782,2187246754,31.973454210340936,1.2999999999999972,1.2999999999999972
2187246782,443306889,40.6585923300631,-1.2000000000000028,0.0
2187246824,1303151529,29.78852017294411,0.5,0.5
2187246824,1303151801,40.670703882724226,-2.0,0.0
2187246824,2187246871,30.81576283110028,2.6999999999999957,2.6999999999999957
2187246830,2187246754,41.610924804638906,-0.5,0.0
2187246830,2187246941,127.29701790464816,0.5,0.5
2187246830,2187246863,24.19148390429947,0.10000000000000142,0.10000000000000142
2187246832,2187246864,104.81923805201859,3.8000000000000043,3.8000000000000043
2187246832,2187246707,113.6431572357759,-2.0,0.0
2187246832,1303151833,36.438630023628086,-1.1000000000000014,0.0
2187246832,1303150908,33.541577848336246,0.8000000000000043,0.8000000000000043
2187246854,1303150613,54.61844473385818,3.799999999999997,3.799999999999997
2187246854,1303150361,23.70321922180063,-0.7000000000000028,0.0
2187246854,2187246924,71.09537801196073,5.100000000000001,5.100000000000001
2187246854,2187246937,112.12994162780069,2.6000000000000014,2.6000000000000014
2187246863,2187246875,35.49963834761917,-0.3999999999999986,0.0
2187246863,2187246679,87.03135374444314,-3.6999999999999957,0.0
2187246863,2187247054,111.8187262896368,5.700000000000003,5.700000000000003
2187246863,2187246830,24.19148390429947,-0.10000000000000142,0.0
2187246864,1303151798,32.43460026262363,1.2999999999999972,1.2999999999999972
2187246864,2187246832,104.81923805201859,-3.8000000000000043,0.0
2187246864,1303150794,98.49969582466645,6.0,6.0
2187246864,1303151197,33.551916808089985,-1.2000000000000028,0.0
2187246866,2187246944,51.381108240032894,3.3000000000000043,3.3000000000000043
2187246866,2267296176,27.536995399099734,0.8000000000000043,0.8000000000000043
2187246866,4070953856,97.61622385312322,-7.899999999999999,0.0
2187246871,7366852038,6.229439027777451,0.0,0.0
2187246871,2187246824,30.81576283110028,-2.6999999999999957,0.0
2187246871,1303152736,52.77706485716311,4.700000000000003,4.700000000000003
2187246875,2187246863,35.49963834761917,0.3999999999999986,0.3999999999999986
2187246875,461630518,181.4583714236997,0.29999999999999716,0.29999999999999716
2187246875,2187246771,53.63049439584391,-1.6000000000000014,0.0
2187246875,1303150717,119.5913696360967,-1.7999999999999972,0.0
2187246882,2187246742,71.77590825271706,-3.6000000000000014,0.0
2187246882,2187247008,78.20457281269316,4.299999999999997,4.299999999999997
2187246882,2187246898,32.2411413869218,-0.20000000000000284,0.0
2187246882,2187246884,38.124675506677654,-3.0,0.0
2187246884,4020938306,2.388276922440458,-0.20000000000000284,0.0
2187246884,2187247023,83.63943071623893,6.5,6.5
2187246884,2187246882,38.124675506677654,3.0,3.0
2187246898,2187247078,106.33432669260542,4.0,4.0
2187246898,1303151885,33.39860727868459,-0.3999999999999986,0.0
2187246898,2187246882,32.2411413869218,0.20000000000000284,0.20000000000000284
2187246898,2187246695,92.62459315331627,-2.3999999999999986,0.0
2187246907,2187246760,75.92837069751585,-4.299999999999997,0.0
2187246907,443306889,38.003616540046245,-0.7000000000000028,0.0
2187246907,2187246924,21.20253733096685,0.6000000000000014,0.6000000000000014
2187246918,1303152967,34.60584196183337,-1.6999999999999957,0.0
2187246918,1303151885,36.23222065134067,2.0,2.0
2187246918,2187246654,122.31427154144357,-0.5,0.0
2187246921,2187246971,39.10488600695355,3.1000000000000014,3.1000000000000014
2187246921,1303153103,69.62533585020425,3.799999999999997,3.799999999999997
2187246921,1303151197,34.382351240324944,-1.5,0.0
2187246924,2187246907,21.202537330966855,-0.6000000000000014,0.0
2187246924,2187247085,100.32404136248067,8.100000000000001,8.100000000000001
2187246924,2187246854,71.09537801196075,-5.100000000000001,0.0
2187246937,2187246987,107.29565293157161,2.799999999999997,2.799999999999997
2187246937,2187246854,112.12994162780069,-2.6000000000000014,0.0
2187246937,1303152965,32.7288725610192,2.299999999999997,2.299999999999997
2187246937,1303151833,35.971886739795494,-2.3000000000000043,0.0
2187246941,1303151740,69.46977292320672,5.200000000000003,5.200000000000003
2187246941,2187246830,127.29701790464816,-0.5,0.0
2187246941,443306889,58.262228141080875,-3.5,0.0
2187246944,2187246866,51.381108240032894,-3.3000000000000043,0.0
2187246944,7366852038,108.79575954926148,-6.400000000000006,0.0
2187246944,2187246964,20.268522294163702,0.3999999999999986,0.3999999999999986
2187246948,2187246971,103.56982594611166,-2.6000000000000014,0.0
2187246948,1303150678,40.60220319752786,-1.2000000000000028,0.0
2187246948,1303152385,70.6899841043091,5.0,5.0
2187246964,2187246944,20.268522294163702,-0.3999999999999986,0.0
2187246964,2187246969,11.877606624780835,0.0,0.0
2187246964,1303152700,60.2675213240457,4.199999999999996,4.199999999999996
2187246969,1303150582,51.43212777980958,-3.0,0.0
2187246969,2187246964,11.877606624780835,0.0,0.0
2187246969,7366852177,106.9266772316187,-1.8999999999999986,0.0
2187246971,2187246948,103.56982594611166,2.6000000000000014,2.6000000000000014
2187246971,2187246921,39.10488600695355,-3.1000000000000014,0.0
2187246971,2187247042,35.7931243268899,2.6000000000000014,2.6000000000000014
2187246987,1303150656,34.70872501050288,3.0,3.0
2187246987,1303149919,36.510204776335186,-2.6999999999999957,0.0
2187246987,2187246937,107.29565293157161,-2.799999999999997,0.0
2187246989,1303151885,56.099925926599106,-1.7000000000000028,0.0
2187246989,2187247073,44.77314453272864,1.5,1.5
2187246989,7049432086,19.83694327398891,-0.30000000000000426,0.0
2187247005,1303152965,37.356002627258526,-2.200000000000003,0.0
2187247005,2187247087,47.05302878383634,3.6000000000000014,3.6000000000000014
2187247005,1303150656,88.22939671457775,1.2999999999999972,1.2999999999999972
2187247008,2187247083,37.24237905801284,0.9000000000000057,0.9000000000000057
2187247008,2187246882,78.20457281269316,-4.299999999999997,0.0
2187247008,2187247023,36.973517050446866,-0.7999999999999972,0.0
2187247015,7049409583,30.3874475277844,0.6000000000000014,0.6000000000000014
2187247015,1303152967,61.541411375738235,-3.8999999999999986,0.0
2187247015,2187247095,53.273790387866306,3.8999999999999986,3.8999999999999986
2187247023,2187247080,77.77858134589788,-1.5,0.0
2187247023,2187246884,83.63943071623893,-6.5,0.0
2187247023,2187247008,36.97351705044686,0.7999999999999972,0.7999999999999972
2187247042,2187246971,35.7931243268899,-2.6000000000000014,0.0
2187247042,1303152385,60.15264750336239,5.0,5.0
2187247042,2187247044,4.519481129898188,-0.4000000000000057,0.0
2187247044,2187247112,35.77543036637877,2.6000000000000014,2.6000000000000014
2187247044,2187247042,4.519481129898188,0.4000000000000057,0.4000000000000057
2187247044,2187247049,29.228649471788646,-2.0999999999999943,0.0
2187247049,1303151197,72.77767573962247,-4.700000000000003,0.0
2187247049,2187247044,29.228649471788646,2.0999999999999943,2.0999999999999943
2187247049,1303150656,44.09245242590318,-0.30000000000000426,0.0
2187247054,2187246863,111.8187262896368,-5.700000000000003,0.0
2187247054,9269014802,127.69043390520633,-3.3000000000000043,0.0
2187247054,1303151740,54.39855809011217,-0.10000000000000142,0.0
2187247066,1303151619,42.70880186207636,2.200000000000003,2.200000000000003
2187247066,1303152700,6.483909889504232,0.0,0.0
2187247066,2187247114,49.13571490700031,2.8000000000000043,2.8000000000000043
2187247066,4070948076,57.70149025512339,-4.099999999999994,0.0
2187247073,2187246989,44.77314453272864,-1.5,0.0
2187247073,9269278325,20.514826366447803,0.7999999999999972,0.7999999999999972
2187247073,2187247095,62.37823796054036,0.8999999999999986,0.8999999999999986
2187247078,2187246898,106.33432669260542,-4.0,0.0
2187247078,9269278325,10.111323769035213,-0.3999999999999986,0.0
2187247078,2187247083,34.7883837747184,1.4000000000000057,1.4000000000000057
2187247080,2187247023,77.77858134589788,1.5,1.5
2187247080,2187247123,35.81100647856826,2.8999999999999986,2.8999999999999986
2187247080,1303152385,24.08149210043505,-1.2999999999999972,0.0
2187247083,2187247008,37.24237905801284,-0.9000000000000057,0.0
2187247083,2187247132,39.29867257158183,-3.1000000000000014,0.0
2187247083,2187247123,110.25287041753464,-0.30000000000000426,0.0
2187247083,2187247078,34.7883837747184,-1.4000000000000057,0.0
2187247085,2187246924,100.32404136248068,-8.100000000000001,0.0
2187247085,1303151740,57.46809352265298,-0.7000000000000028,0.0
2187247085,1303152231,60.342654431757815,1.3999999999999986,1.3999999999999986
2187247087,2187247005,47.05302878383634,-3.6000000000000014,0.0
2187247087,2187247134,36.2303586162557,3.299999999999997,3.299999999999997
2187247087,1303152965,110.95285370163725,-5.800000000000004,0.0
2187247095,2187247015,53.273790387866306,-3.8999999999999986,0.0
2187247095,2187247116,70.36048001730451,4.700000000000003,4.700000000000003
2187247095,2187247073,62.37823796054036,-0.8999999999999986,0.0
2187247099,1471065539,26.232607723391254,0.3999999999999986,0.3999999999999986
2187247102,4020938304,30.93401572239908,3.1000000000000014,3.1000000000000014
2187247102,1303150656,33.44301595193047,-2.6000000000000014,0.0
2187247102,4020938301,23.98545257886845,2.1000000000000014,2.1000000000000014
2187247110,2187247114,4.874719378688291,0.3999999999999986,0.3999999999999986
2187247110,2187247140,31.375265760348206,7.399999999999999,7.399999999999999
2187247110,1303152736,133.16084706962607,-8.700000000000003,0.0
2187247112,2187247044,35.77543036637877,-2.6000000000000014,0.0
2187247114,2187247110,4.874719378688291,-0.3999999999999986,0.0
2187247114,1303151724,117.62444221706325,8.600000000000001,8.600000000000001
2187247114,2187247066,49.13571490700031,-2.8000000000000043,0.0
2187247116,1302821453,54.664235823016696,-0.7000000000000028,0.0
2187247116,2187247095,70.36048001730452,-4.700000000000003,0.0
2187247116,2187247140,31.774383974726604,3.3999999999999986,3.3999999999999986
2187247123,2187247080,35.81100647856826,-2.8999999999999986,0.0
2187247123,2187247157,26.335855489580364,-2.799999999999997,0.0
2187247123,2187247162,97.42308672496995,-2.3999999999999986,0.0
2187247123,2187247083,110.25287041753462,0.30000000000000426,0.30000000000000426
2187247132,9269278329,28.478677642390455,-2.8000000000000043,0.0
2187247132,2187247083,39.29867257158183,3.1000000000000014,3.1000000000000014
2187247132,9269278327,50.30163848585808,0.6000000000000014,0.6000000000000014
2187247134,2187247087,36.2303586162557,-3.299999999999997,0.0
2187247134,1303152231,124.24353957413896,0.6000000000000014,0.6000000000000014
2187247134,1302823040,40.694980761716295,1.7000000000000028,1.7000000000000028
2187247140,2187247110,31.375265760348206,-7.399999999999999,0.0
2187247140,2187247116,31.774383974726604,-3.3999999999999986,0.0
2187247140,1302822664,115.73148707710314,3.999999999999993,3.999999999999993
2187247157,13076852405,100.24137023897197,-4.200000000000003,0.0
2187247157,13076852407,40.839215867855394,-4.5,0.0
2187247157,2187247123,26.335855489580364,2.799999999999997,2.799999999999997
2187247159,1471065539,48.63847468621642,-1.5,0.0
2187247159,2187247162,50.302624324486125,0.3999999999999986,0.3999999999999986
2187247159,1471065594,74.17997816281805,-2.700000000000003,0.0
2187247162,2187247159,50.302624324486125,-0.3999999999999986,0.0
2187247162,4020938304,46.59208501879434,-3.8999999999999986,0.0
2187247162,2187247167,31.20758161943457,-0.7999999999999972,0.0
2187247162,2187247123,97.42308672496995,2.3999999999999986,2.3999999999999986
2187247167,4020938297,8.078672033677114,-0.30000000000000426,0.0
2187247167,2187247175,66.94215566582662,-5.0,0.0
2187247167,2187247162,31.20758161943457,0.7999999999999972,0.7999999999999972
2187247169,1302822001,35.95406952531211,0.6000000000000014,0.6000000000000014
2187247169,1302822872,38.183009893424575,-0.29999999999999716,0.0
2187247169,13076852405,5.111550208964564,0.0,0.0
2187247175,1302821907,60.32309406503104,0.8999999999999986,0.8999999999999986
2187247175,1302822038,55.123988127514345,-3.6000000000000014,0.0
2187247175,2187247167,66.94215566582662,5.0,5.0
2245132743,10738873081,44.536022828103,-0.10000000000000142,0.0
2245132743,10310879492,12.885320759626243,-3.0,0.0
2245132743,10310879492,53.464757853346015,-3.0,0.0
2245132776,4070941397,8.098460693347166,-0.10000000000000142,0.0
2245132776,4070941403,51.93975726134764,1.8999999999999986,1.8999999999999986
2245132776,7099852048,85.65194896126917,-3.6000000000000014,0.0
2245132845,2639302714,14.49228707483414,-2.0,0.0
2245132845,10723483833,15.32882170695839,-1.3000000000000043,0.0
2245132845,10721102909,28.8412846685154,-3.9000000000000057,0.0
2245132927,2639302694,14.903141902805006,-0.10000000000000142,0.0
2245132927,10269783371,78.757600936631,0.19999999999999574,0.19999999999999574
2245132927,8411254516,8.984608070287294,0.0,0.0
2245132927,10721114682,6.387651681369835,0.0,0.0
2245132953,1767727211,22.747740501654846,-0.09999999999999432,0.0
2245132953,1767727214,107.85621392644607,-6.9999999999999964,0.0
2245132953,1303246232,9.913297938388272,0.0,0.0
2261866802,6405281335,26.660155143757944,1.5999999999999979,1.5999999999999979
2261866802,7099852097,236.92414252227275,-9.8,0.0
2261866811,2261866837,44.98554618672408,1.8000000000000043,1.8000000000000043
2261866811,6405281335,4.17601531275432,0.0,0.0
2261866837,2261866811,44.98554618672408,-1.8000000000000043,0.0
2261866837,2261866860,44.26987575145793,1.5,1.5
2261866837,6405281339,107.75140733444924,2.5,2.5
2261866860,2261866837,44.26987575145793,-1.5,0.0
2261866860,2261866883,45.29064383465944,2.3999999999999986,2.3999999999999986
2261866866,2261866868,3.556584972902237,0.3000000000000007,0.3000000000000007
2261866866,10736725977,25.95442621793304,-0.6999999999999993,0.0
2261866866,10736725964,205.11422672780998,4.700000000000003,4.700000000000003
2261866868,2261866866,3.556584972902237,-0.3000000000000007,0.0
2261866868,2261866879,17.556442692816745,4.0,4.0
2261866868,2261866879,63.634040311160355,4.0,4.0
2261866879,2261866868,17.556442692816745,-4.0,0.0
2261866879,2261866868,63.63404031116035,-4.0,0.0
2261866879,2261866891,130.9625400529198,4.5000000000000036,4.5000000000000036
2261866883,2261866887,25.00520797736356,0.3999999999999986,0.3999999999999986
2261866883,2261866894,21.266563155473996,1.1999999999999957,1.1999999999999957
2261866883,2261866860,45.29064383465944,-2.3999999999999986,0.0
2261866887,2261866883,25.00520797736356,-0.3999999999999986,0.0
2261866887,2261866928,55.690254072884,2.299999999999997,2.299999999999997
2261866887,2261866927,88.99648955154538,1.7999999999999972,1.7999999999999972
2261866891,6407306857,83.76676135322263,1.5,1.5
2261866891,2261866879,130.9625400529198,-4.5000000000000036,0.0
2261866891,2261866896,5.876604735405696,-0.10000000000000142,0.0
2261866894,2261866883,21.266563155473996,-1.1999999999999957,0.0
2261866894,2261866914,34.28403390593814,1.3000000000000043,1.3000000000000043
2261866894,6405281339,394.30365639741865,-2.5999999999999943,0.0
2261866896,2261866935,85.22276063569251,1.1999999999999957,1.1999999999999957
2261866896,2261866971,114.98161843511441,-3.700000000000003,0.0
2261866896,2261866891,5.876604735405696,0.10000000000000142,0.10000000000000142
2261866914,2261866928,25.310256505995405,0.19999999999999574,0.19999999999999574
2261866914,2261866894,34.28403390593814,-1.3000000000000043,0.0
2261866914,2261866935,20.49003986854141,-1.3000000000000043,0.0
2261866927,2261866929,10.46310638638459,0.0,0.0
2261866927,2261866887,88.99648955154538,-1.7999999999999972,0.0
2261866927,2261866953,45.062055501557296,1.3000000000000043,1.3000000000000043
2261866928,2261866914,25.310256505995405,-0.19999999999999574,0.0
2261866928,2261866887,55.690254072884,-2.299999999999997,0.0
2261866928,2261866953,93.78475121150498,0.8000000000000043,0.8000000000000043
2261866929,2261866927,10.46310638638459,0.0,0.0
2261866935,2261866914,20.49003986854141,1.3000000000000043,1.3000000000000043
2261866935,2261866943,10.886278694163469,-1.0,0.0
2261866935,2261866896,85.22276063569251,-1.1999999999999957,0.0
2261866943,2261866935,10.886278694163469,1.0,1.0
2261866943,2261866951,37.7849046618541,0.5,0.5
2261866943,2261866971,47.84192334093835,-3.8999999999999986,0.0
2261866951,2261866969,26.8210700093543,-1.3999999999999986,0.0
2261866951,2261866981,68.7369283373291,1.6000000000000014,1.6000000000000014
2261866951,2261866943,37.7849046618541,-0.5,0.0
2261866953,2261866927,45.062055501557296,-1.3000000000000043,0.0
2261866953,2261866928,93.78475121150497,-0.8000000000000043,0.0
2261866953,2261866961,12.131182294645583,0.10000000000000142,0.10000000000000142
2261866961,2261866979,27.370915945891557,-1.3000000000000043,0.0
2261866961,6407306856,111.7561640273034,-1.2000000000000028,0.0
2261866961,2261866953,12.131182294645583,-0.10000000000000142,0.0
2261866961,2261866973,34.75209717166949,-0.30000000000000426,0.0
2261866969,2261866989,31.546652420862205,-1.6000000000000014,0.0
2261866969,2261866951,26.8210700093543,1.3999999999999986,1.3999999999999986
2261866969,2261866999,60.02577511579641,1.3000000000000043,1.3000000000000043
2261866971,10736725944,22.02979128517551,-0.3999999999999986,0.0
2261866971,2261866989,40.8970157377246,1.3999999999999986,1.3999999999999986
2261866971,2261866943,47.84192334093835,3.8999999999999986,3.8999999999999986
2261866971,2261866896,114.98161843511441,3.700000000000003,3.700000000000003
2261866973,2261866976,9.995927372823926,-0.10000000000000142,0.0
2261866973,2261866961,34.75209717166949,0.30000000000000426,0.30000000000000426
2261866976,2261866973,9.995927372823926,0.10000000000000142,0.10000000000000142
2261866979,2261866961,27.370915945891557,1.3000000000000043,1.3000000000000043
2261866979,2261866981,10.298332661741501,0.0,0.0
2261866979,2261866992,28.44628956553639,-1.1999999999999957,0.0
2261866981,2261866979,10.298332661741501,0.0,0.0
2261866981,2261866951,68.7369283373291,-1.6000000000000014,0.0
2261866981,2261866999,42.940572611077855,-1.6999999999999957,0.0
2261866984,10736725965,6.9040941627018215,-0.10000000000000142,0.0
2261866984,1303244683,7.524339724237959,-0.10000000000000142,0.0
2261866984,10736725962,9.264835809310382,-0.3000000000000007,0.0
2261866984,10736725966,9.23439775424874,0.19999999999999574,0.19999999999999574
2261866989,2261866969,31.546652420862205,1.6000000000000014,1.6000000000000014
2261866989,2261866971,40.8970157377246,-1.3999999999999986,0.0
2261866989,2261867014,53.749364234794854,1.5,1.5
2261866992,2261867008,37.36716407003921,-2.200000000000003,0.0
2261866992,2261866979,28.44628956553639,1.1999999999999957,1.1999999999999957
2261866999,2261866969,60.02577511579641,-1.3000000000000043,0.0
2261866999,2261867014,38.02981364291423,-1.4000000000000057,0.0
2261866999,2261866981,42.94057261107785,1.6999999999999957,1.6999999999999957
2261867008,2261867028,49.6407151015274,-3.1999999999999993,0.0
2261867008,2261867041,86.20506199901352,-2.700000000000003,0.0
2261867008,2261866992,37.36716407003921,2.200000000000003,2.200000000000003
2261867014,2261867020,9.150301274139736,0.0,0.0
2261867014,2261866999,38.02981364291423,1.4000000000000057,1.4000000000000057
2261867014,2261866989,53.749364234794854,-1.5,0.0
2261867020,10736725978,17.410324705542042,0.10000000000000142,0.10000000000000142
2261867020,2261867028,25.997809600144596,-3.4999999999999964,0.0
2261867020,2261867014,9.150301274139736,0.0,0.0
2261867020,10736725983,42.26192511761377,-4.899999999999999,0.0
2261867028,2261867046,65.44595565005744,-4.100000000000001,0.0
2261867028,2261867008,49.6407151015274,3.1999999999999993,3.1999999999999993
2261867028,2261867020,25.997809600144592,3.4999999999999964,3.4999999999999964
2261867041,2261867008,86.20506199901352,2.700000000000003,2.700000000000003
2261867041,2261867046,55.73886757416832,-4.599999999999998,0.0
2261867046,2261867028,65.44595565005744,4.100000000000001,4.100000000000001
2261867046,2261867041,55.73886757416832,4.599999999999998,4.599999999999998
2261867046,10736725946,25.553417383887222,-0.5,0.0
2261867052,10736725946,6.467816467355272,-0.10000000000000142,0.0
2261867052,1303243656,7.319826195240028,0.0,0.0
2261867052,10736725955,7.338727497800884,0.1999999999999993,0.1999999999999993
2261867052,10736725953,4.995679053333566,-0.10000000000000142,0.0
2267231814,6447149352,46.75388929022642,0.20000000000000284,0.20000000000000284
2267231814,7406081424,2.169290374503797,0.0,0.0
2267231814,7366852167,79.27295871266479,-1.5,0.0
2267231841,2267231899,153.72498448899597,-13.299999999999997,0.0
2267231841,2267294261,91.17403822320631,10.799999999999997,10.799999999999997
2267231841,6407480816,82.59690261484495,0.0,0.0
2267231871,7366584689,7.660075195843555,-0.3999999999999986,0.0
2267231871,7366584694,57.199665550592194,-3.799999999999997,0.0
2267231871,7366852216,92.27242865918836,3.200000000000003,3.200000000000003
2267231875,7366584698,4.515825002813558,0.09999999999999432,0.09999999999999432
2267231875,7366852215,86.49845329009996,3.0,3.0
2267231875,7366584695,63.50795311516415,-4.200000000000003,0.0
2267231889,12022212138,32.810564347058,1.7000000000000028,1.7000000000000028
2267231889,2267231899,65.1535625707495,0.30000000000000426,0.30000000000000426
2267231889,6407480811,174.6246523125272,-1.1000000000000014,0.0
2267231896,7366852213,101.92337074779519,-2.5,0.0
2267231896,7366852209,4.82927220325262,-0.09999999999999432,0.0
2267231896,7366852199,297.8310135900024,-2.3999999999999986,0.0
2267231899,2267294338,37.72083973895107,0.09999999999999432,0.09999999999999432
2267231899,2267231841,153.724984488996,13.299999999999997,13.299999999999997
2267231899,2267231889,65.1535625707495,-0.30000000000000426,0.0
2267231900,2267231912,127.27034956881569,8.299999999999997,8.299999999999997
2267231900,2267231925,92.9577842192244,11.299999999999997,11.299999999999997
2267231900,7366584698,41.911487951508434,-4.800000000000004,0.0
2267231906,2267231912,19.9980666648793,0.10000000000000142,0.10000000000000142
2267231906,6407480800,8.47677569676765,-0.3999999999999986,0.0
2267231906,7366852209,96.7963262919884,-7.099999999999994,0.0
2267231912,2267231906,19.9980666648793,-0.10000000000000142,0.0
2267231912,2267231925,73.93526440898736,3.0,3.0
2267231912,2267231900,127.27034956881569,-8.299999999999997,0.0
2267231915,7366852199,5.671358714447407,0.10000000000000142,0.10000000000000142
2267231915,7366852205,7.5541194937005045,-0.19999999999999574,0.0
2267231915,12022212138,31.672019557873753,-2.1999999999999957,0.0
2267231925,2267231947,92.18439454694598,4.5,4.5
2267231925,2267231912,73.93526440898736,-3.0,0.0
2267231925,2267231900,92.9577842192244,-11.299999999999997,0.0
2267231936,2267231956,52.77138608353188,1.2000000000000028,1.2000000000000028
2267231947,908108796,40.93211053338465,-3.799999999999997,0.0
2267231947,11954201559,124.81630283465887,4.5,4.5
2267231947,2267231925,92.18439454694598,-4.5,0.0
2267231956,2267231984,133.15238339888927,-1.6000000000000014,0.0
2267231956,2267231936,52.77138608353187,-1.2000000000000028,0.0
2267231956,2267294362,65.63683494734192,-8.0,0.0
2267231984,11954201559,2.343207766845584,-0.20000000000000284,0.0
2267231984,2267231956,133.15238339888927,1.6000000000000014,1.6000000000000014
2267231984,2267232082,102.71490702807894,0.8999999999999986,0.8999999999999986
2267231989,1303151563,62.16839227810782,-3.8000000000000043,0.0
2267231989,3444285112,153.92761615741432,17.1,17.1
2267231989,2267232043,60.529182465300956,0.3999999999999986,0.3999999999999986
2267232000,1303151563,39.50831312752576,-1.2000000000000028,0.0
2267232000,2267294373,170.55405212676663,2.8999999999999986,2.8999999999999986
2267232000,2267232043,50.98213736386501,3.0,3.0
2267232043,2267232092,85.26739367775448,7.799999999999997,7.799999999999997
2267232043,2267232000,50.98213736386501,-3.0,0.0
2267232043,2267231989,60.52918246530096,-0.3999999999999986,0.0
2267232080,2267232092,39.53202787420304,-3.3000000000000043,0.0
2267232082,3444285112,7.686685030226001,-0.29999999999999716,0.0
2267232082,2267231984,102.71490702807894,-0.8999999999999986,0.0
2267232082,908108402,87.2624843583236,2.5,2.5
2267232092,2267232105,47.064194423568644,9.5,9.5
2267232092,2267232043,85.26739367775447,-7.799999999999997,0.0
2267232092,2267232080,39.53202787420304,3.3000000000000043,3.3000000000000043
2267232105,3444285116,44.22304654533001,1.7999999999999972,1.7999999999999972
2267232105,2267232092,47.06419442356865,-9.5,0.0
2267232105,2267232120,22.21744270308153,3.9000000000000057,3.9000000000000057
2267232120,2267232105,22.21744270308153,-3.9000000000000057,0.0
2267232120,3444285116,49.862195038652644,-2.1000000000000085,0.0
2267294179,7366852026,270.0251511735349,-12.600000000000001,0.0
2267294179,2267294195,110.71282548529436,11.799999999999997,11.799999999999997
2267294179,1767473943,31.69004915822079,2.5,2.5
2267294195,1303243660,21.552071736139265,0.7999999999999972,0.7999999999999972
2267294195,2267294179,110.71282548529437,-11.799999999999997,0.0
2267294195,2267294203,28.368010422577576,2.3999999999999986,2.3999999999999986
2267294203,1303244213,28.37281603517538,-0.29999999999999716,0.0
2267294203,2267294209,8.426257472422126,0.30000000000000426,0.30000000000000426
2267294203,2267294195,28.368010422577576,-2.3999999999999986,0.0
2267294209,2267294203,8.426257472422126,-0.30000000000000426,0.0
2267294209,2267294271,131.35348607166893,-8.0,0.0
2267294209,2267294261,97.57802967196055,3.5999999999999943,3.5999999999999943
2267294215,2267294272,113.2251586203262,0.29999999999999716,0.29999999999999716
2267294225,1303244266,15.844077597638835,0.5,0.5
2267294225,10750743308,27.570035200094154,-0.8999999999999986,0.0
2267294225,1303244080,85.03252943194562,-0.5,0.0
2267294241,2267294248,20.331446634552403,-0.19999999999999574,0.0
2267294241,2267294283,141.70435145825354,2.9000000000000057,2.9000000000000057
2267294241,7366852025,61.336544797652635,-0.6999999999999957,0.0
2267294248,2267294241,20.331446634552403,0.19999999999999574,0.19999999999999574
2267294248,7369027661,39.523063062652135,-0.7000000000000028,0.0
2267294248,2267294286,152.90316447236896,3.1999999999999957,3.1999999999999957
2267294253,2267294305,155.85161142384354,-0.8999999999999986,0.0
2267294261,2267294265,25.88889953719907,0.0,0.0
2267294261,2267231841,91.17403822320631,-10.799999999999997,0.0
2267294261,2267294209,97.57802967196056,-3.5999999999999943,0.0
2267294265,1303244080,25.974507986026964,-0.8999999999999986,0.0
2267294265,2267294261,25.88889953719907,0.0,0.0
2267294265,1303244266,106.74148850063948,0.10000000000000142,0.10000000000000142
2267294271,2267294272,22.47589212895976,-2.4000000000000057,0.0
2267294271,2267294209,131.35348607166893,8.0,8.0
2267294271,6407480816,34.62489395428507,0.7999999999999972,0.7999999999999972
2267294272,2267294271,22.47589212895976,2.4000000000000057,2.4000000000000057
2267294272,2267294283,109.86927627932062,-13.099999999999994,0.0
2267294272,2267294215,113.2251586203262,-0.29999999999999716,0.0
2267294283,2267294286,7.462479447783519,0.09999999999999432,0.09999999999999432
2267294283,2267294241,141.70435145825354,-2.9000000000000057,0.0
2267294283,2267294272,109.86927627932062,13.099999999999994,13.099999999999994
2267294286,2267294283,7.462479447783519,-0.09999999999999432,0.0
2267294286,1303245928,85.08720502522608,1.5,1.5
2267294286,2267294248,152.90316447236896,-3.1999999999999957,0.0
2267294297,1303245219,5.656008074609144,-0.10000000000000142,0.0
2267294297,2267294316,26.968847962952143,1.1999999999999957,1.1999999999999957
2267294297,1303244958,106.96658786080584,0.5,0.5
2267294305,1303245219,28.282915687373375,3.299999999999997,3.299999999999997
2267294305,2267294253,155.85161142384354,0.8999999999999986,0.8999999999999986
2267294305,2267294338,127.02651289970417,-14.900000000000006,0.0
2267294316,2267294297,26.968847962952143,-1.1999999999999957,0.0
2267294336,2267294337,49.13606688533442,0.19999999999999574,0.19999999999999574
2267294336,7366852212,96.05469197325442,-2.3000000000000043,0.0
2267294336,7366852175,5.954141309229879,-0.10000000000000142,0.0
2267294337,2267294336,49.13606688533442,-0.19999999999999574,0.0
2267294337,7366852176,5.242974834741966,0.10000000000000142,0.10000000000000142
2267294337,7366852198,256.28710139114827,-2.0,0.0
2267294338,2267231899,37.72083973895107,-0.09999999999999432,0.0
2267294338,11954201550,53.651499188088415,0.30000000000000426,0.30000000000000426
2267294338,2267294305,127.02651289970419,14.900000000000006,14.900000000000006
2267294339,2267294341,4.320099745590733,0.0,0.0
2267294339,7366852175,12.342315744921024,-0.5,0.0
2267294339,6407480800,57.23751816846881,6.399999999999999,6.399999999999999
2267294341,2267294339,4.320099745590733,0.0,0.0
2267294341,2267294362,122.5928075553147,12.700000000000003,12.700000000000003
2267294341,2267294342,46.54064730526357,0.20000000000000284,0.20000000000000284
2267294342,2267294346,12.088932806969188,0.8999999999999986,0.8999999999999986
2267294342,7366852176,10.396725438197176,-0.30000000000000426,0.0
2267294342,2267294341,46.54064730526357,-0.20000000000000284,0.0
2267294346,2267294342,12.088932806969188,-0.8999999999999986,0.0
2267294355,2267294362,107.75085167163277,-3.1999999999999957,0.0
2267294362,2267294355,107.75085167163279,3.1999999999999957,3.1999999999999957
2267294362,2267231956,65.63683494734192,8.0,8.0
2267294362,2267294341,122.59280755531466,-12.700000000000003,0.0
2267294373,2267232000,170.5540521267666,-2.8999999999999986,0.0
2267296171,2267296176,71.74661502687366,7.900000000000006,7.900000000000006
2267296171,2187246625,103.9430473765947,-1.7999999999999972,0.0
2267296171,12022212138,76.96448884841814,1.3000000000000043,1.3000000000000043
2267296176,1303150582,3.5492408186405675,-0.10000000000000142,0.0
2267296176,2187246866,27.536995399099734,-0.8000000000000043,0.0
2267296176,2267296171,71.74661502687366,-7.900000000000006,0.0
2267312392,908108783,32.08161504524544,-2.3999999999999986,0.0
2267312392,908108584,84.72087617413845,6.900000000000006,6.900000000000006
2267312392,2267312397,38.907480248830865,-3.0999999999999943,0.0
2267312397,2267312392,38.907480248830865,3.0999999999999943,3.0999999999999943
2267312397,908108715,34.099723219066284,1.8999999999999986,1.8999999999999986
2267312397,908108541,30.829643185903358,-6.600000000000001,0.0
2267373260,1484203389,20.56375028133304,0.0,0.0
2267877232,2267877234,59.27862975402503,-0.6999999999999993,0.0
2267877234,1484203328,10.67043425612348,-0.10000000000000142,0.0
2267877234,2267877232,59.27862975402503,0.6999999999999993,0.6999999999999993
2267877234,2139630239,56.545087275387495,-0.6000000000000014,0.0
2267877235,6394408457,18.28726372989287,0.10000000000000142,0.10000000000000142
2267877235,1484203328,58.06454641348962,-0.3000000000000007,0.0
2267877235,2134826851,124.59692781447029,-0.8000000000000007,0.0
2268334585,10732733563,40.744042757415315,-7.300000000000001,0.0
2268359400,2139628835,5.869820688531386,-0.09999999999999964,0.0
2268359400,2268359408,138.2457792281265,-0.09999999999999964,0.0
2268359400,8796851753,33.019956133847124,1.1000000000000014,1.1000000000000014
2268359407,2268359408,3.5087188997472776,0.0,0.0
2268359407,1484203310,71.08504101263223,-0.6999999999999993,0.0
2268359407,2268359409,42.242769525515975,1.799999999999999,1.799999999999999
2268359408,3926735719,12.528350312754203,0.20000000000000107,0.20000000000000107
2268359408,2268359407,3.5087188997472776,0.0,0.0
2268359408,2268359400,138.2457792281265,0.09999999999999964,0.09999999999999964
2268359409,2268359407,42.242769525515975,-1.799999999999999,0.0
2268359415,9983573432,10.150280098388228,1.0,1.0
2268359415,2136813367,158.00857940237992,-5.100000000000001,0.0
2268359415,2136813798,41.17229064251602,-1.3999999999999986,0.0
2268359417,2139656838,28.950200621656254,-0.1999999999999993,0.0
2268359417,1484203420,99.27822642229707,-4.6,0.0
2268359417,2139656835,26.52204447868282,0.10000000000000142,0.10000000000000142
2268363053,1303244391,15.434250387941598,0.8999999999999986,0.8999999999999986
2268363053,9983573432,169.69071692039094,-10.399999999999999,0.0
2268363053,9983573434,32.088295472325676,0.20000000000000284,0.20000000000000284
2268363057,1303243857,5.71775614007875,-0.10000000000000142,0.0
2268363057,6452330415,38.134054477630684,1.7000000000000028,1.7000000000000028
2268363057,10937054768,25.658343145747644,-0.8999999999999986,0.0
2268363058,6447785889,24.46308411218462,-0.6000000000000014,0.0
2268363058,6452330415,18.33929316188387,-1.2999999999999972,0.0
2268363058,6452330432,61.549463100996775,12.300000000000004,12.300000000000004
2268363060,1303243857,34.66810118568646,-2.0,0.0
2268363060,6447785889,11.09738824286445,0.5,0.5
2268363060,1303246444,106.87860466865287,4.300000000000004,4.300000000000004
2268370311,8796848807,46.37060135954414,0.0,0.0
2268370311,2268370313,19.517766569685843,-0.6000000000000014,0.0
2268370311,8796848802,45.12684582333981,-7.0,0.0
2268370313,2268370311,19.517766569685843,0.6000000000000014,0.6000000000000014
2268370313,2268370325,41.74832065340095,-3.0999999999999943,0.0
2268370313,9983566999,32.93079577875314,0.20000000000000284,0.20000000000000284
2268370321,8796851730,20.52325061273859,0.1999999999999993,0.1999999999999993
2268370321,2268370361,34.11657579539777,1.6999999999999993,1.6999999999999993
2268370321,8796851737,22.81756728052319,-0.3000000000000007,0.0
2268370325,8796848798,98.419462834782,-11.100000000000001,0.0
2268370325,2268370313,41.74832065340095,3.0999999999999943,3.0999999999999943
2268370325,8796851741,36.93848571888879,-2.1000000000000014,0.0
2268370361,8796848789,12.175072988157932,0.5,0.5
2268370361,9983573421,30.416033852224047,-3.0,0.0
2268370361,2268370321,34.116575795397765,-1.6999999999999993,0.0
2268370369,1303245451,20.875779992875668,1.3000000000000007,1.3000000000000007
2268370369,1303244423,14.21687418615802,-0.29999999999999716,0.0
2268370369,9983573421,4.9599690011117294,0.10000000000000142,0.10000000000000142
2268370381,6452247882,6.274853158451949,-0.10000000000000142,0.0
2268370381,6452247878,127.05194703833627,3.799999999999997,3.799999999999997
2268370381,2268370385,49.772579982812154,0.5,0.5
2268370381,2268370400,33.92686115085359,3.6000000000000014,3.6000000000000014
2268370385,1303246453,8.53266720123129,0.0,0.0
2268370385,2268370381,49.772579982812154,-0.5,0.0
2268370385,2268370389,41.79211979314669,-0.6000000000000014,0.0
2268370389,2268370385,41.79211979314669,0.6000000000000014,0.6000000000000014
2268370389,2268371096,8.400489650295503,-0.29999999999999716,0.0
2268370389,1303244466,6.544361112243132,0.0,0.0
2268370400,1303243668,66.67890597543146,-0.30000000000000426,0.0
2268370400,1303244084,45.062035797565784,0.19999999999999574,0.19999999999999574
2268370400,2268370381,33.92686115085359,-3.6000000000000014,0.0
2268370402,1303244084,41.55842025036156,-0.20000000000000284,0.0
2268371096,2268371097,12.592576426340612,0.3999999999999986,0.3999999999999986
2268371096,2268370389,8.400489650295503,0.29999999999999716,0.29999999999999716
2268371096,10794673135,78.31357402891942,-3.3000000000000043,0.0
2268371097,9983573438,29.832177194823196,2.3999999999999986,2.3999999999999986
2268371097,2268371096,12.592576426340612,-0.3999999999999986,0.0
2268371097,2268371105,61.469393980251425,1.7000000000000028,1.7000000000000028
2268371105,1303243765,23.423139685042717,1.0,1.0
2268371105,1303243724,138.37065724032516,-2.4000000000000057,0.0
2268371105,2268371097,61.469393980251425,-1.7000000000000028,0.0
2469038988,1704650319,21.920418029464194,0.29999999999999716,0.29999999999999716
2469038988,2555242414,22.432055103282906,-0.29999999999999716,0.0
2469038988,2469038990,43.29163861383225,0.29999999999999716,0.29999999999999716
2469038990,7368660734,35.914437528698386,-0.09999999999999432,0.0
2469038990,7368660736,47.97271948713889,-0.5,0.0
2469038990,2469038988,43.29163861383225,-0.29999999999999716,0.0
2552572584,1303244259,42.18473049826991,-2.3999999999999986,0.0
2552572584,2637060790,2.9477915790915654,0.10000000000000142,0.10000000000000142
2552572584,1303244500,25.782378225119196,1.3999999999999986,1.3999999999999986
2552572600,1303244551,24.760193600098617,-0.10000000000000142,0.0
2552572600,2552572602,63.66246475233256,-0.3999999999999986,0.0
2552572600,9983573465,139.46199541395669,0.10000000000000142,0.10000000000000142
2552572602,2637060790,35.2235879811108,-2.6000000000000014,0.0
2552572602,1303244500,20.850304475826878,-1.3000000000000043,0.0
2552572602,1303245799,27.53077355646061,-2.3000000000000043,0.0
2552572602,2552572600,63.66246475233256,0.3999999999999986,0.3999999999999986
2552572607,1728170092,34.784327427454734,-0.19999999999999574,0.0
2552572607,1728170102,78.53258184584134,0.8999999999999986,0.8999999999999986
2552572607,2552572609,35.3286029185539,-1.6999999999999993,0.0
2552572607,2552572610,48.074686212388976,1.8999999999999986,1.8999999999999986
2552572609,7099852040,49.20265596568888,-6.599999999999998,0.0
2552572609,7099852052,14.947865479304868,-0.5,0.0
2552572609,2552572607,35.3286029185539,1.6999999999999993,1.6999999999999993
2552572610,10723483833,89.33466896826653,5.600000000000001,5.600000000000001
2552572610,2552572607,48.074686212388976,-1.8999999999999986,0.0
2552572610,1728170066,28.165322131154447,-0.19999999999999574,0.0
2552572610,1704577740,29.370556651496834,-1.1999999999999957,0.0
2555242407,2587567960,29.319621209083298,-1.3000000000000043,0.0
2555242407,9933290458,93.69108553130503,0.5999999999999943,0.5999999999999943
2555242407,1303246079,29.836781766241636,0.29999999999999716,0.29999999999999716
2555242414,2469038988,22.432055103282906,0.29999999999999716,0.29999999999999716
2555242414,2626055013,32.74200977122985,5.099999999999994,5.099999999999994
2555242414,9933290457,18.779667152578554,-0.30000000000000426,0.0
2555242487,2564615216,28.9126169555719,-0.6000000000000014,0.0
2555242487,2575577325,48.925032811257715,2.0,2.0
2555242487,2558496353,41.03046619173811,-0.8000000000000043,0.0
2555242487,1303244587,38.07458167357987,1.6999999999999957,1.6999999999999957
2555365272,9933290457,7.011528104829865,-0.10000000000000142,0.0
2555365273,9933290458,5.4211914367185265,-0.20000000000000284,0.0
2558452287,1984399487,28.751907011292978,1.7999999999999972,1.7999999999999972
2558452287,2587567958,12.048577086194328,-0.10000000000000142,0.0
2558452287,1303244149,5.37405465168692,-0.10000000000000142,0.0
2558496348,1704650317,4.3792794393969245,0.0,0.0
2558496348,1303244792,2.6737403746333053,0.0,0.0
2558496348,2587513304,44.882566833171836,-2.5,0.0
2558496350,2587567971,143.35476352968112,-2.200000000000003,0.0
2558496350,1303243746,21.282315484531775,4.700000000000003,4.700000000000003
2558496350,2587513290,111.96853872367504,-2.1000000000000014,0.0
2558496353,2555242487,41.03046619173811,0.8000000000000043,0.8000000000000043
2558588574,1983118520,34.75366727695399,0.0,0.0
2558588574,1984029544,82.58515450757929,-0.5,0.0
2558588574,2558588796,169.12365314482537,-0.3999999999999986,0.0
2558588781,7368660671,71.40906635864752,3.6999999999999957,3.6999999999999957
2558588781,2558588811,15.249437856586557,-0.10000000000000142,0.0
2558588781,7369027663,65.87976356929286,0.7999999999999972,0.7999999999999972
2558588796,2588145134,41.266857213024124,-1.0,0.0
2558588796,7368658454,3.7464111095818002,-0.10000000000000142,0.0
2558588796,2558588574,169.12365314482537,0.3999999999999986,0.3999999999999986
2558588811,2588145136,41.96069392656229,-0.5,0.0
2558588811,7368658454,5.280158251894824,-0.10000000000000142,0.0
2558588811,2558588781,15.249437856586555,0.10000000000000142,0.10000000000000142
2561641399,7099852156,3.4778843189370776,0.0,0.0
2561641399,7099852154,7.730355033074599,0.29999999999999716,0.29999999999999716
2561641399,2561641415,38.663337360080895,-1.5,0.0
2561641415,2561641399,38.663337360080895,1.5,1.5
2561641415,2561641488,60.25910614454734,-5.900000000000002,0.0
2561641415,7099851997,33.144484751553115,-9.100000000000001,0.0
2561641453,7099851995,8.601573134127568,-0.10000000000000142,0.0
2561641453,7099851997,10.433213042585558,-0.10000000000000142,0.0
2561641453,2561641488,48.04447871089387,3.099999999999998,3.099999999999998
2561641488,2561641415,60.25910614454734,5.900000000000002,5.900000000000002
2561641488,5406585804,45.42217893961781,-2.6999999999999993,0.0
2561641488,2561641453,48.04447871089387,-3.099999999999998,0.0
2564615216,1303244654,6.757480769325929,0.10000000000000142,0.10000000000000142
2564615216,2555242487,28.9126169555719,0.6000000000000014,0.6000000000000014
2564615216,2587513219,66.45395092365578,0.8999999999999986,0.8999999999999986
2564615216,2587513257,80.54381174553448,1.2999999999999972,1.2999999999999972
2566516697,1728170096,34.32867282756699,3.5,3.5
2566516697,4070941346,79.28966025871756,0.10000000000000142,0.10000000000000142
2566516697,7099852156,123.3851220943218,-0.6999999999999957,0.0
2572501767,2572501773,13.88245419595884,-1.6000000000000014,0.0
2572501767,2575577451,13.74761210089335,-1.3000000000000043,0.0
2572501767,1704650317,26.69714297730016,-1.1000000000000014,0.0
2572501767,1704650319,16.835424763723736,-5.300000000000004,0.0
2572501773,2572501767,13.88245419595884,1.6000000000000014,1.6000000000000014
2574341570,1704650283,6.600018140328023,0.0,0.0
2574341570,7368660747,72.19535589752431,-0.30000000000000426,0.0
2574341570,1303244973,41.77430834732867,0.0,0.0
2574341575,1984399487,42.35330944117314,0.09999999999999432,0.09999999999999432
2574341575,1984399488,48.13573588524645,-0.10000000000000142,0.0
2574341575,2574341576,6.361318258945568,0.0,0.0
2574341576,1303244973,5.910320491803428,-0.10000000000000142,0.0
2574341576,1303245215,24.124308596175158,0.09999999999999432,0.09999999999999432
2574341576,2574341575,6.361318258945568,0.0,0.0
2574341576,1303243645,109.8040945196615,-4.800000000000004,0.0
2574372159,7369034002,68.45751109983661,-0.5,0.0
2574372159,1303244623,30.764012517301428,0.3999999999999986,0.3999999999999986
2574372159,4070941420,3.5547803432090705,0.09999999999999432,0.09999999999999432
2574372170,1303246232,42.92627552443686,-1.5,0.0
2574372170,2574372177,24.56202268246242,1.3000000000000043,1.3000000000000043
2574372170,2574372175,29.38319927222316,-1.6999999999999957,0.0
2574372175,2574372178,2.856517214079889,-0.20000000000000284,0.0
2574372175,7369033992,26.363295213836118,-2.1000000000000014,0.0
2574372175,2574372170,29.383199272223155,1.6999999999999957,1.6999999999999957
2574372177,1767725819,36.552604010229466,0.0,0.0
2574372177,2574372178,11.809284056002792,-3.200000000000003,0.0
2574372177,2574372170,24.56202268246242,-1.3000000000000043,0.0
2574372178,2574372175,2.856517214079889,0.20000000000000284,0.20000000000000284
2574372178,2574372177,11.809284056002792,3.200000000000003,3.200000000000003
2574372178,7369033991,11.90267365345827,-2.0,0.0
2575577290,10605937411,15.707040960417903,-0.20000000000000284,0.0
2575577290,10742965969,53.15781236785109,0.8999999999999986,0.8999999999999986
2575577290,2587513220,70.03225556604919,-1.6000000000000014,0.0
2575577325,2555242487,48.925032811257715,-2.0,0.0
2575577325,2616953991,200.8860383298948,0.29999999999999716,0.29999999999999716
2575577325,7368660732,31.374870477407512,-0.30000000000000426,0.0
2575577325,1704650185,37.344625102133314,0.5,0.5
2575577451,2572501767,13.74761210089335,1.3000000000000043,1.3000000000000043
2584838992,2587513281,8.743595923758692,-0.20000000000000284,0.0
2587513203,2587513212,18.34488456496635,0.30000000000000426,0.30000000000000426
2587513203,2587513205,7.451121406442241,-0.19999999999999574,0.0
2587513203,6447147574,96.44855400678969,-0.29999999999999716,0.0
2587513203,6437962876,56.067037946619706,2.6000000000000014,2.6000000000000014
2587513205,1695860127,8.715234555491188,0.19999999999999574,0.19999999999999574
2587513205,461630321,44.340398930246444,-1.0,0.0
2587513205,2587513207,8.080696798407528,0.19999999999999574,0.19999999999999574
2587513205,2587513203,7.451121406442241,0.19999999999999574,0.19999999999999574
2587513207,7368660730,9.72965602107023,-0.3999999999999986,0.0
2587513207,1695860175,8.868952199084012,0.20000000000000284,0.20000000000000284
2587513207,2587513209,5.516964971287515,0.10000000000000142,0.10000000000000142
2587513207,2587513205,8.080696798407528,-0.19999999999999574,0.0
2587513209,2587513207,5.516964971287515,-0.10000000000000142,0.0
2587513209,2587513211,3.235377037735735,0.20000000000000284,0.20000000000000284
2587513209,7368660730,14.337894968331025,-0.5,0.0
2587513211,2587513216,7.056246016652603,0.09999999999999432,0.09999999999999432
2587513211,2592759483,28.753761517248307,0.19999999999999574,0.19999999999999574
2587513211,2587513209,3.235377037735735,-0.20000000000000284,0.0
2587513212,2587513203,18.34488456496635,-0.30000000000000426,0.0
2587513212,2587513215,6.850994477369337,-0.10000000000000142,0.0
2587513212,6437963387,41.523135042877065,1.1999999999999957,1.1999999999999957
2587513215,1695860127,9.798948761156483,-0.20000000000000284,0.0
2587513215,2587513217,7.850577484309401,0.19999999999999574,0.19999999999999574
2587513215,2587513212,6.850994477369337,0.10000000000000142,0.10000000000000142
2587513215,6437962863,67.1030410158282,1.7999999999999972,1.7999999999999972
2587513216,1695860175,8.082596498583486,-0.19999999999999574,0.0
2587513216,2587513211,7.056246016652603,-0.09999999999999432,0.0
2587513216,2587513219,7.123254613388751,0.20000000000000284,0.20000000000000284
2587513216,1303244654,66.86143194565435,-0.5999999999999943,0.0
2587513217,1695860175,9.911843220386178,-0.19999999999999574,0.0
2587513217,2587513220,6.125948431035619,0.30000000000000426,0.30000000000000426
2587513217,2587513215,7.850577484309401,-0.19999999999999574,0.0
2587513217,1704222967,109.99654308429497,2.700000000000003,2.700000000000003
2587513219,2587513216,7.123254613388751,-0.20000000000000284,0.0
2587513219,2587513220,3.6227455833388853,0.10000000000000142,0.10000000000000142
2587513219,2564615216,66.45395092365578,-0.8999999999999986,0.0
2587513220,2587513217,6.125948431035619,-0.30000000000000426,0.0
2587513220,2575577290,70.0322555660492,1.6000000000000014,1.6000000000000014
2587513220,2587513219,3.6227455833388853,-0.10000000000000142,0.0
2587513237,2587513239,4.32407083812242,0.10000000000000142,0.10000000000000142
2587513237,2592759377,134.2475154460206,-3.5999999999999943,0.0
2587513237,2592759483,78.68550249685629,1.1000000000000014,1.1000000000000014
2587513239,1303244922,6.619096209496486,0.0,0.0
2587513239,2587513237,4.32407083812242,-0.10000000000000142,0.0
2587513239,2587513241,4.606951716483031,0.10000000000000142,0.10000000000000142
2587513239,1303246369,56.58832537286966,-2.0,0.0
2587513241,2587513239,4.606951716483031,-0.10000000000000142,0.0
2587513241,2587513251,38.40669534068924,1.2999999999999972,1.2999999999999972
2587513241,2616953970,59.46855493054095,-2.1000000000000014,0.0
2587513251,2587513255,6.8067422707260565,0.10000000000000142,0.10000000000000142
2587513251,2587513258,4.970723975772572,0.10000000000000142,0.10000000000000142
2587513251,2587513241,38.40669534068925,-1.2999999999999972,0.0
2587513255,1303246009,5.8647828405053755,0.0,0.0
2587513255,2587513257,7.391848267051631,0.0,0.0
2587513255,2587513251,6.8067422707260565,-0.10000000000000142,0.0
2587513255,1303244922,39.985977192612275,-1.5,0.0
2587513257,2587513255,7.391848267051631,0.0,0.0
2587513257,2564615216,80.54381174553448,-1.2999999999999972,0.0
2587513257,2587513263,4.854162223697914,0.0,0.0
2587513258,1303246009,8.255354550683744,0.0,0.0
2587513258,1303244149,89.39312191238797,1.5,1.5
2587513258,2587513269,18.687699347572586,0.0,0.0
2587513258,2587513251,4.970723975772572,-0.10000000000000142,0.0
2587513263,2587513268,5.511239515884185,0.10000000000000142,0.10000000000000142
2587513263,2587513257,4.854162223697914,0.0,0.0
2587513263,2587513270,13.031430413584266,0.30000000000000426,0.30000000000000426
2587513268,1303244324,74.86796539354452,1.6000000000000014,1.6000000000000014
2587513268,1303246009,8.765242569339069,-0.10000000000000142,0.0
2587513268,2587513263,5.511239515884185,-0.10000000000000142,0.0
2587513268,2587513269,4.825736633036596,-0.10000000000000142,0.0
2587513269,2587513272,9.396662968929702,0.20000000000000284,0.20000000000000284
2587513269,2587513268,4.825736633036596,0.10000000000000142,0.10000000000000142
2587513269,2587513258,18.687699347572586,0.0,0.0
2587513270,2587513282,58.696829173024256,1.1999999999999957,1.1999999999999957
2587513270,2587513263,13.031430413584266,-0.30000000000000426,0.0
2587513270,1303244587,46.520707073957745,0.6999999999999957,0.6999999999999957
2587513272,2587513269,9.396662968929702,-0.20000000000000284,0.0
2587513272,1984399488,36.0994653956204,3.0,3.0
2587513272,2587513285,60.460356015557274,1.1000000000000014,1.1000000000000014
2587513273,2587513279,4.699888478692982,-0.10000000000000142,0.0
2587513273,2626055010,51.71535948646748,1.1000000000000014,1.1000000000000014
2587513273,2587513276,7.575172009845473,-0.20000000000000284,0.0
2587513276,7368660725,3.0105569455677395,-0.09999999999999432,0.0
2587513276,2587513273,7.575172009845473,0.20000000000000284,0.20000000000000284
2587513276,7368660729,29.86168442365879,0.10000000000000142,0.10000000000000142
2587513279,1484203803,9.494491375829174,-0.19999999999999574,0.0
2587513279,2587513280,6.790341069646623,-0.10000000000000142,0.0
2587513279,2587513273,4.699888478692982,0.10000000000000142,0.10000000000000142
2587513279,6437962863,148.7368596317987,0.0,0.0
2587513280,2163993055,27.92315211725485,0.5,0.5
2587513280,1704222985,9.288819780794338,-0.09999999999999432,0.0
2587513280,2587513281,4.266801310118977,0.10000000000000142,0.10000000000000142
2587513280,2587513279,6.790341069646623,0.10000000000000142,0.10000000000000142
2587513281,2587513280,4.266801310118977,-0.10000000000000142,0.0
2587513281,2584838992,8.743595923758692,0.20000000000000284,0.20000000000000284
2587513281,7368660724,18.469930097185806,-0.29999999999999716,0.0
2587513282,2587513270,58.696829173024256,-1.1999999999999957,0.0
2587513282,2587513304,119.6838510659932,2.6000000000000014,2.6000000000000014
2587513282,1704650171,44.93357812540891,0.20000000000000284,0.20000000000000284
2587513285,2587513288,5.48701521231359,0.3999999999999986,0.3999999999999986
2587513285,7368660747,39.61454806661502,1.5999999999999943,1.5999999999999943
2587513285,2587513272,60.46035601555727,-1.1000000000000014,0.0
2587513288,1303243623,39.39526769958378,1.1999999999999957,1.1999999999999957
2587513288,1303244324,6.68554533941732,0.0,0.0
2587513288,2587513285,5.48701521231359,-0.3999999999999986,0.0
2587513288,2587513290,5.347299788788491,0.29999999999999716,0.29999999999999716
2587513290,2587513288,5.347299788788491,-0.29999999999999716,0.0
2587513290,2558496350,111.96853872367504,2.1000000000000014,2.1000000000000014
2587513290,7368660742,39.99668131942758,0.8999999999999986,0.8999999999999986
2587513304,2587513282,119.6838510659932,-2.6000000000000014,0.0
2587513304,2587567963,143.63818217521884,-2.1000000000000014,0.0
2587513304,2558496348,44.882566833171836,2.5,2.5
2587567925,1303244269,3.125888503825678,0.0,0.0
2587567925,2616953961,108.47532339031395,2.3999999999999986,2.3999999999999986
2587567925,2616953961,105.59584218725871,2.3999999999999986,2.3999999999999986
2587567925,7368660618,49.80140665260975,-1.5,0.0
2587567955,2587567958,17.726145913442153,0.6999999999999957,0.6999999999999957
2587567958,2587567955,17.726145913442153,-0.6999999999999957,0.0
2587567958,2636411744,33.14080027301743,2.5,2.5
2587567958,2558452287,12.048577086194328,0.10000000000000142,0.10000000000000142
2587567960,2555242407,29.319621209083298,1.3000000000000043,1.3000000000000043
2587567960,7368660724,98.5032386398967,1.2000000000000028,1.2000000000000028
2587567960,6449418989,27.34386407597607,0.0,0.0
2587567963,2587513304,143.63818217521884,2.1000000000000014,2.1000000000000014
2587567963,2587567967,3.017503167110861,0.0,0.0
2587567963,2587567965,6.600617668459481,-0.19999999999999574,0.0
2587567965,1303244404,4.831533119504936,0.09999999999999432,0.09999999999999432
2587567965,1303246046,43.58124780277613,0.0,0.0
2587567965,2587567963,6.600617668459481,0.19999999999999574,0.19999999999999574
2587567965,2587567969,6.02114211044921,-0.10000000000000142,0.0
2587567967,1303244404,6.028490867033151,-0.10000000000000142,0.0
2587567967,2587567971,7.606486347534912,-0.10000000000000142,0.0
2587567967,2587567963,3.017503167110861,0.0,0.0
2587567967,1303244324,260.2083143895678,-0.29999999999999716,0.0
2587567969,2587567973,2.7780683880923087,0.10000000000000142,0.10000000000000142
2587567969,6449418996,102.60868784853204,-1.3999999999999986,0.0
2587567969,2587567965,6.02114211044921,0.10000000000000142,0.10000000000000142
2587567971,2587567967,7.606486347534912,0.10000000000000142,0.10000000000000142
2587567971,2558496350,143.35476352968112,2.200000000000003,2.200000000000003
2587567971,2587567974,6.43678456491498,-0.09999999999999432,0.0
2587567973,1303243388,41.86316547363986,-0.9000000000000057,0.0
2587567973,1303244404,4.9399979714784195,0.09999999999999432,0.09999999999999432
2587567973,2587567976,7.594516637180285,0.0,0.0
2587567973,2587567969,2.7780683880923087,-0.10000000000000142,0.0
2587567974,1303244404,9.084892709718938,0.09999999999999432,0.09999999999999432
2587567974,7368660650,76.85402607130634,2.5999999999999943,2.5999999999999943
2587567974,2587567976,5.0194873248880025,0.0,0.0
2587567974,2587567971,6.43678456491498,0.09999999999999432,0.09999999999999432
2587567976,2587567973,7.594516637180285,0.0,0.0
2587567976,7368660751,37.379234176213274,-1.0,0.0
2587567976,2587567974,5.0194873248880025,0.0,0.0
2588145125,7368660682,20.741078287924047,-0.6999999999999957,0.0
2588145125,2588145130,58.907740913837564,1.8999999999999986,1.8999999999999986
2588145125,1983118464,95.04213025484566,-2.299999999999997,0.0
2588145130,2588145131,19.68468120656091,0.8000000000000043,0.8000000000000043
2588145130,1984029544,11.189177082427717,2.6000000000000014,2.6000000000000014
2588145130,2588145125,58.90774091383757,-1.8999999999999986,0.0
2588145131,2588145130,19.68468120656091,-0.8000000000000043,0.0
2588145131,2588145134,27.218896924127097,0.8999999999999986,0.8999999999999986
2588145131,1984029544,24.12842011327905,1.7999999999999972,1.7999999999999972
2588145134,7369027671,4.041563204164194,0.20000000000000284,0.20000000000000284
2588145134,2558588796,41.266857213024124,1.0,1.0
2588145134,2588145131,27.218896924127097,-0.8999999999999986,0.0
2588145136,7369027671,4.9101256364060415,-0.29999999999999716,0.0
2588145136,2558588811,41.96069392656229,0.5,0.5
2588145136,2588145166,51.22039610447693,1.5,1.5
2588145166,1984029563,17.442427533756803,0.10000000000000142,0.10000000000000142
2588145166,1984399485,26.881460307054347,-0.3999999999999986,0.0
2588145166,2588145136,51.22039610447694,-1.5,0.0
2588145178,1984399485,2.651284451689076,0.20000000000000284,0.20000000000000284
2588145178,10750699000,2.292095866226595,-0.19999999999999574,0.0
2588145178,1984399490,45.47281579173402,1.0,1.0
2588145184,10738681913,4.128095781512687,-0.19999999999999574,0.0
2588145184,1303244394,4.781364517242318,-0.19999999999999574,0.0
2588145184,10750699000,4.771404172446589,-0.19999999999999574,0.0
2588145184,1303243958,83.97607088704294,-1.1999999999999957,0.0
2588145189,1303244394,5.533264938960893,0.10000000000000142,0.10000000000000142
2588145189,1303245215,133.54600793212478,3.6999999999999957,3.6999999999999957
2588145189,2588145198,5.184321676991576,-0.20000000000000284,0.0
2588145189,10750699000,4.43409553749287,0.10000000000000142,0.10000000000000142
2588145198,10750698995,3.963827304834597,0.10000000000000142,0.10000000000000142
2588145198,6957360458,44.60226503934055,-1.5,0.0
2588145198,2588145189,5.184321676991576,0.20000000000000284,0.20000000000000284
2591041246,2591041253,10.399864851058629,0.0,0.0
2591041246,2591041248,20.21055741749974,-0.10000000000000142,0.0
2591041246,7369033990,60.207572419791326,-3.1000000000000014,0.0
2591041248,2591041259,8.204156203548642,0.0,0.0
2591041248,2591041246,20.21055741749974,0.10000000000000142,0.10000000000000142
2591041248,2591041250,12.074700518158863,0.0,0.0
2591041250,2591041248,12.074700518158863,0.0,0.0
2591041253,2591041246,10.399864851058629,0.0,0.0
2591041259,2591041248,8.204156203548642,0.0,0.0
2591757151,6437962852,111.97285066420383,0.7999999999999972,0.7999999999999972
2591757151,5240301945,100.96603888959342,-1.2000000000000028,0.0
2591757151,5240301958,17.84508610971779,0.10000000000000142,0.10000000000000142
2592759141,2592759156,4.282074687107184,-0.09999999999999432,0.0
2592759141,2592759184,11.375646564314243,0.8000000000000043,0.8000000000000043
2592759141,7099851929,96.5138223072843,-0.19999999999999574,0.0
2592759156,2592759141,4.282074687107184,0.09999999999999432,0.09999999999999432
2592759156,2592759427,65.55585214129434,2.5,2.5
2592759156,5240301095,63.4860286297321,-0.20000000000000284,0.0
2592759184,2592759339,21.541552212759704,1.0,1.0
2592759184,2592759141,11.375646564314243,-0.8000000000000043,0.0
2592759184,7099828383,37.647553060062876,-0.20000000000000284,0.0
2592759336,2592759339,4.9280814399586195,-0.29999999999999716,0.0
2592759336,2592759377,8.036406918240575,0.30000000000000426,0.30000000000000426
2592759336,7099828383,49.20157715662806,-1.5,0.0
2592759339,2592759184,21.541552212759704,-1.0,0.0
2592759339,2592759360,3.7960945857955792,0.10000000000000142,0.10000000000000142
2592759339,2592759336,4.9280814399586195,0.29999999999999716,0.29999999999999716
2592759360,2592759436,40.67707189920003,0.5,0.5
2592759360,2592759377,10.777187031857036,0.5,0.5
2592759360,2592759339,3.7960945857955797,-0.10000000000000142,0.0
2592759377,2587513237,134.2475154460206,3.5999999999999943,3.5999999999999943
2592759377,2592759336,8.036406918240575,-0.30000000000000426,0.0
2592759377,2592759360,10.777187031857036,-0.5,0.0
2592759427,2592759156,65.55585214129437,-2.5,0.0
2592759427,2592759436,4.314448872353224,0.0,0.0
2592759427,10605937411,165.2320934370135,6.299999999999997,6.299999999999997
2592759436,2592759360,40.67707189920003,-0.5,0.0
2592759436,2592759427,4.314448872353225,0.0,0.0
2592759436,2592759483,19.598688528848065,4.699999999999996,4.699999999999996
2592759483,2587513237,78.68550249685629,-1.1000000000000014,0.0
2592759483,2587513211,28.75376151724831,-0.19999999999999574,0.0
2592759483,2592759436,19.59868852884807,-4.699999999999996,0.0
2598709650,1303243645,17.35021087170821,1.1999999999999957,1.1999999999999957
2598709650,1303243337,45.431596748116554,-2.700000000000003,0.0
2598709650,10750698991,74.72645861602298,0.5,0.5
2598709682,1303151405,38.25775438988752,2.0,2.0
2598709682,1303151619,40.206068845354416,-3.6000000000000014,0.0
2598709682,7366844987,75.54466609524363,-2.8000000000000043,0.0
2598709700,1302821425,33.86046711924269,-1.0,0.0
2598709700,1302822442,27.707408594674263,0.5999999999999943,0.5999999999999943
2598709700,9269072672,31.17119295101624,0.29999999999999716,0.29999999999999716
2598709705,2598709711,45.22001707014548,-2.4000000000000057,0.0
2598709705,9269278311,16.193378200515866,0.7999999999999972,0.7999999999999972
2598709705,1457663906,25.214515019268447,1.5999999999999943,1.5999999999999943
2598709711,1302821294,94.19007474608439,-7.299999999999997,0.0
2598709711,2598709705,45.22001707014548,2.4000000000000057,2.4000000000000057
2616953961,1303243582,3.600046819341491,0.10000000000000142,0.10000000000000142
2616953961,2587567925,108.47532339031395,-2.3999999999999986,0.0
2616953961,2587567925,105.59584218725871,-2.3999999999999986,0.0
2616953961,2616953970,33.5696844562014,0.6000000000000014,0.6000000000000014
2616953964,2162718497,26.878964594787085,-0.3999999999999986,0.0
2616953970,1303246369,5.209186684043979,0.0,0.0
2616953970,1303244149,89.49485823972553,5.0,5.0
2616953970,2587513241,59.46855493054095,2.1000000000000014,2.1000000000000014
2616953970,2616953961,33.5696844562014,-0.6000000000000014,0.0
2616953991,10732935708,7.678041846748976,-0.10000000000000142,0.0
2616953991,2575577325,200.8860383298948,-0.29999999999999716,0.0
2616953991,10734888802,24.15908572931304,0.20000000000000284,0.20000000000000284
2626054985,10737082094,42.480288042785894,-1.0,0.0
2626054985,2626054988,76.07019023330764,6.399999999999999,6.399999999999999
2626054985,10737093418,139.9846284830462,-4.100000000000001,0.0
2626054988,10739295320,20.414303337082284,5.799999999999997,5.799999999999997
2626054988,10739295320,78.90162991479619,5.799999999999997,5.799999999999997
2626054988,2626054985,76.07019023330764,-6.399999999999999,0.0
2626054988,6447785891,125.60680068506714,-1.8999999999999986,0.0
2626054988,2626054993,71.5381847273316,-1.5,0.0
2626054993,1484203694,34.897713358681635,-7.200000000000003,0.0
2626054993,2626054988,71.5381847273316,1.5,1.5
2626054993,1484203758,79.44165188159653,-1.5,0.0
2626055004,6447147517,33.993546643866296,0.30000000000000426,0.30000000000000426
2626055004,2626055007,51.28221268997285,0.4000000000000057,0.4000000000000057
2626055004,2626055012,76.28434863453577,4.5,4.5
2626055007,7368660729,36.55175335299119,-1.8000000000000043,0.0
2626055007,2626055013,25.023350928746275,4.099999999999994,4.099999999999994
2626055007,2626055004,51.28221268997285,-0.4000000000000057,0.0
2626055010,3034938068,38.41331532517226,0.5,0.5
2626055010,2587513273,51.71535948646748,-1.1000000000000014,0.0
2626055010,2626055012,19.14222657415573,4.699999999999996,4.699999999999996
2626055012,2626055013,4.168142943134286,0.0,0.0
2626055012,2626055004,76.28434863453577,-4.5,0.0
2626055012,2626055010,19.14222657415573,-4.699999999999996,0.0
2626055013,2626055012,4.168142943134286,0.0,0.0
2626055013,2555242414,32.74200977122985,-5.099999999999994,0.0
2626055013,2626055007,25.02335092874628,-4.099999999999994,0.0
2626055014,7368660725,29.788484296102766,-0.19999999999999574,0.0
2626055014,1484203786,4.01079954679369,0.0,0.0
2626055014,7368660729,2.673491558918395,0.0,0.0
2636411690,7369033984,170.38001083315896,11.899999999999999,11.899999999999999
2636411690,1767727210,9.332446632342503,0.20000000000000284,0.20000000000000284
2636411690,1303245814,32.51906822734568,0.20000000000000284,0.20000000000000284
2636411744,1983118522,211.08017054501062,-3.299999999999997,0.0
2636411744,2587567958,33.14080027301743,-2.5,0.0
2636411744,7368660696,11.765478238048148,-0.19999999999999574,0.0
2636411756,7368658439,1.4115597163681681,-0.10000000000000142,0.0
2636411763,2636411765,3.2882794918317257,0.0,0.0
2636411764,1303245004,27.95999442099535,0.6999999999999957,0.6999999999999957
2636411764,2636411765,32.25173319537323,0.29999999999999716,0.29999999999999716
2636411764,1303244494,158.15061430206057,-6.5,0.0
2636411765,2636411763,3.2882794918317257,0.0,0.0
2636411765,2636411764,32.25173319537323,-0.29999999999999716,0.0
2636411765,4070880057,45.94095145386156,-3.0,0.0
2636411765,1303243471,26.68307223244357,-1.0,0.0
2636411766,461629482,9.58727608384714,-0.20000000000000284,0.0
2636411766,7368660726,119.35573191803877,1.1999999999999957,1.1999999999999957
2636411766,7368660598,5.8252782804843735,-0.10000000000000142,0.0
2636411766,2636411768,10.159543211865008,0.09999999999999432,0.09999999999999432
2636411768,461629162,8.959155206490028,-0.09999999999999432,0.0
2636411768,2636411766,10.159543211865008,-0.09999999999999432,0.0
2636411768,6449418989,6.452628072020069,0.10000000000000142,0.10000000000000142
2636411768,7368660727,123.49195652711799,1.2000000000000028,1.2000000000000028
2636411770,461629162,9.670266553099525,-0.19999999999999574,0.0
2636411770,6449418991,5.305253160288108,0.10000000000000142,0.10000000000000142
2636411770,2636411771,9.887133847699529,-0.29999999999999716,0.0
2636411770,2636411795,128.6166216370185,0.8999999999999986,0.8999999999999986
2636411771,308022101,9.08713244691576,-0.20000000000000284,0.0
2636411771,2636411770,9.887133847699529,0.29999999999999716,0.29999999999999716
2636411771,7368658457,3.060635031167663,-0.10000000000000142,0.0
2636411771,2636411794,125.78908195389599,1.0,1.0
2636411794,1704650244,11.210383891865334,-0.10000000000000142,0.0
2636411794,7366852165,3.1743749458135735,-0.10000000000000142,0.0
2636411794,2636411795,6.6913913013632085,0.19999999999999574,0.19999999999999574
2636411794,2636411771,125.78908195389599,-1.0,0.0
2636411795,1704650253,10.291947139423606,-0.09999999999999432,0.0
2636411795,2636411794,6.6913913013632085,-0.19999999999999574,0.0
2636411795,6449418995,4.722938670666878,0.0,0.0
2636411795,2636411770,128.6166216370185,-0.8999999999999986,0.0
2637060664,2637060666,24.139739386493936,-0.10000000000000142,0.0
2637060665,916073694,45.43014031803991,-1.5,0.0
2637060665,916073694,155.17197572965702,-1.5,0.0
2637060665,916073664,114.94492641904513,6.299999999999997,6.299999999999997
2637060666,1728169965,58.144143867939384,-0.3999999999999986,0.0
2637060666,1728169957,31.937275790979488,0.29999999999999716,0.29999999999999716
2637060666,2637060664,24.139739386493936,0.10000000000000142,0.10000000000000142
2637060681,8411280186,21.748390218038196,0.0,0.0
2637060755,10723483817,47.78886646847927,-0.09999999999999787,0.0
2637060769,2637060775,32.51427037143659,1.0,1.0
2637060769,2637060772,19.843470027443846,0.5,0.5
2637060769,9983573542,5.669423625409612,-0.3999999999999986,0.0
2637060772,2637060775,12.685026870965523,0.5,0.5
2637060772,2637060769,19.843470027443846,-0.5,0.0
2637060772,2637060777,22.133292289328963,0.7000000000000028,0.7000000000000028
2637060772,2637060777,21.838081559296356,0.7000000000000028,0.7000000000000028
2637060775,2637060772,12.685026870965523,-0.5,0.0
2637060775,2637060769,32.51427037143659,-1.0,0.0
2637060775,9983573556,12.59070262863242,-0.10000000000000142,0.0
2637060777,2639302703,2.1763100200332093,-0.20000000000000284,0.0
2637060777,2637060772,21.838081559296356,-0.7000000000000028,0.0
2637060777,2637060772,22.133292289328963,-0.7000000000000028,0.0
2637060790,2552572584,2.9477915790915654,-0.10000000000000142,0.0
2637060790,2552572602,35.2235879811108,2.6000000000000014,2.6000000000000014
2637060790,1303243541,27.46540590810019,-0.6000000000000014,0.0
2637060815,908108470,45.86473392525319,-0.5,0.0
2637060815,308022854,8.820540201451802,0.0,0.0
2637060815,7366584619,4.616686770105711,-0.20000000000000284,0.0
2637060815,4070996680,6.139566336814748,0.19999999999999574,0.19999999999999574
2637060829,1303151529,43.20512181343052,-3.8999999999999986,0.0
2637060829,1303152967,31.34121864238238,3.200000000000003,3.200000000000003
2637060829,1303151393,96.72585949131903,-2.5,0.0
2637979826,7369033995,6.417705056179909,0.0,0.0
2637979826,7369033993,5.141896184314906,0.10000000000000142,0.10000000000000142
2637979826,7369033999,6.996873691110581,-0.10000000000000142,0.0
2637979826,461630500,8.410354386384075,0.10000000000000142,0.10000000000000142
2639302690,8411280119,51.10303733732766,0.6000000000000014,0.6000000000000014
2639302693,8411280120,4.318104078348114,-0.20000000000000284,0.0
2639302694,2639302696,19.52299423225067,-0.20000000000000284,0.0
2639302694,2245132927,14.903141902805006,0.10000000000000142,0.10000000000000142
2639302694,8411280119,6.38968418972328,0.0,0.0
2639302696,10721114684,18.7561536246811,0.0,0.0
2639302696,2639302694,19.52299423225067,0.20000000000000284,0.20000000000000284
2639302696,8411280120,6.979642881756946,0.0,0.0
2639302703,2637060777,2.1763100200332093,0.20000000000000284,0.20000000000000284
2639302703,4070941383,29.329286124564604,0.6000000000000014,0.6000000000000014
2639302703,10723483826,108.25052193206875,-0.29999999999999716,0.0
2639302705,2639302710,25.57915792096156,2.3000000000000043,2.3000000000000043
2639302705,10721102962,62.87779155127144,-1.0,0.0
2639302705,10721114731,81.04826458137217,0.0,0.0
2639302710,2639302705,25.57915792096156,-2.3000000000000043,0.0
2639302710,2639302714,23.08050155759934,0.0,0.0
2639302710,2639302720,13.530940391442085,0.5,0.5
2639302714,4070941383,7.024305383815405,-1.1000000000000014,0.0
2639302714,2245132845,14.49228707483414,2.0,2.0
2639302714,2639302710,23.08050155759934,0.0,0.0
2639302720,1728170028,23.784895860291602,-2.0,0.0
2639302720,10723483833,19.164776596296758,0.19999999999999574,0.19999999999999574
2639302720,2639302710,13.530940391442085,-0.5,0.0
2639302795,4020938319,40.569212919395085,0.10000000000000142,0.10000000000000142
2639302795,4020938318,33.193505663931575,0.20000000000000284,0.20000000000000284
2639302795,8132869465,46.89242586500782,-3.0,0.0
2639302807,4020938322,17.174307757177562,0.0,0.0
2639302807,4020938321,5.795491936915366,0.0,0.0
2639302807,4020938323,15.914553661236786,-0.10000000000000142,0.0
2639302817,6534663641,83.67052653106205,1.6000000000000014,1.6000000000000014
2639302817,7368658467,24.740308067917038,-0.19999999999999574,0.0
2639302817,2639302822,44.68747852235629,1.5,1.5
2639302822,2639302817,44.68747852235629,-1.5,0.0
2639302822,6452310369,27.974114764823614,0.30000000000000426,0.30000000000000426
2639302822,6452310902,10.728577995063114,0.0,0.0
2643543049,1617305643,25.78934912034769,2.900000000000002,2.900000000000002
2643543050,1617305643,23.200768069475842,-2.8999999999999986,0.0
2643543050,6452126455,9.094165718278555,0.0,0.0
2643543050,6452126453,11.361310019417923,0.10000000000000142,0.10000000000000142
2643543079,7368660680,42.13430028150254,-1.3999999999999986,0.0
2643543079,2643543081,64.18533721861299,1.8000000000000043,1.8000000000000043
2643543079,1303245267,29.86452893384046,-0.7999999999999972,0.0
2643543081,2643543079,64.18533721861299,-1.8000000000000043,0.0
2857742914,13403237136,21.330559854944436,0.30000000000000426,0.30000000000000426
2857742914,13403237136,32.30838199371212,0.30000000000000426,0.30000000000000426
2857742914,13403237136,34.02872868424715,0.30000000000000426,0.30000000000000426
2857742914,7368658454,4.581283846513545,0.0,0.0
3034938010,3034938068,42.014512818785,-14.100000000000001,0.0
3034938068,6447147569,58.795591494405066,-1.3000000000000043,0.0
3034938068,2626055010,38.41331532517226,-0.5,0.0
3034938068,3034938010,42.014512818785,14.100000000000001,14.100000000000001
3084725044,9983566978,38.14712756016678,-1.3000000000000007,0.0
3084725044,1617305643,73.62033982717372,1.0000000000000036,1.0000000000000036
3084725044,5587339789,114.44457122975071,-0.5999999999999979,0.0
3444285112,2267232082,7.686685030226001,0.29999999999999716,0.29999999999999716
3444285112,2267231989,153.9276161574143,-17.1,0.0
3444285112,3444285116,43.67441981959799,2.3999999999999915,2.3999999999999915
3444285116,2267232105,44.223046545330014,-1.7999999999999972,0.0
3444285116,2267232120,49.86219503865265,2.1000000000000085,2.1000000000000085
3444285116,3444285112,43.674419819598,-2.3999999999999915,0.0
3730509318,3730600394,31.4934676545445,3.0,3.0
3730509318,1303150921,46.80689990560893,-2.8999999999999986,0.0
3730509318,3730509321,41.301054970855624,-2.3000000000000007,0.0
3730509319,3730550104,25.200392020238503,-1.1000000000000014,0.0
3730509319,1303243719,9.612122059557867,-0.10000000000000142,0.0
3730509319,3730600394,18.581220340589535,0.0,0.0
3730509321,3730509318,41.301054970855624,2.3000000000000007,2.3000000000000007
3730509321,4070941012,129.1130895981463,-1.6999999999999993,0.0
3730509321,4699680469,121.1431431330615,1.1999999999999993,1.1999999999999993
3730545045,3730545047,21.01319391842639,-0.20000000000000284,0.0
3730545045,1303243998,12.34503697134173,-0.5,0.0
3730545045,1303246306,28.860495932835807,-0.10000000000000142,0.0
3730545047,3730545056,33.81728331051187,0.20000000000000284,0.20000000000000284
3730545047,3730545045,21.01319391842639,0.20000000000000284,0.20000000000000284
3730545047,3730545050,149.78482695167372,-2.6999999999999957,0.0
3730545050,3730545051,33.860608620311986,-0.8999999999999986,0.0
3730545050,3730545047,149.78482695167372,2.6999999999999957,2.6999999999999957
3730545050,3730545056,154.9175883756671,2.8999999999999986,2.8999999999999986
3730545050,3730545056,255.18187864792392,2.8999999999999986,2.8999999999999986
3730545051,3730545050,33.860608620311986,0.8999999999999986,0.8999999999999986
3730545051,1303244867,16.135993594505823,-0.4000000000000057,0.0
3730545051,1303243438,28.905283535947518,0.8999999999999986,0.8999999999999986
3730545056,3730545047,33.81728331051187,-0.20000000000000284,0.0
3730545056,3730545050,154.91758837566707,-2.8999999999999986,0.0
3730545056,3730545050,255.18187864792392,-2.8999999999999986,0.0
3730545061,3730545063,14.023573527538636,-0.3000000000000007,0.0
3730545061,3730600394,25.06053791975975,5.5,5.5
3730545061,4070941438,171.99925607223133,1.1999999999999993,1.1999999999999993
3730545063,3730545061,14.023573527538636,0.3000000000000007,0.3000000000000007
3730545063,3730600394,37.22890988658569,5.800000000000001,5.800000000000001
3730545063,4070941447,87.15443647967857,-1.1999999999999993,0.0
3730550104,3730509319,25.200392020238503,1.1000000000000014,1.1000000000000014
3730550104,7369033928,100.25719507713714,-5.699999999999999,0.0
3730550104,1303246413,47.55463321608742,1.2000000000000028,1.2000000000000028
3730600394,3730509319,18.581220340589535,0.0,0.0
3730600394,3730509318,31.4934676545445,-3.0,0.0
3730600394,3730545063,37.22890988658569,-5.800000000000001,0.0
3730600394,3730545061,25.060537919759746,-5.5,0.0
3731552689,461630506,28.089369681270124,0.6999999999999993,0.6999999999999993
3731552689,1303244900,112.9073922864973,-0.3999999999999986,0.0
3731552689,1767739968,77.89507750772093,-4.199999999999999,0.0
3731572075,1303151281,9.00391003481324,-0.10000000000000142,0.0
3731572075,10751780996,5.05770352961575,0.0,0.0
3731572075,10751780971,3.390338343283676,0.0,0.0
3731572075,2187246388,59.398963706819124,0.3000000000000007,0.3000000000000007
3731572076,6394962485,12.449341689364447,0.10000000000000142,0.10000000000000142
3731572076,1303152201,30.8861972736639,-0.7999999999999972,0.0
3731572076,10751780971,125.81806170467816,-3.9999999999999964,0.0
3731572078,3731572079,16.79108637131282,1.5,1.5
3731572078,1303245263,25.480153826566216,1.2999999999999972,1.2999999999999972
3731572078,10736725916,47.0754943098501,-4.600000000000001,0.0
3731572079,3731572078,16.79108637131282,-1.5,0.0
3731572079,4070941295,12.342106098213327,-0.30000000000000426,0.0
3731572079,4070941319,34.001416791205365,0.8999999999999986,0.8999999999999986
3731644107,7369033972,21.97357836842503,-0.7000000000000028,0.0
3731644107,3731644109,11.65116078842354,0.7000000000000028,0.7000000000000028
3731644107,3731644108,46.87352308039871,0.20000000000000284,0.20000000000000284
3731644108,3731644107,46.87352308039871,-0.20000000000000284,0.0
3731644108,3731644110,11.742507210154296,0.5,0.5
3731644108,3731644113,15.034850309412292,-0.6000000000000014,0.0
3731644109,3731644107,11.65116078842354,-0.7000000000000028,0.0
3731644109,3731644111,10.273751102793243,0.6999999999999957,0.6999999999999957
3731644109,3731644110,46.74209726253616,0.0,0.0
3731644110,3731644109,46.74209726253616,0.0,0.0
3731644110,3731644108,11.742507210154296,-0.5,0.0
3731644110,3731644112,10.799743690227762,0.5999999999999943,0.5999999999999943
3731644111,3731644109,10.273751102793243,-0.6999999999999957,0.0
3731644111,1303245549,67.62578937974783,3.8999999999999986,3.8999999999999986
3731644111,3731644112,46.64929529301647,-0.10000000000000142,0.0
3731644112,3731644111,46.64929529301647,0.10000000000000142,0.10000000000000142
3731644112,3731644110,10.799743690227762,-0.5999999999999943,0.0
3731644112,1303246100,67.07511822136229,3.200000000000003,3.200000000000003
3731644113,3731644114,23.414014772010216,0.6000000000000014,0.6000000000000014
3731644113,7369033975,7.678842683264191,0.0,0.0
3731644113,3731644108,15.034850309412292,0.6000000000000014,0.6000000000000014
3731644114,3731644113,23.414014772010216,-0.6000000000000014,0.0
3732558535,3732558536,14.489175872297116,-0.40000000000000213,0.0
3732558535,1767739968,48.08981385938236,1.6999999999999993,1.6999999999999993
3732558535,7099852085,11.701535928201627,-0.5,0.0
3732558536,7099852085,11.354177960639875,-0.09999999999999787,0.0
3732558536,3732558535,14.489175872297116,0.40000000000000213,0.40000000000000213
3732558536,7099852007,11.764940652475207,0.10000000000000142,0.10000000000000142
3732558536,7099852005,77.43668697631281,0.3000000000000007,0.3000000000000007
3732566499,3732566500,12.624518642781618,0.0,0.0
3732566499,7099852102,12.181017942608014,-0.10000000000000142,0.0
3732566499,7099852091,30.057343326756353,1.3000000000000007,1.3000000000000007
3732566500,3732566499,12.624518642781618,0.0,0.0
3732566500,3732569009,73.2036660545233,0.0,0.0
3732566500,7099851983,30.152258338825476,0.3999999999999986,0.3999999999999986
3732569002,7099852013,53.35605215565614,-0.6999999999999993,0.0
3732569002,7099852011,17.43237929963006,0.1999999999999993,0.1999999999999993
3732569002,1303243874,41.668181997383876,0.8999999999999986,0.8999999999999986
3732569009,3732569012,44.080730998285816,0.0,0.0
3732569009,3732566500,73.2036660545233,0.0,0.0
3732569009,916037137,132.32020813630757,9.399999999999999,9.399999999999999
3732569012,6397663285,32.05236558590712,0.0,0.0
3732569012,4019720125,19.895008231947575,0.0,0.0
3732569012,3732569009,44.080730998285816,0.0,0.0
3800772433,1303151802,31.170846272844983,1.0,1.0
3800772433,7369034022,31.84761152806725,-1.0,0.0
3800772433,3800772438,69.0965122191967,2.6000000000000014,2.6000000000000014
3800772438,1303152724,30.79108100137659,-0.8999999999999986,0.0
3800772438,7369034023,31.072089958444543,0.7999999999999972,0.7999999999999972
3800772438,3800772433,69.0965122191967,-2.6000000000000014,0.0
3800772438,3800772439,122.6005877686493,-0.20000000000000284,0.0
3800772439,7369034027,28.538336149334782,-2.0,0.0
3800772439,1303151435,32.369990837753775,2.1000000000000014,2.1000000000000014
3800772439,3800772438,122.6005877686493,0.20000000000000284,0.20000000000000284
3800772440,1303151168,69.76143667535361,-2.3999999999999986,0.0
3800772440,3800772443,84.75073845627168,-4.600000000000001,0.0
3800772440,1303151435,70.06303468505588,3.3999999999999986,3.3999999999999986
3800772443,1303149938,31.324607112275828,-0.3999999999999986,0.0
3800772443,3800772440,84.75073845627168,4.600000000000001,4.600000000000001
3800772443,1303151168,58.47468569413673,2.200000000000003,2.200000000000003
3803463102,1302821479,61.604146591397935,-1.5,0.0
3803463102,9269014806,110.8841152659613,6.299999999999997,6.299999999999997
3803463102,9009445415,88.35222675916569,1.6999999999999957,1.6999999999999957
3803463104,9269014796,18.79180720323003,-1.4000000000000057,0.0
3803463104,9269014806,24.388180414776816,0.19999999999999574,0.19999999999999574
3803463104,9269014805,19.50380141773978,1.2999999999999972,1.2999999999999972
3803463105,9269014796,6.207918843980843,0.29999999999999716,0.29999999999999716
3803463106,3803463107,108.01204044060546,2.1000000000000014,2.1000000000000014
3803463106,1302821812,23.177792173189108,-2.299999999999997,0.0
3803463106,1302821431,35.79248327455404,3.6000000000000014,3.6000000000000014
3803463107,1302821901,26.01575289804718,-2.6000000000000014,0.0
3803463107,3803463106,108.01204044060546,-2.1000000000000014,0.0
3803463107,13076848009,37.43144118397037,2.6000000000000014,2.6000000000000014
3803654338,7369033926,4.308425125159748,0.0,0.0
3803654338,3803654352,93.57768351291935,0.40000000000000213,0.40000000000000213
3803654338,7369033925,67.46697671303532,-0.1999999999999993,0.0
3803654352,10736725900,15.753506664542902,0.09999999999999787,0.09999999999999787
3803654352,10751842707,3.4255999998084974,0.09999999999999787,0.09999999999999787
3803654352,3803654338,93.57768351291935,-0.40000000000000213,0.0
3803655172,7369033892,107.04817431733402,-2.0,0.0
3803655172,1303246251,74.01053319150931,-1.2000000000000028,0.0
3803655172,1303244900,175.97784459611148,-7.400000000000002,0.0
3878191510,2187246370,44.777833273665024,-1.3999999999999986,0.0
3878191510,2187246441,102.3801445280927,4.5,4.5
3878191510,6394962487,46.00473933478265,1.1000000000000014,1.1000000000000014
3926735719,10732732933,53.307062577011315,1.8999999999999986,1.8999999999999986
3926735719,2268359408,12.528350312754203,-0.20000000000000107,0.0
3926735719,3926735720,35.17851566432138,2.0,2.0
3926735720,3926735719,35.17851566432138,-2.0,0.0
3926735721,2136813803,48.50118544535083,-3.5,0.0
4014856766,2187246557,29.23260967759775,-0.20000000000000284,0.0
4014856766,2187246515,16.251218203689884,0.10000000000000142,0.10000000000000142
4014856766,2187246519,69.98789132061835,-0.3999999999999986,0.0
4019720125,4019720131,70.66487657859014,0.09999999999999787,0.09999999999999787
4019720125,3732569012,19.895008231947575,0.0,0.0
4019720125,6397663285,30.79448812666334,0.0,0.0
4019720131,7099852097,24.131822079354606,0.6000000000000014,0.6000000000000014
4019720131,4019720125,70.66487657859014,-0.09999999999999787,0.0
4019720131,7099852096,31.16429710223884,1.0,1.0
4019720180,1471299551,37.255356641241626,0.3999999999999986,0.3999999999999986
4019720180,4019720181,58.815521151321434,-1.1000000000000014,0.0
4019720181,9269015100,12.903401574996384,0.10000000000000142,0.10000000000000142
4019720181,4019720180,58.815521151321434,1.1000000000000014,1.1000000000000014
4019720181,6410720144,28.837549043854462,1.1000000000000014,1.1000000000000014
4019955910,7369034013,5.608570700311617,-0.09999999999999787,0.0
4019955910,7369034019,106.51158649876584,1.4000000000000021,1.4000000000000021
4019955910,7366845050,203.81780882689378,2.1000000000000014,2.1000000000000014
4020938297,4020938298,29.004073263841445,0.8000000000000043,0.8000000000000043
4020938297,9269422105,5.892877086561688,-0.19999999999999574,0.0
4020938297,2187247167,8.078672033677114,0.30000000000000426,0.30000000000000426
4020938298,4020938297,29.004073263841445,-0.8000000000000043,0.0
4020938298,4020938300,8.688403791935066,0.19999999999999574,0.19999999999999574
4020938298,4020938299,7.190939173689874,0.0,0.0
4020938299,4020938298,7.190939173689874,0.0,0.0
4020938300,4020938298,8.688403791935066,-0.19999999999999574,0.0
4020938301,2187247102,23.98545257886845,-2.1000000000000014,0.0
4020938303,4020938304,22.865337410868904,0.20000000000000284,0.20000000000000284
4020938304,4020938303,22.865337410868904,-0.20000000000000284,0.0
4020938304,2187247162,46.59208501879434,3.8999999999999986,3.8999999999999986
4020938304,2187247102,30.93401572239908,-3.1000000000000014,0.0
4020938305,4020938306,21.73991085804103,-0.4000000000000057,0.0
4020938306,4020938305,21.73991085804103,0.4000000000000057,0.4000000000000057
4020938306,2187246884,2.388276922440458,0.20000000000000284,0.20000000000000284
4020938306,1303150678,32.938703905136464,-2.299999999999997,0.0
4020938309,4020938310,29.739986242771966,1.2999999999999972,1.2999999999999972
4020938309,1303151563,163.71922021986396,3.6999999999999957,3.6999999999999957
4020938309,11954201550,30.024568002636094,-1.0,0.0
4020938309,7768598949,38.53289989910669,3.6000000000000014,3.6000000000000014
4020938310,4020938309,29.739986242771966,-1.2999999999999972,0.0
4020938312,4020938313,21.093675202956224,0.0,0.0
4020938312,4020938323,32.9883687887816,0.0,0.0
4020938312,6449408242,14.565390895040595,-0.20000000000000284,0.0
4020938313,4020938315,38.84683131120387,0.0,0.0
4020938313,4020938312,21.093675202956224,0.0,0.0
4020938313,4020938321,35.51660287987582,0.10000000000000142,0.10000000000000142
4020938315,4020938318,40.191813686253695,0.0,0.0
4020938315,4020938313,38.84683131120387,0.0,0.0
4020938315,4020938319,36.484809055056665,-0.10000000000000142,0.0
4020938318,7368660708,20.298657809112324,0.29999999999999716,0.29999999999999716
4020938318,2639302795,33.19350566393158,-0.20000000000000284,0.0
4020938318,4020938315,40.191813686253695,0.0,0.0
4020938319,4020938321,36.01960596078926,0.20000000000000284,0.20000000000000284
4020938319,2639302795,40.56921291939509,-0.10000000000000142,0.0
4020938319,4020938315,36.484809055056665,0.10000000000000142,0.10000000000000142
4020938321,2639302807,5.795491936915366,0.0,0.0
4020938321,4020938319,36.01960596078926,-0.20000000000000284,0.0
4020938321,4020938313,35.51660287987582,-0.10000000000000142,0.0
4020938321,6450201146,62.79670361948354,0.0,0.0
4020938322,2639302807,17.174307757177562,0.0,0.0
4020938322,4020938323,9.987291598241345,-0.10000000000000142,0.0
4020938322,6450201146,31.23959645013361,0.0,0.0
4020938323,4020938322,9.987291598241345,0.10000000000000142,0.10000000000000142
4020938323,2639302807,15.914553661236786,0.10000000000000142,0.10000000000000142
4020938323,4020938312,32.9883687887816,0.0,0.0
4070586693,4070586694,10.541501662613484,-0.6000000000000014,0.0
4070586694,908108566,36.1524741886878,5.399999999999999,5.399999999999999
4070586694,4070586693,10.541501662613484,0.6000000000000014,0.6000000000000014
4070586694,908108715,79.86068565797855,-9.299999999999997,0.0
4070880024,4070880025,9.235710714974184,-0.1999999999999993,0.0
4070880024,7369034014,6.91043533268563,-0.09999999999999787,0.0
4070880024,7369034021,62.26863045555137,3.700000000000003,3.700000000000003
4070880025,4070880024,9.235710714974184,0.1999999999999993,0.1999999999999993
4070880025,7369034019,5.354158615521265,-0.09999999999999787,0.0
4070880025,7369034013,106.27853608119698,-1.5999999999999979,0.0
4070880041,7369034025,5.691867950804721,0.10000000000000142,0.10000000000000142
4070880041,7369034023,115.77335300051517,3.0,3.0
4070880041,7369034027,7.984994810991502,0.0,0.0
4070880043,7369034025,5.8758078399706735,0.0,0.0
4070880043,7369034024,115.13116989724425,2.8999999999999986,2.8999999999999986
4070880043,7369034033,8.489867079019634,-0.10000000000000142,0.0
4070880045,4070941425,2.9326486959739757,0.10000000000000142,0.10000000000000142
4070880045,7369033998,6.2903205558209425,0.10000000000000142,0.10000000000000142
4070880045,4070880047,202.70885184851147,-2.5,0.0
4070880047,4070880048,6.584015746947837,0.10000000000000142,0.10000000000000142
4070880047,7369034017,7.294340519849548,0.1999999999999993,0.1999999999999993
4070880047,4070880045,202.70885184851147,2.5,2.5
4070880048,4070880047,6.584015746947837,-0.10000000000000142,0.0
4070880048,7369034020,6.7649263394701205,0.0,0.0
4070880048,10738679204,128.76792525285688,-0.9000000000000021,0.0
4070880057,1767739953,49.65522765954494,-3.200000000000003,0.0
4070880057,2636411765,45.94095145386156,3.0,3.0
4070880057,1303244183,34.28708537443031,0.20000000000000284,0.20000000000000284
4070880062,10738679204,19.939317853903763,-0.1999999999999993,0.0
4070880062,10738681907,15.150975949164046,2.700000000000003,2.700000000000003
4070880062,7366845059,170.00985183770467,1.8000000000000007,1.8000000000000007
4070941003,4070941004,9.52660292923135,0.0,0.0
4070941003,7369034014,6.893582382516511,0.0,0.0
4070941003,7369034022,41.64751573139091,2.6999999999999993,2.6999999999999993
4070941004,4699680469,23.806554735158503,0.09999999999999787,0.09999999999999787
4070941004,4070941003,9.52660292923135,0.0,0.0
4070941004,7369034015,4.971086867349166,0.0,0.0
4070941012,7369033924,4.840282013517288,0.10000000000000142,0.10000000000000142
4070941012,10751780973,3.079726442071044,-0.10000000000000142,0.0
4070941012,3730509321,129.1130895981463,1.6999999999999993,1.6999999999999993
4070941028,7369033919,5.116112079348171,0.0,0.0
4070941028,10751780972,2.5153018434032384,0.0,0.0
4070941028,4070941032,91.84491901417192,-0.7999999999999972,0.0
4070941032,10736725925,20.849549056166236,-0.20000000000000284,0.0
4070941032,4070941028,91.84491901417192,0.7999999999999972,0.7999999999999972
4070941032,4070941289,37.80896306960171,2.5,2.5
4070941289,10736725922,10.794085652583286,2.8999999999999986,2.8999999999999986
4070941289,1303152201,38.85211793462208,2.3999999999999986,2.3999999999999986
4070941289,4070941032,37.80896306960171,-2.5,0.0
4070941289,10736725925,18.336102585249634,-2.700000000000003,0.0
4070941292,10736725916,2.966776222558848,0.10000000000000142,0.10000000000000142
4070941292,7369033922,99.32348239354727,0.9000000000000021,0.9000000000000021
4070941292,10736725806,298.4173790891663,-2.0,0.0
4070941295,10736725915,24.414584945376195,0.0,0.0
4070941295,3731572079,12.342106098213327,0.30000000000000426,0.30000000000000426
4070941295,1303244402,31.317371285165233,0.4000000000000057,0.4000000000000057
4070941298,6394962485,94.03997603001977,-1.0,0.0
4070941298,10738679163,29.371423021321853,-1.5,0.0
4070941298,6394962487,21.365921874762854,0.7000000000000028,0.7000000000000028
4070941298,10751780971,228.58499493379554,-5.099999999999998,0.0
4070941319,3731572079,34.001416791205365,-0.8999999999999986,0.0
4070941319,10803910262,92.21854751959295,1.7999999999999972,1.7999999999999972
4070941319,7369033893,26.737937388992613,1.0,1.0
4070941321,10803910262,18.968056336808775,-0.6000000000000014,0.0
4070941321,1303246251,25.792277381014973,0.6000000000000014,0.6000000000000014
4070941321,10736725999,15.174070542770728,0.7000000000000028,0.7000000000000028
4070941324,4070941325,2.8152020151988415,0.10000000000000142,0.10000000000000142
4070941324,7369034000,3.4926971589592375,0.0,0.0
4070941324,7369034003,31.858600279732606,0.6999999999999957,0.6999999999999957
4070941325,4070941324,2.8152020151988415,-0.10000000000000142,0.0
4070941325,7369033994,5.464057764893467,0.09999999999999432,0.09999999999999432
4070941325,7369033991,145.06277554402348,1.6999999999999957,1.6999999999999957
4070941346,4070941347,7.266787109147829,0.0,0.0
4070941346,10721114737,5.283439697915883,0.10000000000000142,0.10000000000000142
4070941346,2566516697,79.28966025871756,-0.10000000000000142,0.0
4070941347,12560683507,143.00021875189987,1.3000000000000043,1.3000000000000043
4070941347,4070941346,7.266787109147829,0.0,0.0
4070941347,10721114738,5.924964798425036,-0.10000000000000142,0.0
4070941348,4070941405,22.0755991410778,0.5999999999999943,0.5999999999999943
4070941348,4070941402,34.72998653682561,0.6999999999999957,0.6999999999999957
4070941348,12560683507,4.853261267793938,0.0,0.0
4070941358,5228128355,37.10790964444091,4.199999999999996,4.199999999999996
4070941358,5228128351,3.2128946959009053,0.0,0.0
4070941358,7369033996,108.4704116353964,-1.5,0.0
4070941367,2162438533,56.44692212854931,0.4000000000000057,0.4000000000000057
4070941367,5228128346,167.54390432484726,-0.5999999999999943,0.0
4070941367,7099852057,13.05578784363678,-0.8999999999999986,0.0
4070941376,4070941377,7.884045256345406,-0.19999999999999574,0.0
4070941376,10721114736,4.797405769326059,0.10000000000000142,0.10000000000000142
4070941376,2162438533,174.7121700338701,-0.6999999999999957,0.0
4070941377,4070941376,7.884045256345406,0.19999999999999574,0.19999999999999574
4070941377,10721114735,4.873932283369424,0.09999999999999432,0.09999999999999432
4070941377,10721114732,85.34729409914661,1.0,1.0
4070941382,10721114733,94.4237744579129,-2.1000000000000014,0.0
4070941383,2639302703,29.329286124564604,-0.6000000000000014,0.0
4070941383,2639302714,7.024305383815405,1.1000000000000014,1.1000000000000014
4070941383,10721102909,43.212716431154824,-0.8000000000000043,0.0
4070941388,10721114728,3.7149911474762756,0.0,0.0
4070941388,10721114731,7.0898659802926005,0.19999999999999574,0.19999999999999574
4070941388,10721102909,53.490551481562974,0.5999999999999943,0.5999999999999943
4070941395,4070941396,23.93997746021375,0.9000000000000057,0.9000000000000057
4070941395,10721102942,3.816197441237905,0.0,0.0
4070941395,10721102962,6.97510674177731,0.10000000000000142,0.10000000000000142
4070941396,1728170028,72.11353829145382,1.0,1.0
4070941396,1728170005,3.432604339863883,0.0,0.0
4070941396,4070941395,23.93997746021375,-0.9000000000000057,0.0
4070941397,1728170104,4.391139818654889,0.0,0.0
4070941397,2245132776,8.098460693347166,0.10000000000000142,0.10000000000000142
4070941397,4070941402,49.4814334081626,-0.8999999999999986,0.0
4070941401,4070941405,136.35788155113647,-0.9000000000000057,0.0
4070941402,4070941348,34.72998653682561,-0.6999999999999957,0.0
4070941402,4070941397,49.4814334081626,0.8999999999999986,0.8999999999999986
4070941402,4070941403,14.96552328104337,2.8999999999999986,2.8999999999999986
4070941403,4070941402,14.96552328104337,-2.8999999999999986,0.0
4070941403,2245132776,51.93975726134764,-1.8999999999999986,0.0
4070941403,4070941405,39.78772313728402,-3.0,0.0
4070941403,1303246213,78.26407300871513,0.10000000000000142,0.10000000000000142
4070941405,4070941348,22.0755991410778,-0.5999999999999943,0.0
4070941405,4070941401,136.35788155113647,0.9000000000000057,0.9000000000000057
4070941405,4070941403,39.78772313728402,3.0,3.0
4070941412,2162438531,55.460177271257,-0.8999999999999986,0.0
4070941412,1303246463,3.6020849394104415,0.10000000000000142,0.10000000000000142
4070941412,4070941418,59.40671223705887,-2.5999999999999943,0.0
4070941412,7368660681,60.367716478527754,2.5,2.5
4070941418,7369034002,4.023439816541278,0.0,0.0
4070941418,4070941420,68.36138788743978,0.5999999999999943,0.5999999999999943
4070941418,4070941412,59.40671223705886,2.5999999999999943,2.5999999999999943
4070941420,2574372159,3.5547803432090705,-0.09999999999999432,0.0
4070941420,2162438531,24.441993659862298,1.1000000000000014,1.1000000000000014
4070941420,4070941422,31.861205504291824,0.4000000000000057,0.4000000000000057
4070941420,4070941418,68.36138788743978,-0.5999999999999943,0.0
4070941422,1303244623,5.69915337890786,-0.10000000000000142,0.0
4070941422,1767727211,2.5238358066717606,0.0,0.0
4070941422,4070941420,31.861205504291824,-0.4000000000000057,0.0
4070941425,4070880045,2.9326486959739757,-0.10000000000000142,0.0
4070941425,7369034000,4.133150153709953,0.0,0.0
4070941425,7369034012,31.131428843851058,0.6999999999999957,0.6999999999999957
4070941428,4070941429,2.54871685273751,0.0,0.0
4070941428,7369033995,5.070528091548817,0.10000000000000142,0.10000000000000142
4070941428,7369034001,31.64351577279308,0.20000000000000284,0.20000000000000284
4070941429,4070941428,2.54871685273751,0.0,0.0
4070941429,7369033999,4.038303626688595,0.0,0.0
4070941429,4070941437,202.3418948702061,-2.3000000000000007,0.0
4070941437,4070941438,6.210070597369318,0.0,0.0
4070941437,7369034018,6.544403620827463,-0.09999999999999787,0.0
4070941437,4070941429,202.34189487020603,2.3000000000000007,2.3000000000000007
4070941438,4070941437,6.210070597369318,0.0,0.0
4070941438,7369034016,6.191498687471262,0.10000000000000142,0.10000000000000142
4070941438,3730545061,171.99925607223133,-1.1999999999999993,0.0
4070941447,4070941448,3.2805401367025646,0.0,0.0
4070941447,7369033923,5.481025674705657,0.10000000000000142,0.10000000000000142
4070941447,3730545063,87.15443647967857,1.1999999999999993,1.1999999999999993
4070941448,4070941447,3.2805401367025646,0.0,0.0
4070941448,7369033918,2.910143948329376,-0.10000000000000142,0.0
4070941448,7369033928,25.33451897907079,0.1999999999999993,0.1999999999999993
4070941471,4070941472,5.34357949447353,0.1999999999999993,0.1999999999999993
4070941471,7366845048,3.48036259761473,0.10000000000000142,0.10000000000000142
4070941471,7369027661,20.57099859926447,-0.10000000000000142,0.0
4070941472,4070941471,5.34357949447353,-0.1999999999999993,0.0
4070941472,7366845055,4.85566044801771,-0.09999999999999787,0.0
4070941472,4070941477,257.5397428192111,4.5000000000000036,4.5000000000000036
4070941477,7366852036,8.076425580980965,0.09999999999999432,0.09999999999999432
4070941477,7366852028,3.6996496988296403,0.0,0.0
4070941477,4070941472,257.5397428192111,-4.5000000000000036,0.0
4070948069,7366852002,3.3891539434195623,0.0,0.0
4070948069,7366852005,55.70107852010596,-3.799999999999997,0.0
4070948069,7366852003,6.810606414074052,0.30000000000000426,0.30000000000000426
4070948076,2187247066,57.70149025512339,4.099999999999994,4.099999999999994
4070948082,7366852208,3.9196245242654326,0.10000000000000142,0.10000000000000142
4070948082,7366852207,4.229264797509148,-0.09999999999999432,0.0
4070948082,7366844986,172.69704900855785,14.0,14.0
4070953790,7366852214,27.66516904725313,-0.6000000000000014,0.0
4070953790,7366852212,6.341012609371539,-0.10000000000000142,0.0
4070953790,7366852175,95.36068333452894,2.1000000000000014,2.1000000000000014
4070953795,4070953796,6.448688599241331,-0.29999999999999716,0.0
4070953795,7366852213,5.279789471048554,0.0,0.0
4070953795,7366852209,100.36701640300149,2.4000000000000057,2.4000000000000057
4070953796,4070953795,6.448688599241331,0.29999999999999716,0.29999999999999716
4070953796,7366852211,5.560167127736713,-0.10000000000000142,0.0
4070953796,4070953799,209.82223406805244,7.200000000000003,7.200000000000003
4070953799,4070953800,5.9671664336577726,0.0,0.0
4070953799,7366852169,5.210852164153508,-0.10000000000000142,0.0
4070953799,4070953796,209.82223406805244,-7.200000000000003,0.0
4070953800,4070953799,5.9671664336577726,0.0,0.0
4070953800,7366852170,6.561407796162026,0.09999999999999432,0.09999999999999432
4070953800,4070953801,29.96472517994429,0.09999999999999432,0.09999999999999432
4070953801,1303243654,8.036444579495294,0.10000000000000142,0.10000000000000142
4070953801,7368660647,307.8425445203021,1.8000000000000043,1.8000000000000043
4070953801,4070953800,29.96472517994429,-0.09999999999999432,0.0
4070953801,10735004290,35.632773729436764,0.4000000000000057,0.4000000000000057
4070953802,4070953803,88.30914605844352,-2.1000000000000014,0.0
4070953802,7366852168,4.0264829377080655,0.0,0.0
4070953802,7366852167,7.814775493013988,-0.10000000000000142,0.0
4070953803,4070953802,88.30914605844352,2.1000000000000014,2.1000000000000014
4070953803,6447149373,44.63300324425387,-2.6000000000000014,0.0
4070953803,6447149348,70.51576228210415,-0.3999999999999986,0.0
4070953805,4070953806,7.371406265121649,-0.09999999999999432,0.0
4070953805,7366852210,3.546069074508564,0.10000000000000142,0.10000000000000142
4070953805,6447149373,76.82945010693854,2.5,2.5
4070953805,6475841840,50.76572982070023,-1.1999999999999957,0.0
4070953806,4070953805,7.371406265121649,0.09999999999999432,0.09999999999999432
4070953806,7366852216,4.436642791695574,-0.10000000000000142,0.0
4070953806,6475841838,93.4291814145557,-3.3000000000000043,0.0
4070953845,4070953846,3.045709809268404,-0.10000000000000142,0.0
4070953845,7366852207,5.478689161084068,0.0,0.0
4070953845,7366852178,23.342385679205165,0.29999999999999716,0.29999999999999716
4070953846,4070953845,3.045709809268404,0.10000000000000142,0.10000000000000142
4070953846,7366852206,5.512741043911751,-0.20000000000000284,0.0
4070953846,7366852030,196.95298742763296,-5.100000000000001,0.0
4070953856,1303151801,3.936928740069474,0.10000000000000142,0.10000000000000142
4070953856,2187246866,97.61622385312322,7.899999999999999,7.899999999999999
4070953856,7366852038,70.09833786690777,4.799999999999997,4.799999999999997
4070953856,7366852030,29.704777439940116,-0.5,0.0
4070996673,4070996674,19.35597828502674,1.3999999999999986,1.3999999999999986
4070996673,7366584693,4.820400031330692,0.10000000000000142,0.10000000000000142
4070996674,4070996673,19.35597828502674,-1.3999999999999986,0.0
4070996674,7366584694,4.938256139955287,0.10000000000000142,0.10000000000000142
4070996674,7366584689,52.101243578929854,3.5,3.5
4070996679,4070996680,5.895915310824531,-0.6000000000000014,0.0
4070996679,7366584695,4.881976623753339,0.0,0.0
4070996679,7366584698,64.59773999735744,4.299999999999997,4.299999999999997
4070996680,4070996679,5.895915310824531,0.6000000000000014,0.6000000000000014
4070996680,2637060815,6.139566336814748,-0.19999999999999574,0.0
4070996680,7366584599,62.01812006958248,-0.29999999999999716,0.0
4070996685,7924959748,7.35569172816364,-0.10000000000000142,0.0
4070996685,7366584691,4.585958371574827,0.10000000000000142,0.10000000000000142
4070996685,908108799,66.47783933738883,6.899999999999999,6.899999999999999
4497868618,4497868620,17.846659427347063,0.6000000000000014,0.6000000000000014
4497868618,5128328273,28.044106133976083,0.8999999999999986,0.8999999999999986
4497868618,5228128319,52.969715683002576,-10.200000000000003,0.0
4497868620,5228128336,10.58931368444955,-1.6000000000000014,0.0
4497868620,5128328273,170.81122855815102,0.29999999999999716,0.29999999999999716
4497868620,4497868618,17.846659427347063,-0.6000000000000014,0.0
4699680469,4070941004,23.806554735158503,-0.09999999999999787,0.0
4699680469,3730509321,121.14314313306153,-1.1999999999999993,0.0
4699680469,1303152517,39.20498504486521,4.100000000000001,4.100000000000001
5128327639,5128327644,61.41148750666909,-3.1000000000000014,0.0
5128327639,5228128313,17.92345682969909,0.7000000000000028,0.7000000000000028
5128327639,5228128309,27.021697306634877,-8.100000000000001,0.0
5128327644,5228128349,37.41415871804791,-2.799999999999997,0.0
5128327644,5128327639,61.41148750666908,3.1000000000000014,3.1000000000000014
5128327644,5228128309,77.29150907424804,-5.0,0.0
5128328258,5228128324,25.01532788889022,0.10000000000000142,0.10000000000000142
5128328258,7099852005,16.088092263882054,0.0,0.0
5128328258,5128328267,145.60281314703263,21.500000000000004,21.500000000000004
5128328267,5128328268,13.184348855328182,1.0,1.0
5128328267,5128328258,145.60281314703266,-21.500000000000004,0.0
5128328267,5228128328,35.55724496807639,0.7999999999999972,0.7999999999999972
5128328268,5128328269,11.2194856358844,0.19999999999999574,0.19999999999999574
5128328268,5128328267,13.184348855328182,-1.0,0.0
5128328268,5228128337,14.918180502253366,0.09999999999999432,0.09999999999999432
5128328269,5128328268,11.2194856358844,-0.19999999999999574,0.0
5128328269,5128328271,15.98231329667585,0.6000000000000014,0.6000000000000014
5128328269,5228128313,11.04657514538644,-0.19999999999999574,0.0
5128328271,5228128337,18.837562731428495,-0.7000000000000028,0.0
5128328271,5128328273,9.332181406383521,-0.10000000000000142,0.0
5128328271,5128328269,15.98231329667585,-0.6000000000000014,0.0
5128328273,4497868618,28.044106133976083,-0.8999999999999986,0.0
5128328273,4497868620,170.81122855815104,-0.29999999999999716,0.0
5128328273,5128328271,9.332181406383521,0.10000000000000142,0.10000000000000142
5128328273,5228128313,19.45497553936409,-0.6999999999999957,0.0
5228128309,5128327644,77.29150907424804,5.0,5.0
5228128309,1767739968,93.71038736600468,-11.899999999999999,0.0
5228128309,5128327639,27.021697306634877,8.100000000000001,8.100000000000001
5228128313,5128327639,17.92345682969909,-0.7000000000000028,0.0
5228128313,5128328269,11.04657514538644,0.19999999999999574,0.19999999999999574
5228128313,5128328273,19.45497553936409,0.6999999999999957,0.6999999999999957
5228128319,5228128324,73.51851516393384,-11.999999999999996,0.0
5228128319,4497868618,52.969715683002576,10.200000000000003,10.200000000000003
5228128319,5228128336,62.68060115354739,9.200000000000003,9.200000000000003
5228128319,5228128328,45.68175427779697,10.200000000000003,10.200000000000003
5228128324,7099852004,7.496294481644038,0.09999999999999787,0.09999999999999787
5228128324,5128328258,25.01532788889022,-0.10000000000000142,0.0
5228128324,5228128319,73.51851516393384,11.999999999999996,11.999999999999996
5228128328,5228128337,14.711841003583459,0.29999999999999716,0.29999999999999716
5228128328,5228128319,45.68175427779696,-10.200000000000003,0.0
5228128328,5128328267,35.55724496807639,-0.7999999999999972,0.0
5228128336,4497868620,10.58931368444955,1.6000000000000014,1.6000000000000014
5228128336,5228128344,28.756049409907455,-1.7999999999999972,0.0
5228128336,5228128319,62.680601153547386,-9.200000000000003,0.0
5228128337,5128328271,18.837562731428495,0.7000000000000028,0.7000000000000028
5228128337,5228128328,14.711841003583459,-0.29999999999999716,0.0
5228128337,5128328268,14.918180502253366,-0.09999999999999432,0.0
5228128339,1303245942,21.786576845592126,-0.3999999999999986,0.0
5228128339,5228128344,99.65347192597748,18.800000000000004,18.800000000000004
5228128339,1303243680,17.564789211218677,-0.5,0.0
5228128344,5228128336,28.756049409907455,1.7999999999999972,1.7999999999999972
5228128344,5228128339,99.65347192597747,-18.800000000000004,0.0
5228128344,5228128346,24.259380851252537,-9.5,0.0
5228128346,5228128344,24.259380851252537,9.5,9.5
5228128346,4070941367,167.5439043248473,0.5999999999999943,0.5999999999999943
5228128346,5228128351,67.63449841599508,-0.5,0.0
5228128349,5228128355,29.663648175473043,-2.200000000000003,0.0
5228128349,5128327644,37.41415871804791,2.799999999999997,2.799999999999997
5228128349,5228128350,28.708933430086574,-1.3000000000000043,0.0
5228128350,5228128355,22.11372397466863,-0.8999999999999986,0.0
5228128350,5228128349,28.708933430086574,1.3000000000000043,1.3000000000000043
5228128350,1767725819,20.38238566886864,0.30000000000000426,0.30000000000000426
5228128351,4070941358,3.2128946959009053,0.0,0.0
5228128351,1767725819,20.81853820810997,5.399999999999999,5.399999999999999
5228128351,5228128346,67.63449841599507,0.5,0.5
5228128355,5228128350,22.11372397466863,0.8999999999999986,0.8999999999999986
5228128355,4070941358,37.10790964444091,-4.199999999999996,0.0
5228128355,7369033997,134.96355887330012,-5.799999999999997,0.0
5228128355,5228128349,29.663648175473043,2.200000000000003,2.200000000000003
5240301095,5240301941,27.64740078365527,0.20000000000000284,0.20000000000000284
5240301095,6447935512,77.6024944140179,2.0,2.0
5240301095,2592759156,63.486028629732104,0.20000000000000284,0.20000000000000284
5240301113,8808818565,39.82278190587121,-0.4000000000000057,0.0
5240301113,6447785890,70.47346401311033,-0.30000000000000426,0.0
5240301113,6447935512,62.60804718507746,-4.200000000000003,0.0
5240301941,6447785657,6.619496071442448,0.0,0.0
5240301941,5240301095,27.64740078365527,-0.20000000000000284,0.0
5240301941,8808818570,19.375907391371097,1.0,1.0
5240301944,8808818565,21.51086625085158,0.0,0.0
5240301944,8796856947,70.25216818302619,0.7000000000000028,0.7000000000000028
5240301944,6447785657,33.03592363696919,-5.599999999999994,0.0
5240301945,6437962853,28.824588808075784,-0.3999999999999986,0.0
5240301945,2591757151,100.96603888959343,1.2000000000000028,1.2000000000000028
5240301945,5240301947,18.329547803657405,-4.399999999999999,0.0
5240301947,5240301945,18.329547803657405,4.399999999999999,4.399999999999999
5240301947,8828729109,40.325677039321484,2.8000000000000043,2.8000000000000043
5240301947,8808818570,17.736367587555357,-1.1999999999999957,0.0
5240301947,8808818567,5.352219052690725,0.0,0.0
5240301957,8828729105,2.0795916891905706,0.0,0.0
5240301957,5240301958,33.773074667152684,1.2000000000000028,1.2000000000000028
5240301957,8796856949,2.2628059793896913,0.0,0.0
5240301958,5240301957,33.773074667152684,-1.2000000000000028,0.0
5240301958,6452330441,73.36166479281133,0.5,0.5
5240301958,2591757151,17.84508610971779,-0.10000000000000142,0.0
5240301962,7101986067,10.029605552953816,-1.9000000000000057,0.0
5240301962,8796856947,13.105048722503312,-0.20000000000000284,0.0
5240301962,6447785890,65.31084056366416,-0.8000000000000043,0.0
5240301962,8796856949,9.737283045847814,0.19999999999999574,0.19999999999999574
5241082711,2136813369,28.60332755576989,-2.5,0.0
5241082711,2136813367,56.20107248155245,-1.5,0.0
5241082711,8796848798,26.564167426669705,4.200000000000003,4.200000000000003
5406585777,6447785891,17.097079410111206,-1.0,0.0
5406585777,5406585793,17.50099312292182,-2.0,0.0
5406585777,5406585789,78.57046463249615,5.5,5.5
5406585778,6452330476,6.593147875656725,1.6000000000000014,1.6000000000000014
5406585778,5406585781,96.15270294417446,-2.1999999999999993,0.0
5406585778,2136813798,31.974609277437764,-3.299999999999997,0.0
5406585781,5406585778,96.15270294417448,2.1999999999999993,2.1999999999999993
5406585781,5406585785,114.35489848067813,11.400000000000002,11.400000000000002
5406585781,5406585782,55.477943987219966,-4.5,0.0
5406585782,1484203486,9.179104367391993,0.0,0.0
5406585782,2139656838,22.982708091013105,0.10000000000000142,0.10000000000000142
5406585782,5406585781,55.477943987219966,4.5,4.5
5406585785,5406585781,114.35489848067813,-11.400000000000002,0.0
5406585785,5406585793,102.71806159643158,5.600000000000001,5.600000000000001
5406585785,5406585787,50.36052983108042,7.299999999999997,7.299999999999997
5406585787,6452330432,100.58253331026818,12.300000000000004,12.300000000000004
5406585787,5406585789,47.41277653490825,5.800000000000004,5.800000000000004
5406585787,5406585785,50.36052983108043,-7.299999999999997,0.0
5406585789,6452330441,26.449666610622938,0.3999999999999986,0.3999999999999986
5406585789,5406585777,78.57046463249615,-5.5,0.0
5406585789,5406585787,47.41277653490825,-5.800000000000004,0.0
5406585793,6447785891,14.007525536845346,1.0,1.0
5406585793,5406585777,17.50099312292182,2.0,2.0
5406585793,5406585785,102.7180615964316,-5.600000000000001,0.0
5406585795,6447785886,35.88113276700686,1.8000000000000043,1.8000000000000043
5406585795,6447785890,12.062372546007794,0.0,0.0
5406585795,6447785885,12.178683433591807,-0.10000000000000142,0.0
5406585797,6447785886,52.444836706975025,-3.5,0.0
5406585804,7099851941,4.685861093650064,-0.10000000000000142,0.0
5406585804,2561641488,45.4221789396178,2.6999999999999993,2.6999999999999993
5406585804,7099852048,121.30700769353784,10.299999999999997,10.299999999999997
5406585811,1303245838,12.780611099941902,0.4000000000000057,0.4000000000000057
5406585811,7099851929,50.06092913459888,-0.19999999999999574,0.0
5406585811,7099851928,53.87349707688265,-2.1999999999999957,0.0
5406585818,7099852039,22.430338123440052,0.6000000000000014,0.6000000000000014
5406585818,7099851928,73.38211451023874,1.7000000000000028,1.7000000000000028
5406585818,7099851918,50.02528263777654,-0.6000000000000014,0.0
5466265990,739474124,9.008069710124936,0.09999999999999432,0.09999999999999432
5466265990,1695820882,44.23201078004351,1.0,1.0
5466265990,10721114694,10.893060997729535,-0.6000000000000014,0.0
5466265990,9983573509,8.71879129220854,0.3999999999999986,0.3999999999999986
5587339789,6452250088,83.82739903842686,-2.200000000000003,0.0
5587339789,3084725044,114.44457122975071,0.5999999999999979,0.5999999999999979
5587339789,6452247820,55.01338351802106,2.0,2.0
5587339790,1303244398,22.452677093081064,-1.4000000000000021,0.0
5587339790,1484203354,8.033881854357805,0.5,0.5
5587339790,6452250088,4.487353490581028,0.09999999999999787,0.09999999999999787
6027198639,1303245004,9.952747074053043,-0.20000000000000284,0.0
6394408457,2267877235,18.28726372989287,-0.10000000000000142,0.0
6394408457,1484203389,108.27954653598003,0.3999999999999986,0.3999999999999986
6394408457,6394408458,44.135983419591795,1.2999999999999972,1.2999999999999972
6394408458,6394408457,44.135983419591795,-1.2999999999999972,0.0
6394961579,2187246561,5.049499773527751,0.0,0.0
6394961579,10736725828,48.11014213846696,-2.5,0.0
6394962485,4070941298,94.03997603001977,1.0,1.0
6394962485,3731572076,12.449341689364447,-0.10000000000000142,0.0
6394962485,1303244135,30.217692030831014,0.0,0.0
6394962487,4070941298,21.365921874762854,-0.7000000000000028,0.0
6394962487,3878191510,46.00473933478265,-1.1000000000000014,0.0
6394962487,10736137350,65.68657669087155,2.299999999999997,2.299999999999997
6394962503,7366845054,94.66292763025848,-2.3999999999999986,0.0
6394962503,2187246549,91.8094377863047,0.8999999999999986,0.8999999999999986
6394962503,1303152765,53.155935698111385,9.700000000000003,9.700000000000003
6397662166,739474132,58.346464320635505,1.5,1.5
6397662166,1814571403,69.69751058431937,-1.3000000000000007,0.0
6397663285,3732569012,32.05236558590712,0.0,0.0
6397663285,4019720125,30.79448812666334,0.0,0.0
6405281334,6405281335,64.62626486679886,-4.399999999999999,0.0
6405281335,2261866811,4.17601531275432,0.0,0.0
6405281335,2261866802,26.660155143757944,-1.5999999999999979,0.0
6405281335,6405281334,64.62626486679886,4.399999999999999,4.399999999999999
6405281336,6405281339,99.81082431725076,-1.8999999999999986,0.0
6405281339,2261866837,107.75140733444924,-2.5,0.0
6405281339,2261866894,394.3036563974186,2.5999999999999943,2.5999999999999943
6405281339,6405281336,99.81082431725076,1.8999999999999986,1.8999999999999986
6405281341,461630402,46.508620130419324,-2.3999999999999986,0.0
6405281341,461630402,150.81873896646636,-2.3999999999999986,0.0
6407306856,2261866961,111.7561640273034,1.2000000000000028,1.2000000000000028
6407306857,2261866891,83.76676135322263,-1.5,0.0
6407306885,461629500,136.03755268548034,3.8000000000000007,3.8000000000000007
6407306885,461630402,178.80904643417517,6.300000000000001,6.300000000000001
6407480791,6407480804,45.52518246216327,6.5,6.5
6407480800,2267231906,8.47677569676765,0.3999999999999986,0.3999999999999986
6407480800,2267294339,57.2375181684688,-6.399999999999999,0.0
6407480800,6407480804,60.730140860932515,1.8999999999999986,1.8999999999999986
6407480804,6407480791,45.52518246216327,-6.5,0.0
6407480804,6407480800,60.730140860932515,-1.8999999999999986,0.0
6407480804,6407480809,47.0064507097428,1.2000000000000028,1.2000000000000028
6407480809,6407480804,47.0064507097428,-1.2000000000000028,0.0
6407480811,1303245928,2.791169541168596,0.0,0.0
6407480811,2267231889,174.6246523125272,1.1000000000000014,1.1000000000000014
6407480811,6407480816,116.81951121441548,14.700000000000003,14.700000000000003
6407480816,2267294271,34.62489395428507,-0.7999999999999972,0.0
6407480816,2267231841,82.59690261484496,0.0,0.0
6407480816,6407480811,116.81951121441547,-14.700000000000003,0.0
6410720144,1302821170,1.9942805989867856,0.09999999999999787,0.09999999999999787
6410720144,4019720181,28.837549043854462,-1.1000000000000014,0.0
6437962852,1484203701,64.87021276065055,0.6000000000000014,0.6000000000000014
6437962852,6447147575,6.952989052197425,0.10000000000000142,0.10000000000000142
6437962852,2591757151,111.97285066420382,-0.7999999999999972,0.0
6437962853,5240301945,28.824588808075784,0.3999999999999986,0.3999999999999986
6437962853,461630321,69.6555556782998,-0.6999999999999957,0.0
6437962853,6447147574,7.175967799220204,0.20000000000000284,0.20000000000000284
6437962859,6438635360,21.303692606064377,-0.6999999999999957,0.0
6437962861,6447149321,6.682148608793626,-0.7000000000000028,0.0
6437962863,6447147569,6.584268432665285,0.3999999999999986,0.3999999999999986
6437962863,2587513279,148.73685963179872,0.0,0.0
6437962863,2587513215,67.10304101582818,-1.7999999999999972,0.0
6437962865,6447147525,35.75285844879939,2.700000000000003,2.700000000000003
6437962865,6447147569,10.260035108127854,-0.6000000000000014,0.0
6437962865,6437962868,86.85577274552077,7.700000000000003,7.700000000000003
6437962868,6447147525,9.689757784490519,-5.0,0.0
6437962868,6437962870,86.41024728068393,6.800000000000004,6.800000000000004
6437962868,6437962865,86.85577274552077,-7.700000000000003,0.0
6437962870,6437962868,86.41024728068393,-6.800000000000004,0.0
6437962872,6447147554,36.257376913562226,0.0,0.0
6437962872,6447147573,37.89758778225744,-1.1000000000000014,0.0
6437962872,6447147548,8.35033078382168,0.0,0.0
6437962876,2587513203,56.067037946619706,-2.6000000000000014,0.0
6437962876,6447149321,12.172618581262224,0.0,0.0
6437962876,6447147539,19.509766674086585,0.6000000000000014,0.6000000000000014
6437962884,8571776917,6.333268808573277,0.0,0.0
6437962884,6437963388,17.881529342783267,-0.20000000000000284,0.0
6437962884,6447147566,76.14939212087563,-6.100000000000001,0.0
6437963385,6447147526,2.4014582955074175,-0.10000000000000142,0.0
6437963385,6437963388,9.712485113216504,0.7999999999999972,0.7999999999999972
6437963385,6447149320,16.368166275612612,1.0999999999999943,1.0999999999999943
6437963387,2587513212,41.52313504287707,-1.1999999999999957,0.0
6437963387,6447147566,21.373879855311536,0.7000000000000028,0.7000000000000028
6437963387,6437963395,56.508600339564865,3.1000000000000014,3.1000000000000014
6437963388,6437963385,9.712485113216504,-0.7999999999999972,0.0
6437963388,6437962884,17.881529342783267,0.20000000000000284,0.20000000000000284
6437963388,6437963389,61.52380946464224,0.3999999999999986,0.3999999999999986
6437963389,6447147541,33.96974538722997,-3.1000000000000014,0.0
6437963389,6437963388,61.52380946464224,-0.3999999999999986,0.0
6437963389,6447147521,24.964428621172623,0.7000000000000028,0.7000000000000028
6437963389,6447147517,66.89198886404516,-4.799999999999997,0.0
6437963389,8571718052,41.16254718575841,-0.29999999999999716,0.0
6437963395,6447147526,31.649622699643583,2.6000000000000014,2.6000000000000014
6437963395,6447147539,27.77719632625322,-1.3999999999999986,0.0
6437963395,6437963387,56.508600339564865,-3.1000000000000014,0.0
6437963396,461629311,34.07501367424818,-0.7000000000000028,0.0
6437963396,1484203848,26.298739781215634,0.7999999999999972,0.7999999999999972
6437963396,2139661796,28.199447614658006,-0.30000000000000426,0.0
6437963396,1303245847,33.20131258546236,1.3999999999999986,1.3999999999999986
6437963398,6447785904,7.136503602104834,0.29999999999999716,0.29999999999999716
6437963398,6437963399,10.848856866621185,-0.30000000000000426,0.0
6437963398,7406081422,122.4490495818577,7.899999999999999,7.899999999999999
6437963399,6437963398,10.848856866621185,0.30000000000000426,0.30000000000000426
6437963399,461629319,35.56867698637001,3.200000000000003,3.200000000000003
6437963400,6452310969,37.846577608878725,0.3999999999999986,0.3999999999999986
6437963400,6438955492,74.63173478391185,-3.5,0.0
6437963400,6447785904,28.349588727874146,-1.1000000000000014,0.0
6437963403,6447149376,46.231301164553194,-0.30000000000000426,0.0
6437963403,6437963404,14.979858963776786,-0.20000000000000284,0.0
6437963403,6447149348,29.899316046280216,0.29999999999999716,0.29999999999999716
6437963404,7366852174,33.51658451381003,-0.5,0.0
6437963404,6437963403,14.979858963776786,0.20000000000000284,0.20000000000000284
6437963404,6447149379,57.519363014604366,-1.7999999999999972,0.0
6438635360,6437962859,21.303692606064377,0.6999999999999957,0.6999999999999957
6438635360,6447147543,10.090362201095664,0.5999999999999943,0.5999999999999943
6438635360,6447147575,29.754825703269464,-1.8000000000000043,0.0
6438635360,6447149331,54.550158047986585,-0.30000000000000426,0.0
6438955492,6447785903,7.177091070377561,0.0,0.0
6438955492,6437963400,74.63173478391185,3.5,3.5
6447147517,2626055004,33.993546643866296,-0.30000000000000426,0.0
6447147517,6447147554,10.491529104204176,0.0,0.0
6447147517,6437963389,66.89198886404517,4.799999999999997,4.799999999999997
6447147521,6437963389,24.964428621172623,-0.7000000000000028,0.0
6447147522,8571776917,16.835716675299224,-1.1999999999999957,0.0
6447147525,6437962865,35.75285844879939,-2.700000000000003,0.0
6447147525,8571776917,29.934523461141573,2.6000000000000014,2.6000000000000014
6447147525,6437962868,9.689757784490519,5.0,5.0
6447147526,6437963395,31.649622699643583,-2.6000000000000014,0.0
6447147526,6437963385,2.4014582955074175,0.10000000000000142,0.10000000000000142
6447147526,8571718070,37.31526124902269,1.0,1.0
6447147539,6437963395,27.77719632625322,1.3999999999999986,1.3999999999999986
6447147539,8571718070,14.614362128983094,5.0,5.0
6447147539,6437962876,19.509766674086585,-0.6000000000000014,0.0
6447147541,6447147543,11.30018537865812,-1.0,0.0
6447147541,6447147557,34.17372089125218,0.20000000000000284,0.20000000000000284
6447147541,6437963389,33.96974538722996,3.1000000000000014,3.1000000000000014
6447147543,6438635360,10.090362201095664,-0.5999999999999943,0.0
6447147543,6447147556,37.07134100464256,0.10000000000000142,0.10000000000000142
6447147543,6447147541,11.30018537865812,1.0,1.0
6447147548,6447147556,16.104231630550093,0.7999999999999972,0.7999999999999972
6447147548,6437962872,8.35033078382168,0.0,0.0
6447147548,6447147554,40.74481129048376,0.0,0.0
6447147548,6452310350,41.19252241034323,-1.1000000000000014,0.0
6447147554,6447147517,10.491529104204176,0.0,0.0
6447147554,6437962872,36.257376913562226,0.0,0.0
6447147554,6447147548,40.74481129048376,0.0,0.0
6447147555,6447147557,4.675876774603742,-0.20000000000000284,0.0
6447147556,6447147543,37.07134100464256,-0.10000000000000142,0.0
6447147556,6447147548,16.104231630550093,-0.7999999999999972,0.0
6447147556,6447147557,9.37478161741206,1.1000000000000014,1.1000000000000014
6447147557,6447147555,4.675876774603742,0.20000000000000284,0.20000000000000284
6447147557,6447147541,34.17372089125218,-0.20000000000000284,0.0
6447147557,6447147556,9.37478161741206,-1.1000000000000014,0.0
6447147566,6447147569,3.0734663709316496,0.19999999999999574,0.19999999999999574
6447147566,6437963387,21.373879855311536,-0.7000000000000028,0.0
6447147566,6437962884,76.14939212087563,6.100000000000001,6.100000000000001
6447147569,6447147566,3.0734663709316496,-0.19999999999999574,0.0
6447147569,3034938068,58.795591494405066,1.3000000000000043,1.3000000000000043
6447147569,6437962863,6.584268432665285,-0.3999999999999986,0.0
6447147569,6437962865,10.260035108127854,0.6000000000000014,0.6000000000000014
6447147573,6437962872,37.89758778225744,1.1000000000000014,1.1000000000000014
6447147573,7368658473,3.4953201755582493,-0.10000000000000142,0.0
6447147573,6452310350,10.39442961596407,0.0,0.0
6447147574,6437962853,7.175967799220204,-0.20000000000000284,0.0
6447147574,6447149326,78.55791224654384,1.1000000000000014,1.1000000000000014
6447147574,6447149321,32.903778873347136,2.8999999999999986,2.8999999999999986
6447147574,2587513203,96.44855400678969,0.29999999999999716,0.29999999999999716
6447147575,6437962852,6.952989052197425,-0.10000000000000142,0.0
6447147575,6452310350,54.7015775357761,0.6000000000000014,0.6000000000000014
6447147575,6438635360,29.754825703269464,1.8000000000000043,1.8000000000000043
6447147575,6447149327,66.52167177198545,-0.29999999999999716,0.0
6447149320,6437963385,16.368166275612612,-1.0999999999999943,0.0
6447149321,6447149322,65.68821604124226,0.29999999999999716,0.29999999999999716
6447149321,6447147574,32.903778873347136,-2.8999999999999986,0.0
6447149321,6437962861,6.682148608793626,0.7000000000000028,0.7000000000000028
6447149321,6437962876,12.172618581262224,0.0,0.0
6447149322,6447149321,65.68821604124226,-0.29999999999999716,0.0
6447149322,6447149331,50.687905588932665,0.6000000000000014,0.6000000000000014
6447149322,6447149326,36.2536692036723,-2.0999999999999943,0.0
6447149322,8571718115,24.6849967540766,5.300000000000004,5.300000000000004
6447149326,6447147574,78.55791224654384,-1.1000000000000014,0.0
6447149326,6447149327,84.58841523985856,0.8999999999999986,0.8999999999999986
6447149326,6447149322,36.25366920367231,2.0999999999999943,2.0999999999999943
6447149327,6447147575,66.52167177198545,0.29999999999999716,0.29999999999999716
6447149327,6447149326,84.58841523985856,-0.8999999999999986,0.0
6447149327,6447149331,35.13248884298159,1.7999999999999972,1.7999999999999972
6447149331,6447149322,50.687905588932665,-0.6000000000000014,0.0
6447149331,6438635360,54.550158047986585,0.30000000000000426,0.30000000000000426
6447149331,8571718115,24.28648567215248,4.700000000000003,4.700000000000003
6447149331,6447149327,35.13248884298159,-1.7999999999999972,0.0
6447149347,6447149373,4.673055696704799,0.19999999999999574,0.19999999999999574
6447149347,7366852210,76.7721785705527,-2.200000000000003,0.0
6447149347,7366852168,133.36255543415592,4.899999999999999,4.899999999999999
6447149348,6437963403,29.899316046280216,-0.29999999999999716,0.0
6447149348,6447149353,4.462966900015093,0.20000000000000284,0.20000000000000284
6447149348,4070953803,70.51576228210415,0.3999999999999986,0.3999999999999986
6447149349,6447149353,36.49966278288207,-1.3999999999999986,0.0
6447149349,7406081424,33.55626079729096,2.299999999999997,2.299999999999997
6447149349,6447149358,37.1040652760963,0.10000000000000142,0.10000000000000142
6447149349,6447149364,19.611233175774448,1.0,1.0
6447149351,1303243391,22.408031573269316,-0.7999999999999972,0.0
6447149351,1303246117,2.4516795330713363,0.10000000000000142,0.10000000000000142
6447149351,6447149352,17.501382277855967,-0.6999999999999957,0.0
6447149351,6452310958,43.187573647810744,-1.7999999999999972,0.0
6447149352,2267231814,46.75388929022642,-0.20000000000000284,0.0
6447149352,1303243391,14.631610445843767,-0.10000000000000142,0.0
6447149352,6447149351,17.501382277855967,0.6999999999999957,0.6999999999999957
6447149352,7406081422,4.525899643260789,-0.10000000000000142,0.0
6447149353,6447149348,4.462966900015093,-0.20000000000000284,0.0
6447149353,6447149349,36.49966278288207,1.3999999999999986,1.3999999999999986
6447149353,6447149365,33.03322329900766,1.3999999999999986,1.3999999999999986
6447149358,6447149349,37.1040652760963,-0.10000000000000142,0.0
6447149358,6447149370,13.751083301550084,-0.30000000000000426,0.0
6447149358,6447149360,34.759167267999544,0.3999999999999986,0.3999999999999986
6447149360,6447149358,34.759167267999544,-0.3999999999999986,0.0
6447149361,6447149363,14.667314867437552,-0.5,0.0
6447149361,6447149362,31.135138397990104,0.10000000000000142,0.10000000000000142
6447149361,6447149362,60.5141598201694,0.10000000000000142,0.10000000000000142
6447149362,6447149364,15.919033564026822,-0.5,0.0
6447149362,6447149361,31.135138397990104,-0.10000000000000142,0.0
6447149362,6447149361,60.5141598201694,-0.10000000000000142,0.0
6447149363,6447149361,14.667314867437552,0.5,0.5
6447149363,6447149365,16.99234511097449,-0.8999999999999986,0.0
6447149363,6447149364,31.608167915700367,0.10000000000000142,0.10000000000000142
6447149364,6447149362,15.919033564026822,0.5,0.5
6447149364,6447149363,31.608167915700367,-0.10000000000000142,0.0
6447149364,6447149349,19.611233175774448,-1.0,0.0
6447149365,6447149363,16.99234511097449,0.8999999999999986,0.8999999999999986
6447149365,6447149366,16.5479265431817,-0.3999999999999986,0.0
6447149365,6447149353,33.03322329900766,-1.3999999999999986,0.0
6447149366,6447149365,16.5479265431817,0.3999999999999986,0.3999999999999986
6447149367,6447149370,16.490691192317716,0.5,0.5
6447149367,6447149372,15.26118749083336,0.0,0.0
6447149367,6447149371,23.971182884986355,0.0,0.0
6447149368,6447149370,21.532249203591483,0.0,0.0
6447149369,6447149370,34.04374270359207,-0.30000000000000426,0.0
6447149370,6447149367,16.490691192317716,-0.5,0.0
6447149370,6447149358,13.751083301550084,0.30000000000000426,0.30000000000000426
6447149370,6447149369,34.04374270359207,0.30000000000000426,0.30000000000000426
6447149370,6447149368,21.532249203591483,0.0,0.0
6447149371,6447149367,23.971182884986355,0.0,0.0
6447149372,6447149367,15.26118749083336,0.0,0.0
6447149373,6447149347,4.673055696704799,-0.19999999999999574,0.0
6447149373,7366852174,35.314634710557215,1.2000000000000028,1.2000000000000028
6447149373,4070953805,76.82945010693854,-2.5,0.0
6447149373,4070953803,44.63300324425387,2.6000000000000014,2.6000000000000014
6447149376,6437963403,46.231301164553194,0.30000000000000426,0.30000000000000426
6447149376,6447149392,17.783449222221456,-0.29999999999999716,0.0
6447149376,6452310969,31.987690465329866,-1.5,0.0
6447149379,6447785928,9.428478243196547,0.09999999999999432,0.09999999999999432
6447149379,6447149381,53.712136089368535,0.19999999999999574,0.19999999999999574
6447149379,6447149385,64.53456322294936,0.29999999999999716,0.29999999999999716
6447149379,6437963404,57.519363014604366,1.7999999999999972,1.7999999999999972
6447149381,6447149379,53.712136089368535,-0.19999999999999574,0.0
6447149383,6447149385,51.52401770927129,0.3999999999999986,0.3999999999999986
6447149385,6447149393,16.95224539015982,0.3999999999999986,0.3999999999999986
6447149385,6447149379,64.53456322294936,-0.29999999999999716,0.0
6447149385,6447149383,51.52401770927129,-0.3999999999999986,0.0
6447149386,6447149393,42.37334896813509,0.29999999999999716,0.29999999999999716
6447149388,6447149393,35.11635626560101,0.0,0.0
6447149389,6447149392,21.29006828131379,0.20000000000000284,0.20000000000000284
6447149391,6447149392,36.76278043576653,0.0,0.0
6447149392,6447149393,17.099192147771113,-0.7000000000000028,0.0
6447149392,6447149376,17.783449222221456,0.29999999999999716,0.29999999999999716
6447149392,6447149391,36.76278043576653,0.0,0.0
6447149392,6447149389,21.29006828131379,-0.20000000000000284,0.0
6447149393,6447149385,16.95224539015982,-0.3999999999999986,0.0
6447149393,6447149392,17.099192147771113,0.7000000000000028,0.7000000000000028
6447149393,6447149388,35.11635626560101,0.0,0.0
6447149393,6447149386,42.37334896813509,-0.29999999999999716,0.0
6447149394,6447149398,31.601216455021877,-0.10000000000000142,0.0
6447149396,7366852174,11.97994151499164,0.0,0.0
6447149396,6447149399,26.898122364632822,0.3999999999999986,0.3999999999999986
6447149396,6447149401,30.45424708387575,0.5,0.5
6447149397,6447149398,26.890467428085856,0.0,0.0
6447149398,7366852174,15.778618988693683,0.0,0.0
6447149398,6447149397,26.890467428085856,0.0,0.0
6447149398,6447149394,31.601216455021877,0.10000000000000142,0.10000000000000142
6447149399,6447149396,26.898122364632822,-0.3999999999999986,0.0
6447149401,6447149396,30.45424708387575,-0.5,0.0
6447785657,5240301941,6.619496071442448,0.0,0.0
6447785657,5240301944,33.03592363696919,5.599999999999994,5.599999999999994
6447785657,8808818571,18.39345692737886,1.5999999999999943,1.5999999999999943
6447785885,1303246444,3.363455706297635,-0.19999999999999574,0.0
6447785885,1303245344,134.87588309922697,-3.3999999999999986,0.0
6447785885,5406585795,12.178683433591807,0.10000000000000142,0.10000000000000142
6447785886,5406585795,35.88113276700686,-1.8000000000000043,0.0
6447785886,5406585797,52.444836706975025,3.5,3.5
6447785886,6447785889,84.56424095751377,-5.900000000000006,0.0
6447785889,2268363060,11.09738824286445,-0.5,0.0
6447785889,2268363058,24.463084112184617,0.6000000000000014,0.6000000000000014
6447785889,6447785886,84.56424095751377,5.900000000000006,5.900000000000006
6447785890,5406585795,12.062372546007794,0.0,0.0
6447785890,8808818564,10.77557886824401,-1.0,0.0
6447785890,5240301962,65.31084056366416,0.8000000000000043,0.8000000000000043
6447785890,5240301113,70.47346401311033,0.30000000000000426,0.30000000000000426
6447785891,5406585793,14.007525536845346,-1.0,0.0
6447785891,5406585777,17.097079410111206,1.0,1.0
6447785891,2626054988,125.60680068506713,1.8999999999999986,1.8999999999999986
6447785903,6438955492,7.177091070377561,0.0,0.0
6447785904,6437963398,7.136503602104834,-0.29999999999999716,0.0
6447785904,6437963400,28.349588727874146,1.1000000000000014,1.1000000000000014
6447785928,6447149379,9.428478243196547,-0.09999999999999432,0.0
6447785928,6475841840,18.776855578863614,-3.6999999999999957,0.0
6447785928,6475841844,19.13764574769092,-5.0,0.0
6447935512,6447935513,32.44823683503859,0.8999999999999986,0.8999999999999986
6447935512,1303245344,15.37279591689681,0.3999999999999986,0.3999999999999986
6447935512,5240301113,62.60804718507747,4.200000000000003,4.200000000000003
6447935512,5240301095,77.60249441401791,-2.0,0.0
6447935513,461630321,109.4427854879696,2.8000000000000043,2.8000000000000043
6447935513,6447935512,32.44823683503859,-0.8999999999999986,0.0
6447935513,1303244310,55.66892077337622,-1.2999999999999972,0.0
6449408236,10742881914,6.0118274626853605,0.09999999999999432,0.09999999999999432
6449408236,10742881915,7.4267934728927205,0.09999999999999432,0.09999999999999432
6449408236,7368658483,8.216352625640118,0.0,0.0
6449408242,10742881915,13.227439237735322,0.0,0.0
6449408242,10742881914,15.259426944201225,0.0,0.0
6449408242,4020938312,14.565390895040595,0.20000000000000284,0.20000000000000284
6449408251,10742881913,13.027714985566373,0.29999999999999716,0.29999999999999716
6449408251,7368660596,21.29736745196782,-4.700000000000003,0.0
6449408251,6450201146,23.458975419423886,0.3999999999999986,0.3999999999999986
6449408276,1303243746,26.871547625386835,-1.2999999999999972,0.0
6449408276,7368660658,28.46992992254721,1.3999999999999986,1.3999999999999986
6449408276,6452310341,47.29599850342226,1.2000000000000028,1.2000000000000028
6449418989,2636411768,6.452628072020069,-0.10000000000000142,0.0
6449418989,2587567960,27.34386407597607,0.0,0.0
6449418989,6449418991,6.58531712512157,0.10000000000000142,0.10000000000000142
6449418991,2636411770,5.305253160288108,-0.10000000000000142,0.0
6449418991,6449418989,6.58531712512157,-0.10000000000000142,0.0
6449418991,10742965997,53.023981964337295,1.2999999999999972,1.2999999999999972
6449418995,6449418996,5.11233345021447,-0.09999999999999432,0.0
6449418995,2636411795,4.722938670666878,0.0,0.0
6449418995,10742965997,78.14809438639845,0.5,0.5
6449418996,6449418995,5.11233345021447,0.09999999999999432,0.09999999999999432
6449418996,7366852170,6.06589603407421,0.09999999999999432,0.09999999999999432
6449418996,2587567969,102.60868784853204,1.3999999999999986,1.3999999999999986
6450201146,4020938322,31.23959645013361,0.0,0.0
6450201146,4020938321,62.79670361948354,0.0,0.0
6450201146,6449408251,23.458975419423886,-0.3999999999999986,0.0
6452126443,6452247877,10.86450300645539,0.0,0.0
6452126443,6452247877,44.75148991524816,0.0,0.0
6452126443,1303246493,43.14964076001956,7.200000000000003,7.200000000000003
6452126444,6452247877,12.993604957668646,0.29999999999999716,0.29999999999999716
6452126444,6452126445,5.63374197530531,0.0,0.0
6452126444,6452126471,6.404483376846122,-0.10000000000000142,0.0
6452126445,6452247825,12.7638463986992,0.0,0.0
6452126445,6452126444,5.63374197530531,0.0,0.0
6452126445,6452247877,41.386039971300434,0.29999999999999716,0.29999999999999716
6452126453,6452247825,75.39650743710067,1.0,1.0
6452126453,2643543050,11.361310019417921,-0.10000000000000142,0.0
6452126453,6452126455,20.468806283873427,-0.10000000000000142,0.0
6452126455,6452126471,89.5394157077516,1.0,1.0
6452126455,6452126453,20.468806283873434,0.10000000000000142,0.10000000000000142
6452126455,2643543050,9.094165718278557,0.0,0.0
6452126471,6452126444,6.404483376846122,0.10000000000000142,0.10000000000000142
6452126471,6452126455,89.5394157077516,-1.0,0.0
6452126471,6452247854,60.296119469517656,0.19999999999999574,0.19999999999999574
6452247805,10723431993,94.34321220898617,-3.299999999999997,0.0
6452247805,10723431996,5.461872755611918,0.10000000000000142,0.10000000000000142
6452247805,10721114740,172.2327557479771,6.600000000000001,6.600000000000001
6452247820,6452250096,8.40520236232135,-0.6000000000000014,0.0
6452247820,5587339789,55.01338351802106,-2.0,0.0
6452247820,6452247854,34.482025037221355,3.6999999999999957,3.6999999999999957
6452247824,6452247825,56.06305483266645,-0.29999999999999716,0.0
6452247824,6452247835,38.032885003940976,0.0,0.0
6452247824,6452247826,37.52755564414969,-6.0,0.0
6452247825,6452126453,75.39650743710067,-1.0,0.0
6452247825,6452126445,12.7638463986992,0.0,0.0
6452247825,6452247824,56.06305483266645,0.29999999999999716,0.29999999999999716
6452247826,6452247824,37.52755564414969,6.0,6.0
6452247829,6452247830,21.189325434878867,0.8000000000000043,0.8000000000000043
6452247830,6452247829,21.189325434878867,-0.8000000000000043,0.0
6452247830,6452247835,39.0316145000972,0.8999999999999986,0.8999999999999986
6452247830,6452247831,18.9909666204285,-5.200000000000003,0.0
6452247831,6452247830,18.9909666204285,5.200000000000003,5.200000000000003
6452247835,6452247830,39.0316145000972,-0.8999999999999986,0.0
6452247835,6452247824,38.032885003940976,0.0,0.0
6452247835,6452247838,61.903857598950204,-4.899999999999999,0.0
6452247838,6452247835,61.9038575989502,4.899999999999999,4.899999999999999
6452247841,6452250096,23.19950757812725,0.6999999999999993,0.6999999999999993
6452247842,6452250095,23.54525375892,-2.200000000000003,0.0
6452247842,1303243862,37.15693310497201,3.299999999999997,3.299999999999997
6452247842,6452247854,92.99170285318651,0.29999999999999716,0.29999999999999716
6452247854,6452247820,34.482025037221355,-3.6999999999999957,0.0
6452247854,10723431996,225.2098097424573,-5.799999999999997,0.0
6452247854,6452126471,60.296119469517656,-0.19999999999999574,0.0
6452247854,6452247842,92.99170285318652,-0.29999999999999716,0.0
6452247877,6452126443,10.86450300645539,0.0,0.0
6452247877,6452126443,44.75148991524816,0.0,0.0
6452247877,6452126444,12.993604957668646,-0.29999999999999716,0.0
6452247877,6452126445,41.386039971300434,-0.29999999999999716,0.0
6452247878,9983573480,14.055230695354043,0.10000000000000142,0.10000000000000142
6452247878,1303246493,11.260013970438406,-0.09999999999999432,0.0
6452247878,2268370381,127.05194703833627,-3.799999999999997,0.0
6452247882,2268370381,6.274853158451949,0.10000000000000142,0.10000000000000142
6452247882,1303243862,13.238202353622096,-0.6000000000000014,0.0
6452247882,1303244599,16.06310835935217,0.3999999999999986,0.3999999999999986
6452247883,6452250088,42.748072295582055,2.8999999999999986,2.8999999999999986
6452247883,6452247884,19.64706879423863,-1.6999999999999993,0.0
6452247883,6452247884,32.11513458176727,-1.6999999999999993,0.0
6452247884,6452247883,19.64706879423863,1.6999999999999993,1.6999999999999993
6452247884,6452247883,32.11513458176727,1.6999999999999993,1.6999999999999993
6452247884,9983566978,170.97902511808087,6.099999999999998,6.099999999999998
6452250088,6452247883,42.748072295582055,-2.8999999999999986,0.0
6452250088,5587339790,4.487353490581028,-0.09999999999999787,0.0
6452250088,5587339789,83.82739903842686,2.200000000000003,2.200000000000003
6452250088,6452250095,97.65142025220504,5.399999999999999,5.399999999999999
6452250094,9983573482,8.115491960818195,0.0,0.0
6452250094,1303245317,51.16533236292495,-0.5,0.0
6452250094,10730038646,57.20894502170332,-0.20000000000000284,0.0
6452250094,1303246213,58.49579931178216,-2.3000000000000043,0.0
6452250095,6452250096,68.8485959821606,-1.7999999999999972,0.0
6452250095,6452247842,23.54525375892,2.200000000000003,2.200000000000003
6452250095,6452250088,97.65142025220504,-5.399999999999999,0.0
6452250096,6452247841,23.19950757812725,-0.6999999999999993,0.0
6452250096,6452247820,8.40520236232135,0.6000000000000014,0.6000000000000014
6452250096,6452250095,68.8485959821606,1.7999999999999972,1.7999999999999972
6452310341,6452310342,31.92438366683548,-1.3000000000000043,0.0
6452310341,6449408276,47.29599850342226,-1.2000000000000028,0.0
6452310341,7368660663,35.821247054114465,0.0,0.0
6452310342,7368660664,34.360215257283336,0.10000000000000142,0.10000000000000142
6452310342,6452310341,31.92438366683548,1.3000000000000043,1.3000000000000043
6452310342,1303246427,7.830885481969212,-1.8999999999999986,0.0
6452310350,6447147573,10.39442961596407,0.0,0.0
6452310350,6447147575,54.7015775357761,-0.6000000000000014,0.0
6452310350,6447147548,41.19252241034323,1.1000000000000014,1.1000000000000014
6452310359,6452310368,57.66047066274314,-7.399999999999999,0.0
6452310359,6452310955,48.20136695254291,-6.399999999999999,0.0
6452310359,6452310920,177.56380898351975,11.399999999999999,11.399999999999999
6452310359,6452310920,67.53034041078284,11.399999999999999,11.399999999999999
6452310368,6452310369,13.460088608507922,0.0,0.0
6452310368,6452310359,57.66047066274313,7.399999999999999,7.399999999999999
6452310368,6452310902,33.897068906878644,-0.30000000000000426,0.0
6452310369,2639302822,27.974114764823614,-0.30000000000000426,0.0
6452310369,1484203849,76.41784849078675,0.3999999999999986,0.3999999999999986
6452310369,6452310368,13.460088608507922,0.0,0.0
6452310902,2639302822,10.728577995063114,0.0,0.0
6452310902,7368658455,26.999834342251134,0.8000000000000043,0.8000000000000043
6452310902,6452310368,33.89706890687864,0.30000000000000426,0.30000000000000426
6452310920,6452310359,67.53034041078284,-11.399999999999999,0.0
6452310920,6452310359,177.56380898351975,-11.399999999999999,0.0
6452310920,6452310967,38.955753656577286,-11.799999999999997,0.0
6452310936,1303246117,28.063455425706355,-0.5,0.0
6452310936,10742965994,131.3178451684912,-1.2999999999999972,0.0
6452310936,6452310967,20.803450954249055,-0.19999999999999574,0.0
6452310945,1303243391,28.569008614718783,1.2999999999999972,1.2999999999999972
6452310945,1303245847,71.40584480496001,-4.200000000000003,0.0
6452310945,6452310958,11.325410440379942,0.29999999999999716,0.29999999999999716
6452310955,1303245847,26.715323229703575,-0.7000000000000028,0.0
6452310955,6452310359,48.201366952542905,6.399999999999999,6.399999999999999
6452310955,1484203849,36.19046809438569,-0.6000000000000014,0.0
6452310955,6452310958,59.3104649436726,3.799999999999997,3.799999999999997
6452310958,6452310945,11.325410440379942,-0.29999999999999716,0.0
6452310958,6452310967,52.13019418747431,2.200000000000003,2.200000000000003
6452310958,6452310955,59.3104649436726,-3.799999999999997,0.0
6452310958,6447149351,43.18757364781075,1.7999999999999972,1.7999999999999972
6452310967,6452310920,38.955753656577286,11.799999999999997,11.799999999999997
6452310967,1303246117,22.641482349646843,-0.30000000000000426,0.0
6452310967,6452310958,52.130194187474316,-2.200000000000003,0.0
6452310967,6452310936,20.803450954249055,0.19999999999999574,0.19999999999999574
6452310968,6452310969,45.89613232399277,0.29999999999999716,0.29999999999999716
6452310969,6437963400,37.846577608878725,-0.3999999999999986,0.0
6452310969,6452310968,45.89613232399277,-0.29999999999999716,0.0
6452310969,6447149376,31.987690465329866,1.5,1.5
6452330415,2268363058,18.339293161883873,1.2999999999999972,1.2999999999999972
6452330415,2268363057,38.13405447763068,-1.7000000000000028,0.0
6452330415,6452330481,72.2064365902944,-11.5,0.0
6452330432,5406585787,100.58253331026818,-12.300000000000004,0.0
6452330432,6452330441,155.7113615426508,-6.100000000000001,0.0
6452330432,2268363058,61.54946310099679,-12.300000000000004,0.0
6452330432,6452330476,118.69386135802277,-27.200000000000003,0.0
6452330441,5240301958,73.36166479281131,-0.5,0.0
6452330441,5406585789,26.449666610622938,-0.3999999999999986,0.0
6452330441,6452330432,155.71136154265076,6.100000000000001,6.100000000000001
6452330476,5406585778,6.593147875656725,-1.6000000000000014,0.0
6452330476,6452330481,87.37072771353408,2.1000000000000014,2.1000000000000014
6452330476,6452330432,118.69386135802276,27.200000000000003,27.200000000000003
6452330481,2136813801,6.438298297549003,-0.6000000000000014,0.0
6452330481,6452330415,72.20643659029439,11.5,11.5
6452330481,6452330476,87.37072771353408,-2.1000000000000014,0.0
6452362832,10310879492,22.29906714696169,0.0,0.0
6475841838,7366584689,4.93831528545538,-0.3999999999999986,0.0
6475841838,4070953806,93.4291814145557,3.3000000000000043,3.3000000000000043
6475841838,6475841844,16.5999419053838,0.8999999999999986,0.8999999999999986
6475841840,6475841844,32.20026055014989,-1.3000000000000043,0.0
6475841840,4070953805,50.76572982070023,1.1999999999999957,1.1999999999999957
6475841840,6447785928,18.776855578863614,3.6999999999999957,3.6999999999999957
6475841844,6475841840,32.20026055014989,1.3000000000000043,1.3000000000000043
6475841844,6475841838,16.5999419053838,-0.8999999999999986,0.0
6475841844,6447785928,19.13764574769092,5.0,5.0
6534663632,1484203781,12.2491713314072,-3.299999999999997,0.0
6534663634,6534663635,15.294774944175346,-4.200000000000003,0.0
6534663635,6534663634,15.294774944175346,4.200000000000003,4.200000000000003
6534663635,1484203781,61.53054700723684,0.8000000000000043,0.8000000000000043
6534663640,6534663641,28.759582389617012,-1.0,0.0
6534663641,2639302817,83.67052653106205,-1.6000000000000014,0.0
6534663641,6534663640,28.759582389617012,1.0,1.0
6534663641,1484203845,28.5725467635779,0.29999999999999716,0.29999999999999716
6957360458,1303245173,4.262581642142572,0.10000000000000142,0.10000000000000142
6957360458,1303246028,99.79098656667045,2.8000000000000043,2.8000000000000043
6957360458,2588145198,44.60226503934055,1.5,1.5
6957360458,10750698991,28.987160305763677,-0.19999999999999574,0.0
6957360460,1767739967,83.10432613833885,3.5,3.5
6957360460,1303246234,4.236186315212644,0.10000000000000142,0.10000000000000142
6957360460,7369027664,49.53930178903851,-3.1000000000000014,0.0
6957360461,1303246234,4.189766194315917,0.10000000000000142,0.10000000000000142
6957360461,1303245801,45.199629621993125,-1.7000000000000028,0.0
6957360461,7369027666,120.00315024952558,-7.800000000000004,0.0
6957360461,6957360462,93.96369875943421,4.600000000000001,4.600000000000001
6957360462,1303243337,45.0053894250035,-3.200000000000003,0.0
6957360462,1303244447,3.6177035027413926,0.09999999999999432,0.09999999999999432
6957360462,6957360461,93.96369875943421,-4.600000000000001,0.0
6957360462,10750698991,6.547280939441855,0.0,0.0
6957360463,1767473930,73.24646408130553,3.0,3.0
6957360463,1303246059,3.9498332540261214,-0.10000000000000142,0.0
6957360463,10750698996,110.44822088407518,3.299999999999997,3.299999999999997
6957360464,1303244394,4.48437135669926,0.10000000000000142,0.10000000000000142
6957360464,1767473930,41.424926931527736,-0.3999999999999986,0.0
6957360464,10750698996,4.424593213094672,-0.10000000000000142,0.0
6957360464,10738681913,4.907151604189906,0.10000000000000142,0.10000000000000142
7049409583,7049432086,30.98382823709514,0.5999999999999943,0.5999999999999943
7049409583,7049432086,62.875189226001424,0.5999999999999943,0.5999999999999943
7049409583,2187247015,30.3874475277844,-0.6000000000000014,0.0
7049432086,2187246989,19.83694327398891,0.30000000000000426,0.30000000000000426
7049432086,7049409583,30.98382823709514,-0.5999999999999943,0.0
7049432086,7049409583,62.875189226001424,-0.5999999999999943,0.0
7099828383,2592759336,49.20157715662807,1.5,1.5
7099828383,7099851934,66.80526150339126,-1.5,0.0
7099828383,2592759184,37.64755306006287,0.20000000000000284,0.20000000000000284
7099851900,7099851936,12.150375326405502,0.10000000000000142,0.10000000000000142
7099851900,7099851928,31.679808993145603,-0.29999999999999716,0.0
7099851900,7099852039,67.55463221290418,-1.3999999999999986,0.0
7099851918,7099852039,34.584315201204696,1.2000000000000028,1.2000000000000028
7099851918,5406585818,50.02528263777654,0.6000000000000014,0.6000000000000014
7099851918,7099851923,85.5625499043804,-3.5999999999999943,0.0
7099851923,7099852043,31.91408555619745,0.29999999999999716,0.29999999999999716
7099851923,7099851918,85.56254990438042,3.5999999999999943,3.5999999999999943
7099851923,7099852047,49.90185977480468,-2.1000000000000014,0.0
7099851928,7099851930,77.36571787865769,1.1000000000000014,1.1000000000000014
7099851928,7099851900,31.6798089931456,0.29999999999999716,0.29999999999999716
7099851928,5406585811,53.87349707688265,2.1999999999999957,2.1999999999999957
7099851928,5406585818,73.38211451023875,-1.7000000000000028,0.0
7099851929,7099851930,28.45200802276086,-0.8999999999999986,0.0
7099851929,2592759141,96.51382230728429,0.19999999999999574,0.19999999999999574
7099851929,5406585811,50.06092913459888,0.19999999999999574,0.19999999999999574
7099851930,7099851934,10.65248606742176,0.19999999999999574,0.19999999999999574
7099851930,7099851929,28.45200802276086,0.8999999999999986,0.8999999999999986
7099851930,7099851928,77.36571787865766,-1.1000000000000014,0.0
7099851934,7099851930,10.65248606742176,-0.19999999999999574,0.0
7099851934,7099851935,14.146089275924517,0.7000000000000028,0.7000000000000028
7099851934,7099828383,66.80526150339126,1.5,1.5
7099851935,1303246290,5.354190657935993,-0.10000000000000142,0.0
7099851935,1303244269,44.59460884587314,1.2999999999999972,1.2999999999999972
7099851935,7099851934,14.146089275924517,-0.7000000000000028,0.0
7099851936,1786152730,89.99246359198094,-1.0,0.0
7099851936,1303244259,12.18416808682264,0.5,0.5
7099851936,7099851900,12.150375326405502,-0.10000000000000142,0.0
7099851941,5406585804,4.685861093650064,0.10000000000000142,0.10000000000000142
7099851941,1767727210,9.212134008318651,-0.29999999999999716,0.0
7099851941,7099852047,85.98483882684252,4.700000000000003,4.700000000000003
7099851941,7099851945,32.85818211703513,-0.29999999999999716,0.0
7099851945,1303245814,6.517962748144219,0.0,0.0
7099851945,7099851993,28.036493345798533,-0.10000000000000142,0.0
7099851945,7099851941,32.85818211703513,0.29999999999999716,0.29999999999999716
7099851946,1303243680,8.39336399406661,-0.10000000000000142,0.0
7099851946,7099851997,44.484311020682775,0.0,0.0
7099851946,7099851948,53.98459029394499,-0.1999999999999993,0.0
7099851946,7099852057,35.32684996482698,9.399999999999999,9.399999999999999
7099851948,7099852004,7.5445630325941835,0.09999999999999787,0.09999999999999787
7099851948,7099851946,53.98459029394499,0.1999999999999993,0.1999999999999993
7099851948,7099852006,51.93092204193644,-0.1999999999999993,0.0
7099851961,7099852013,8.013995422565232,-0.09999999999999787,0.0
7099851961,7099852067,43.61234293490871,0.5,0.5
7099851961,7099851964,46.474308534008614,-0.3000000000000007,0.0
7099851964,7099852015,6.80934792012717,0.0,0.0
7099851964,7099851961,46.474308534008614,0.3000000000000007,0.3000000000000007
7099851964,7099852016,73.75155685672229,-0.7999999999999972,0.0
7099851964,7099852073,31.17649028643458,7.0,7.0
7099851971,1303307985,7.790677569906191,0.0,0.0
7099851971,7099852016,70.42182330751638,0.7000000000000028,0.7000000000000028
7099851971,7099851976,50.07164318574684,-0.5,0.0
7099851976,1303309324,7.152637289117599,0.0,0.0
7099851976,7099851971,50.07164318574684,0.5,0.5
7099851976,7099851982,60.92197023700074,-0.5,0.0
7099851982,7099852026,77.83421020555554,-0.5,0.0
7099851982,7099852025,6.103416048295853,0.0,0.0
7099851982,7099852083,80.5393978649491,12.100000000000001,12.100000000000001
7099851982,916037137,120.34926229842202,8.3,8.3
7099851982,7099851976,60.92197023700074,0.5,0.5
7099851983,7099852026,64.95328977300562,0.1999999999999993,0.1999999999999993
7099851983,3732566500,30.152258338825476,-0.3999999999999986,0.0
7099851983,916037137,45.11678724780576,9.0,9.0
7099851992,7099851993,6.429806732763825,0.0,0.0
7099851992,1303245814,28.185895166493076,0.10000000000000142,0.10000000000000142
7099851992,7099851994,27.587223948212845,0.0,0.0
7099851993,7099851992,6.429806732763825,0.0,0.0
7099851993,7099851945,28.036493345798533,0.10000000000000142,0.10000000000000142
7099851993,7099851995,27.93044987490112,0.0,0.0
7099851994,7099851995,6.47308542948323,0.0,0.0
7099851994,7099851996,19.2673219136026,-0.10000000000000142,0.0
7099851994,7099851992,27.587223948212845,0.0,0.0
7099851995,7099851994,6.47308542948323,0.0,0.0
7099851995,7099851993,27.93044987490112,0.0,0.0
7099851995,2561641453,8.601573134127568,0.10000000000000142,0.10000000000000142
7099851996,7099851997,7.003136123379166,0.10000000000000142,0.10000000000000142
7099851996,7099851994,19.2673219136026,0.10000000000000142,0.10000000000000142
7099851996,1303243680,46.010706801506686,0.0,0.0
7099851997,7099851996,7.003136123379166,-0.10000000000000142,0.0
7099851997,2561641453,10.433213042585558,0.10000000000000142,0.10000000000000142
7099851997,2561641415,33.144484751553115,9.100000000000001,9.100000000000001
7099851997,7099851946,44.484311020682775,0.0,0.0
7099852004,7099851948,7.5445630325941835,-0.09999999999999787,0.0
7099852004,1303245942,31.484685488258037,0.10000000000000142,0.10000000000000142
7099852004,5228128324,7.496294481644038,-0.09999999999999787,0.0
7099852005,7099852006,8.932541310499918,-0.09999999999999787,0.0
7099852005,5128328258,16.088092263882054,0.0,0.0
7099852005,3732558536,77.43668697631281,-0.3000000000000007,0.0
7099852006,7099852040,2.6712763277734592,0.0,0.0
7099852006,7099852005,8.932541310499918,0.09999999999999787,0.09999999999999787
7099852006,7099851948,51.93092204193645,0.1999999999999993,0.1999999999999993
7099852007,7099852050,6.749715701566919,-0.10000000000000142,0.0
7099852007,3732558536,11.764940652475207,-0.10000000000000142,0.0
7099852007,7099852010,127.54946793866067,-2.0,0.0
7099852009,7099852010,9.350743495335365,-0.10000000000000142,0.0
7099852009,1303243874,18.9628623930194,0.5999999999999979,0.5999999999999979
7099852009,7099852011,14.26422398602536,-0.10000000000000142,0.0
7099852009,7099852085,118.64585706938361,1.6999999999999993,1.6999999999999993
7099852010,7099852066,6.957339369622642,-0.10000000000000142,0.0
7099852010,7099852009,9.350743495335365,0.10000000000000142,0.10000000000000142
7099852010,7099852007,127.54946793866065,2.0,2.0
7099852010,7099852052,161.97332829415808,8.2,8.2
7099852011,3732569002,17.43237929963006,-0.1999999999999993,0.0
7099852011,7099852012,10.393758139870187,-0.1999999999999993,0.0
7099852011,7099852009,14.26422398602536,0.10000000000000142,0.10000000000000142
7099852012,7099852066,6.960938016480383,0.09999999999999787,0.09999999999999787
7099852012,7099852011,10.393758139870187,0.1999999999999993,0.1999999999999993
7099852012,7099852067,21.361434845198545,-0.10000000000000142,0.0
7099852013,3732569002,53.35605215565614,0.6999999999999993,0.6999999999999993
7099852013,7099852014,21.99522933738282,0.0,0.0
7099852013,7099851961,8.013995422565232,0.09999999999999787,0.09999999999999787
7099852014,7099852013,21.99522933738282,0.0,0.0
7099852014,7099852015,26.934811433488637,-0.20000000000000284,0.0
7099852014,10736725977,58.791016079392314,4.599999999999998,4.599999999999998
7099852015,7099852014,26.934811433488637,0.20000000000000284,0.20000000000000284
7099852015,7099851964,6.80934792012717,0.0,0.0
7099852015,7099852017,73.86443732379529,-0.7999999999999972,0.0
7099852016,7099852017,9.284721953155096,0.0,0.0
7099852016,7099852080,111.14178533507653,9.0,9.0
7099852016,7099851964,73.75155685672229,0.7999999999999972,0.7999999999999972
7099852016,7099851971,70.42182330751638,-0.7000000000000028,0.0
7099852017,1303309070,15.924476623868928,-0.20000000000000284,0.0
7099852017,7099852016,9.284721953155096,0.0,0.0
7099852017,7099852015,73.86443732379529,0.7999999999999972,0.7999999999999972
7099852019,1303309070,25.058079072901304,0.09999999999999787,0.09999999999999787
7099852019,1303309070,21.69590494384719,0.09999999999999787,0.09999999999999787
7099852019,1303307985,35.592562876891556,-0.40000000000000213,0.0
7099852025,7099851982,6.103416048295853,0.0,0.0
7099852025,1303309324,57.563422142462,0.5,0.5
7099852025,1303307793,77.74456099718807,-0.5,0.0
7099852026,7099851982,77.83421020555554,0.5,0.5
7099852026,7099851983,64.95328977300562,-0.1999999999999993,0.0
7099852026,1303307793,5.34844928820189,0.0,0.0
7099852039,7099851900,67.55463221290418,1.3999999999999986,1.3999999999999986
7099852039,7099851918,34.584315201204696,-1.2000000000000028,0.0
7099852039,1786152730,37.06090371794576,0.5,0.5
7099852039,5406585818,22.430338123440052,-0.6000000000000014,0.0
7099852040,7099852006,2.6712763277734592,0.0,0.0
7099852040,1728170134,44.4790110651347,9.199999999999996,9.199999999999996
7099852040,2552572609,49.20265596568888,6.599999999999998,6.599999999999998
7099852040,7099852050,70.89731559175934,-0.20000000000000284,0.0
7099852043,7099852048,14.422365086375176,3.299999999999997,3.299999999999997
7099852043,7099852047,37.310358560881845,-2.3999999999999986,0.0
7099852043,7099851923,31.91408555619745,-0.29999999999999716,0.0
7099852047,7099852043,37.310358560881845,2.3999999999999986,2.3999999999999986
7099852047,7099851923,49.90185977480468,2.1000000000000014,2.1000000000000014
7099852047,7099851941,85.98483882684252,-4.700000000000003,0.0
7099852048,7099852043,14.422365086375176,-3.299999999999997,0.0
7099852048,2245132776,85.65194896126917,3.6000000000000014,3.6000000000000014
7099852048,5406585804,121.30700769353783,-10.299999999999997,0.0
7099852048,7099852155,246.3953992002983,0.10000000000000142,0.10000000000000142
7099852048,7099852153,192.9335704933252,0.10000000000000142,0.10000000000000142
7099852050,7099852007,6.749715701566919,0.10000000000000142,0.10000000000000142
7099852050,7099852052,38.30769903081415,6.300000000000001,6.300000000000001
7099852050,7099852040,70.89731559175932,0.20000000000000284,0.20000000000000284
7099852052,7099852050,38.30769903081415,-6.300000000000001,0.0
7099852052,2552572609,14.947865479304868,0.5,0.5
7099852052,7099852010,161.97332829415808,-8.2,0.0
7099852057,1728170135,19.63439387442046,-0.29999999999999716,0.0
7099852057,4070941367,13.05578784363678,0.8999999999999986,0.8999999999999986
7099852057,7099851946,35.32684996482697,-9.399999999999999,0.0
7099852066,7099852010,6.957339369622642,0.10000000000000142,0.10000000000000142
7099852066,7099852012,6.960938016480383,-0.09999999999999787,0.0
7099852066,1728170124,34.18835331853386,6.600000000000001,6.600000000000001
7099852067,7099852012,21.361434845198545,0.10000000000000142,0.10000000000000142
7099852067,7099851961,43.61234293490871,-0.5,0.0
7099852067,7099852073,81.9946814688638,6.199999999999999,6.199999999999999
7099852073,1728170070,25.94325370686177,0.10000000000000142,0.10000000000000142
7099852073,7099852067,81.9946814688638,-6.199999999999999,0.0
7099852073,1728170058,109.8314731920978,6.0,6.0
7099852073,7099851964,31.17649028643458,-7.0,0.0
7099852074,1728170070,34.184898530155145,-0.10000000000000142,0.0
7099852074,10721102929,211.1981935641974,6.699999999999996,6.699999999999996
7099852074,10736725977,129.43931393308907,-2.400000000000002,0.0
7099852077,7099852080,101.67307064280942,0.20000000000000284,0.20000000000000284
7099852077,10721102936,193.47571561501385,5.800000000000004,5.800000000000004
7099852077,10736725933,371.9602881868452,2.3999999999999986,2.3999999999999986
7099852080,7099852016,111.14178533507653,-9.0,0.0
7099852080,7099852077,101.67307064280942,-0.20000000000000284,0.0
7099852080,7099852083,19.588742238537527,1.3999999999999986,1.3999999999999986
7099852082,916037109,68.82443132244443,-3.0,0.0
7099852082,7099852083,6.393699923303908,0.0,0.0
7099852082,916037163,66.15427314760919,2.3999999999999986,2.3999999999999986
7099852083,7099852082,6.393699923303908,0.0,0.0
7099852083,7099851982,80.5393978649491,-12.100000000000001,0.0
7099852083,7099852080,19.588742238537527,-1.3999999999999986,0.0
7099852085,3732558536,11.354177960639875,0.09999999999999787,0.09999999999999787
7099852085,3732558535,11.701535928201627,0.5,0.5
7099852085,7099852009,118.64585706938361,-1.6999999999999993,0.0
7099852086,7099852090,70.49146036057297,-5.700000000000003,0.0
7099852090,7099852091,23.935898711870287,0.7000000000000028,0.7000000000000028
7099852090,7099852102,14.756131122317152,-0.6999999999999993,0.0
7099852090,7099852086,70.49146036057297,5.700000000000003,5.700000000000003
7099852091,7099852090,23.935898711870287,-0.7000000000000028,0.0
7099852091,7099852096,53.08361656279642,-0.20000000000000284,0.0
7099852091,3732566499,30.057343326756353,-1.3000000000000007,0.0
7099852096,7099852097,27.23975924997254,-0.3999999999999986,0.0
7099852096,7099852091,53.083616562796415,0.20000000000000284,0.20000000000000284
7099852096,4019720131,31.164297102238837,-1.0,0.0
7099852097,7099852096,27.23975924997254,0.3999999999999986,0.3999999999999986
7099852097,4019720131,24.131822079354606,-0.6000000000000014,0.0
7099852097,2261866802,236.9241425222728,9.8,9.8
7099852102,3732566499,12.181017942608014,0.10000000000000142,0.10000000000000142
7099852102,7099852090,14.756131122317152,0.6999999999999993,0.6999999999999993
7099852102,1303307793,76.10522425904422,0.6999999999999993,0.6999999999999993
7099852153,7099852154,9.971178707851022,0.0,0.0
7099852153,7099852048,192.93357049332528,-0.10000000000000142,0.0
7099852153,7099852155,16.20583936119067,0.0,0.0
7099852154,7099852153,9.971178707851022,0.0,0.0
7099852154,2561641399,7.730355033074599,-0.29999999999999716,0.0
7099852154,7099852155,11.567376347171182,0.0,0.0
7099852155,7099852154,11.567376347171182,0.0,0.0
7099852155,7099852153,16.20583936119067,0.0,0.0
7099852155,7099852048,246.3953992002983,-0.10000000000000142,0.0
7099852156,2561641399,3.4778843189370776,0.0,0.0
7099852156,2566516697,123.38512209432182,0.6999999999999957,0.6999999999999957
7099852156,7369033990,153.79758311154882,-0.8000000000000043,0.0
7101986067,5240301962,10.029605552953816,1.9000000000000057,1.9000000000000057
7125325619,10946118958,16.97446292930583,1.1000000000000014,1.1000000000000014
7125325619,10946118960,3.4487612531439593,-0.10000000000000142,0.0
7125325619,1728169982,26.280969307754972,0.7000000000000028,0.7000000000000028
7125325619,11951566056,49.41390633560313,2.5,2.5
7366584599,7366584600,3.18453152595775,0.29999999999999716,0.29999999999999716
7366584599,7924959748,66.64682196796824,1.2999999999999972,1.2999999999999972
7366584599,4070996680,62.01812006958248,0.29999999999999716,0.29999999999999716
7366584600,7366584599,3.18453152595775,-0.29999999999999716,0.0
7366584618,7366584692,4.504359234663874,0.10000000000000142,0.10000000000000142
7366584618,7366584619,5.697909564435682,0.3999999999999986,0.3999999999999986
7366584619,2637060815,4.616686770105711,0.20000000000000284,0.20000000000000284
7366584619,7366584618,5.697909564435682,-0.3999999999999986,0.0
7366584619,7366584697,46.65798921278575,-0.29999999999999716,0.0
7366584689,2267231871,7.660075195843555,0.3999999999999986,0.3999999999999986
7366584689,6475841838,4.93831528545538,0.3999999999999986,0.3999999999999986
7366584689,4070996674,52.101243578929854,-3.5,0.0
7366584691,908108751,31.051849740287597,2.6999999999999957,2.6999999999999957
7366584691,908108702,5.084449427548299,0.10000000000000142,0.10000000000000142
7366584691,4070996685,4.585958371574827,-0.10000000000000142,0.0
7366584692,7366584693,8.492427171055436,0.0,0.0
7366584692,7366584618,4.504359234663874,-0.10000000000000142,0.0
7366584692,308022854,7.705706819482496,0.5,0.5
7366584693,4070996673,4.820400031330692,-0.10000000000000142,0.0
7366584693,7366584692,8.492427171055436,0.0,0.0
7366584693,308022852,7.565896600001982,0.5,0.5
7366584694,4070996674,4.938256139955287,-0.10000000000000142,0.0
7366584694,7366584695,8.582034275848935,-0.10000000000000142,0.0
7366584694,308022852,11.651295853625427,-0.8999999999999986,0.0
7366584694,2267231871,57.199665550592194,3.799999999999997,3.799999999999997
7366584695,7366584694,8.582034275848935,0.10000000000000142,0.10000000000000142
7366584695,4070996679,4.881976623753339,0.0,0.0
7366584695,2267231875,63.50795311516415,4.200000000000003,4.200000000000003
7366584695,308022854,11.279320164946796,-0.7999999999999972,0.0
7366584697,908108470,5.595655491532521,0.0,0.0
7366584697,7924960100,16.19902990670201,0.29999999999999716,0.29999999999999716
7366584697,7366584619,46.65798921278575,0.29999999999999716,0.29999999999999716
7366584698,2267231875,4.515825002813558,-0.09999999999999432,0.0
7366584698,2267231900,41.911487951508434,4.800000000000004,4.800000000000004
7366584698,4070996679,64.59773999735744,-4.299999999999997,0.0
7366584698,7366852214,85.99506779130292,3.0,3.0
7366844986,1303151690,6.24414634728111,-0.09999999999999432,0.0
7366844986,1303150220,136.17239375919024,6.800000000000004,6.800000000000004
7366844986,4070948082,172.69704900855783,-14.0,0.0
7366844987,1303151690,3.5466058714666615,-0.09999999999999432,0.0
7366844987,2598709682,75.54466609524363,2.8000000000000043,2.8000000000000043
7366844987,7406094168,42.332732040143554,-4.299999999999997,0.0
7366845048,1767473942,20.221461835255113,-0.20000000000000284,0.0
7366845048,286182061,8.988895855000099,-0.10000000000000142,0.0
7366845048,4070941471,3.48036259761473,-0.10000000000000142,0.0
7366845048,7366845058,5.588486555712528,0.1999999999999993,0.1999999999999993
7366845049,286182061,8.051782559541602,0.10000000000000142,0.10000000000000142
7366845049,7366845059,6.4202576123288715,0.3000000000000007,0.3000000000000007
7366845049,7366845050,8.25821719749156,-0.09999999999999787,0.0
7366845049,7369034020,316.527005431453,-0.7999999999999972,0.0
7366845050,286181276,8.02345213807243,0.09999999999999787,0.09999999999999787
7366845050,7366845049,8.25821719749156,0.09999999999999787,0.09999999999999787
7366845050,7366845056,5.523099707088829,0.0,0.0
7366845050,4019955910,203.81780882689378,-2.1000000000000014,0.0
7366845051,286181276,8.569186690173384,0.1999999999999993,0.1999999999999993
7366845051,1303152777,53.72428768874643,3.6999999999999993,3.6999999999999993
7366845051,7366845057,4.78934792462333,0.0,0.0
7366845051,7366845054,12.841409427979436,0.3000000000000007,0.3000000000000007
7366845054,286181276,5.191107594230529,-0.10000000000000142,0.0
7366845054,6394962503,94.66292763025848,2.3999999999999986,2.3999999999999986
7366845054,7366845055,8.254038238112992,0.10000000000000142,0.10000000000000142
7366845054,7366845051,12.841409427979436,-0.3000000000000007,0.0
7366845055,286182061,5.936809474319138,-0.10000000000000142,0.0
7366845055,7366845054,8.254038238112992,-0.10000000000000142,0.0
7366845055,4070941472,4.85566044801771,0.09999999999999787,0.09999999999999787
7366845055,7366852028,258.1187477500156,4.600000000000001,4.600000000000001
7366845056,7366845057,4.260154684736312,-0.10000000000000142,0.0
7366845056,7366845050,5.523099707088829,0.0,0.0
7366845056,7369034013,200.96767075162782,-2.1999999999999993,0.0
7366845057,7366845056,4.260154684736312,0.10000000000000142,0.10000000000000142
7366845057,7366845051,4.78934792462333,0.0,0.0
7366845057,7366852004,53.80330958995345,3.599999999999998,3.599999999999998
7366845058,7366845059,4.482543686108848,-0.10000000000000142,0.0
7366845058,7366845048,5.588486555712528,-0.1999999999999993,0.0
7366845058,7369027660,49.50272114849396,-0.1999999999999993,0.0
7366845059,7366845058,4.482543686108848,0.10000000000000142,0.10000000000000142
7366845059,7366845049,6.4202576123288715,-0.3000000000000007,0.0
7366845059,4070880062,170.00985183770467,-1.8000000000000007,0.0
7366851992,7366852001,2.5645255262763427,-0.10000000000000142,0.0
7366851992,7366851993,3.079276900665705,0.10000000000000142,0.10000000000000142
7366851992,7366851999,29.71426638775456,1.6000000000000014,1.6000000000000014
7366851993,2187246461,28.28613188778486,1.3999999999999986,1.3999999999999986
7366851993,2187246479,6.353686665701658,0.0,0.0
7366851993,7366851992,3.079276900665705,-0.10000000000000142,0.0
7366851993,7366851996,11.664500192282562,0.19999999999999574,0.19999999999999574
7366851996,2187246479,6.415032894895406,-0.19999999999999574,0.0
7366851996,2187246661,83.10997656613146,6.900000000000006,6.900000000000006
7366851996,7366851993,11.664500192282562,-0.19999999999999574,0.0
7366851996,7366852003,9.766005204824058,-0.19999999999999574,0.0
7366851999,2187246461,4.367085935038234,-0.10000000000000142,0.0
7366851999,2187246386,94.98442052581143,1.2999999999999972,1.2999999999999972
7366851999,7366851992,29.71426638775456,-1.6000000000000014,0.0
7366851999,7366852000,63.383859788843594,3.1000000000000014,3.1000000000000014
7366852000,2187246432,5.153040293801548,0.0,0.0
7366852000,2187246386,29.08633934366737,-1.8000000000000043,0.0
7366852000,7366851999,63.383859788843594,-3.1000000000000014,0.0
7366852001,7366851992,2.5645255262763427,0.10000000000000142,0.10000000000000142
7366852001,7366852002,4.524904562116137,-0.10000000000000142,0.0
7366852001,7366852004,56.09493070124374,-4.100000000000001,0.0
7366852002,2187246479,5.384339966357968,0.30000000000000426,0.30000000000000426
7366852002,4070948069,3.3891539434195623,0.0,0.0
7366852002,7366852001,4.524904562116137,0.10000000000000142,0.10000000000000142
7366852002,1303152777,54.72597174558947,-3.8999999999999986,0.0
7366852003,2187246479,5.322054529355482,0.0,0.0
7366852003,2187246502,31.677809115236894,2.799999999999997,2.799999999999997
7366852003,7366851996,9.766005204824058,0.19999999999999574,0.19999999999999574
7366852003,4070948069,6.810606414074052,-0.30000000000000426,0.0
7366852004,1303152777,4.063235776896444,0.10000000000000142,0.10000000000000142
7366852004,7366845057,53.80330958995345,-3.599999999999998,0.0
7366852004,7366852001,56.09493070124373,4.100000000000001,4.100000000000001
7366852004,2187246369,105.90224626638395,5.200000000000003,5.200000000000003
7366852005,1303152777,8.633435583249414,-0.10000000000000142,0.0
7366852005,2187246451,27.774149063207844,2.5,2.5
7366852005,4070948069,55.70107852010595,3.799999999999997,3.799999999999997
7366852025,1303244403,4.522232679613181,0.0,0.0
7366852025,7366852026,4.103098590368129,0.0,0.0
7366852025,2267294241,61.336544797652635,0.6999999999999957,0.6999999999999957
7366852025,7369027661,31.89303046629002,-0.20000000000000284,0.0
7366852026,1303244403,4.0597128790018004,0.0,0.0
7366852026,7366852025,4.103098590368129,0.0,0.0
7366852026,2267294179,270.02515117353494,12.600000000000001,12.600000000000001
7366852026,7369027666,46.56565147401378,2.1999999999999957,2.1999999999999957
7366852027,1303244919,4.3696406639361545,-0.09999999999999432,0.0
7366852027,1303151801,29.473697177296,0.8000000000000043,0.8000000000000043
7366852027,7366852029,12.013440177391548,-0.29999999999999716,0.0
7366852028,2187246674,8.194718026817766,0.29999999999999716,0.29999999999999716
7366852028,4070941477,3.6996496988296403,0.0,0.0
7366852028,7366852029,9.012031702023993,0.29999999999999716,0.29999999999999716
7366852028,7366845055,258.1187477500156,-4.600000000000001,0.0
7366852029,2187246549,71.99944459202885,-1.7000000000000028,0.0
7366852029,1303244919,7.972444369138966,0.20000000000000284,0.20000000000000284
7366852029,7366852028,9.012031702023993,-0.29999999999999716,0.0
7366852029,7366852027,12.013440177391548,0.29999999999999716,0.29999999999999716
7366852030,7366852034,5.7633630185234495,-0.20000000000000284,0.0
7366852030,4070953856,29.704777439940116,0.5,0.5
7366852030,4070953846,196.952987427633,5.100000000000001,5.100000000000001
7366852033,2187246674,5.7856450354931015,-0.10000000000000142,0.0
7366852033,7366852034,8.838905147299668,0.19999999999999574,0.19999999999999574
7366852033,7366852205,186.2998036585019,5.0,5.0
7366852033,7366852036,10.154851729587874,-0.30000000000000426,0.0
7366852034,1303244919,6.350312610706133,-0.09999999999999432,0.0
7366852034,7366852030,5.7633630185234495,0.20000000000000284,0.20000000000000284
7366852034,7366852033,8.838905147299668,-0.19999999999999574,0.0
7366852034,7366852206,191.88087635776228,5.100000000000001,5.100000000000001
7366852036,2187246674,4.562213599087025,0.20000000000000284,0.20000000000000284
7366852036,2187246625,23.236100245823863,0.20000000000000284,0.20000000000000284
7366852036,4070941477,8.076425580980965,-0.09999999999999432,0.0
7366852036,7366852033,10.154851729587874,0.30000000000000426,0.30000000000000426
7366852038,2187246871,6.229439027777451,0.0,0.0
7366852038,2187246944,108.79575954926148,6.400000000000006,6.400000000000006
7366852038,4070953856,70.09833786690777,-4.799999999999997,0.0
7366852165,2636411794,3.1743749458135735,0.10000000000000142,0.10000000000000142
7366852165,7366852167,13.402322062846736,-0.10000000000000142,0.0
7366852165,7368658457,125.41069370083648,-1.0,0.0
7366852167,1704650244,4.712788605379119,0.10000000000000142,0.10000000000000142
7366852167,2267231814,79.27295871266479,1.5,1.5
7366852167,4070953802,7.814775493013988,0.10000000000000142,0.10000000000000142
7366852167,7366852165,13.402322062846736,0.10000000000000142,0.10000000000000142
7366852168,1704650244,8.203271166883406,0.0,0.0
7366852168,4070953802,4.0264829377080655,0.0,0.0
7366852168,7366852169,7.236948016258241,0.10000000000000142,0.10000000000000142
7366852168,6447149347,133.36255543415592,-4.899999999999999,0.0
7366852169,1704650253,9.624252195062395,0.10000000000000142,0.10000000000000142
7366852169,7366852168,7.236948016258241,-0.10000000000000142,0.0
7366852169,4070953799,5.210852164153508,0.10000000000000142,0.10000000000000142
7366852169,7366852211,210.15643042224417,-7.200000000000003,0.0
7366852170,6449418996,6.06589603407421,-0.09999999999999432,0.0
7366852170,4070953800,6.561407796162026,-0.09999999999999432,0.0
7366852170,1704650253,8.264407350133675,-0.09999999999999432,0.0
7366852170,1303243654,31.113115455873785,0.10000000000000142,0.10000000000000142
7366852173,908108408,5.466761384712998,0.0,0.0
7366852173,7924959775,39.27105521009346,-3.1999999999999957,0.0
7366852173,7924959745,16.721123918786947,-0.29999999999999716,0.0
7366852174,6447149373,35.314634710557215,-1.2000000000000028,0.0
7366852174,6437963404,33.51658451381003,0.5,0.5
7366852174,6447149396,11.97994151499164,0.0,0.0
7366852174,6447149398,15.778618988693683,0.0,0.0
7366852175,2267294339,12.342315744921024,0.5,0.5
7366852175,2267294336,5.954141309229879,0.10000000000000142,0.10000000000000142
7366852175,7366852176,49.59854874250534,0.3999999999999986,0.3999999999999986
7366852175,4070953790,95.36068333452893,-2.1000000000000014,0.0
7366852176,2267294342,10.396725438197176,0.30000000000000426,0.30000000000000426
7366852176,2267294337,5.242974834741966,-0.10000000000000142,0.0
7366852176,7366852175,49.59854874250534,-0.3999999999999986,0.0
7366852176,11954201548,141.23191247063068,-0.29999999999999716,0.0
7366852177,1303149975,3.5692264155060482,0.0,0.0
7366852177,2187246969,106.9266772316187,1.8999999999999986,1.8999999999999986
7366852177,7366852178,51.244517185199605,-4.700000000000003,0.0
7366852177,7406094168,49.495174011588475,4.799999999999997,4.799999999999997
7366852178,1303149946,4.1067641595806235,0.10000000000000142,0.10000000000000142
7366852178,1303150582,92.26397552362945,3.6000000000000014,3.6000000000000014
7366852178,4070953845,23.342385679205165,-0.29999999999999716,0.0
7366852178,7366852177,51.244517185199605,4.700000000000003,4.700000000000003
7366852198,1303152657,6.251726829314746,-0.19999999999999574,0.0
7366852198,7366852208,5.218185978073075,0.10000000000000142,0.10000000000000142
7366852198,7366852199,8.262631425640194,-0.3999999999999986,0.0
7366852198,2267294337,256.28710139114827,2.0,2.0
7366852199,2267231915,5.671358714447407,-0.10000000000000142,0.0
7366852199,7366852198,8.262631425640194,0.3999999999999986,0.3999999999999986
7366852199,2267231896,297.8310135900024,2.3999999999999986,2.3999999999999986
7366852199,7366852205,23.423801430081117,-0.29999999999999716,0.0
7366852205,2267231915,7.5541194937005045,0.19999999999999574,0.19999999999999574
7366852205,7366852206,7.995116951481521,0.29999999999999716,0.29999999999999716
7366852205,7366852033,186.2998036585019,-5.0,0.0
7366852205,7366852199,23.423801430081117,0.29999999999999716,0.29999999999999716
7366852206,1303152657,7.2989629707398,0.20000000000000284,0.20000000000000284
7366852206,7366852205,7.995116951481521,-0.29999999999999716,0.0
7366852206,4070953846,5.512741043911751,0.20000000000000284,0.20000000000000284
7366852206,7366852034,191.88087635776233,-5.100000000000001,0.0
7366852207,1303149946,23.43725737202128,0.3999999999999986,0.3999999999999986
7366852207,1303152657,7.794239755607352,-0.10000000000000142,0.0
7366852207,4070953845,5.478689161084068,0.0,0.0
7366852207,4070948082,4.229264797509148,0.09999999999999432,0.09999999999999432
7366852208,4070948082,3.9196245242654326,-0.10000000000000142,0.0
7366852208,7366852198,5.218185978073075,-0.10000000000000142,0.0
7366852208,11954201548,115.60417232458207,1.7000000000000028,1.7000000000000028
7366852209,2267231896,4.82927220325262,0.09999999999999432,0.09999999999999432
7366852209,2267231906,96.79632629198841,7.099999999999994,7.099999999999994
7366852209,4070953795,100.36701640300149,-2.4000000000000057,0.0
7366852210,308022850,9.256209607826516,-0.10000000000000142,0.0
7366852210,7366852211,9.465111858267663,0.0,0.0
7366852210,4070953805,3.546069074508564,-0.10000000000000142,0.0
7366852210,6447149347,76.7721785705527,2.200000000000003,2.200000000000003
7366852211,461629181,9.698008483920512,0.20000000000000284,0.20000000000000284
7366852211,4070953796,5.560167127736713,0.10000000000000142,0.10000000000000142
7366852211,7366852210,9.465111858267663,0.0,0.0
7366852211,7366852169,210.15643042224417,7.200000000000003,7.200000000000003
7366852212,2267294336,96.05469197325442,2.3000000000000043,2.3000000000000043
7366852212,461629182,9.001363249181527,-0.19999999999999574,0.0
7366852212,4070953790,6.341012609371539,0.10000000000000142,0.10000000000000142
7366852212,7366852213,10.523375037453729,0.0,0.0
7366852213,461629181,9.335306565035872,-0.19999999999999574,0.0
7366852213,2267231896,101.92337074779519,2.5,2.5
7366852213,7366852212,10.523375037453729,0.0,0.0
7366852213,4070953795,5.279789471048554,0.0,0.0
7366852214,4070953790,27.66516904725313,0.6000000000000014,0.6000000000000014
7366852214,7366852215,7.214107955060733,-0.09999999999999432,0.0
7366852214,7366584698,85.9950677913029,-3.0,0.0
7366852215,7366852214,7.214107955060733,0.09999999999999432,0.09999999999999432
7366852215,7366852216,10.759784779317455,-0.10000000000000142,0.0
7366852215,308022851,9.10492583774903,0.19999999999999574,0.19999999999999574
7366852215,2267231875,86.49845329009996,-3.0,0.0
7366852216,7366852215,10.759784779317455,0.10000000000000142,0.10000000000000142
7366852216,4070953806,4.436642791695574,0.10000000000000142,0.10000000000000142
7366852216,2267231871,92.27242865918836,-3.200000000000003,0.0
7366852216,308022850,9.103803820238628,0.19999999999999574,0.19999999999999574
7368658439,2636411756,1.4115597163681681,0.10000000000000142,0.10000000000000142
7368658439,1303243558,2.890441588160324,0.0,0.0
7368658439,7368658441,13.089738504857538,0.10000000000000142,0.10000000000000142
7368658440,1303244370,2.908554155009566,-0.10000000000000142,0.0
7368658440,1767739960,6.094442883395949,-0.10000000000000142,0.0
7368658440,7368658441,37.38287707494523,-0.5,0.0
7368658440,10738681910,54.2924975171965,2.5,2.5
7368658441,7368658439,13.089738504857538,-0.10000000000000142,0.0
7368658441,7368658444,11.163197704917197,-1.3000000000000043,0.0
7368658441,7368658440,37.38287707494523,0.5,0.5
7368658444,7368658453,53.7319534909815,0.0,0.0
7368658444,7368658453,68.35092240206883,0.0,0.0
7368658444,7368658441,11.163197704917197,1.3000000000000043,1.3000000000000043
7368658453,1303243471,6.611735108736811,-0.29999999999999716,0.0
7368658453,7368658444,53.7319534909815,0.0,0.0
7368658453,7368658444,68.35092240206885,0.0,0.0
7368658454,2558588796,3.7464111095818002,0.10000000000000142,0.10000000000000142
7368658454,2857742914,4.581283846513545,0.0,0.0
7368658454,2558588811,5.280158251894824,0.10000000000000142,0.10000000000000142
7368658454,7369027671,41.30580628523627,-0.6999999999999957,0.0
7368658455,6452310902,26.999834342251134,-0.8000000000000043,0.0
7368658455,7368658469,48.84799321418678,-2.200000000000003,0.0
7368658455,7368658458,72.85015624727049,2.0999999999999943,2.0999999999999943
7368658457,7368658458,26.41433944900722,-0.7000000000000028,0.0
7368658457,2636411771,3.060635031167663,0.10000000000000142,0.10000000000000142
7368658457,7366852165,125.41069370083649,1.0,1.0
7368658458,7368658457,26.41433944900722,0.7000000000000028,0.7000000000000028
7368658458,1704222981,2.963741005557983,0.20000000000000284,0.20000000000000284
7368658458,7368658455,72.85015624727049,-2.0999999999999943,0.0
7368658461,7368658462,1.988564243072184,0.0,0.0
7368658461,7368658472,13.283458192697177,0.3999999999999986,0.3999999999999986
7368658461,1484203758,117.43083502132554,-1.0,0.0
7368658462,461629164,4.637441663092062,0.19999999999999574,0.19999999999999574
7368658462,7368658461,1.988564243072184,0.0,0.0
7368658462,7368658463,8.594001353888057,-0.10000000000000142,0.0
7368658462,1484203765,126.79027299018355,-7.600000000000001,0.0
7368658463,308022083,4.428614510698652,0.20000000000000284,0.20000000000000284
7368658463,7368658462,8.594001353888057,0.10000000000000142,0.10000000000000142
7368658463,7368658467,10.010320955996756,0.20000000000000284,0.20000000000000284
7368658467,2639302817,24.740308067917038,0.19999999999999574,0.19999999999999574
7368658467,308022083,6.428916740547022,0.0,0.0
7368658467,7368658463,10.010320955996757,-0.20000000000000284,0.0
7368658467,7368658469,9.451996896129433,0.29999999999999716,0.29999999999999716
7368658469,7368658455,48.84799321418678,2.200000000000003,2.200000000000003
7368658469,7368658470,2.463282021711511,0.10000000000000142,0.10000000000000142
7368658469,7368658467,9.451996896129433,-0.29999999999999716,0.0
7368658470,308022083,8.088582499147801,-0.3999999999999986,0.0
7368658470,7368658469,2.463282021711511,-0.10000000000000142,0.0
7368658470,7368658471,8.772589864983201,0.0,0.0
7368658470,1704222981,122.33035035524013,4.399999999999999,4.399999999999999
7368658471,461629164,8.494667868095824,-0.30000000000000426,0.0
7368658471,7368658470,8.772589864983201,0.0,0.0
7368658471,7368658472,2.4353213603316672,-0.10000000000000142,0.0
7368658471,461629163,125.05454436028865,4.600000000000001,4.600000000000001
7368658472,7368658471,2.4353213603316672,0.10000000000000142,0.10000000000000142
7368658472,7368660596,51.074664246267375,2.5,2.5
7368658472,7368658461,13.283458192697177,-0.3999999999999986,0.0
7368658473,6447147573,3.4953201755582493,0.10000000000000142,0.10000000000000142
7368658473,1484203701,1.4164469562040716,0.0,0.0
7368658473,7368660729,207.2269891454078,-0.5,0.0
7368658483,1484203774,5.7969272049477265,-0.10000000000000142,0.0
7368658483,10742881924,4.730500722552211,-0.10000000000000142,0.0
7368658483,7368660709,202.19380864346434,-0.30000000000000426,0.0
7368658483,6449408236,8.216352625640118,0.0,0.0
7368660596,7368658472,51.074664246267375,-2.5,0.0
7368660596,6449408251,21.297367451967823,4.700000000000003,4.700000000000003
7368660596,10735004295,76.11443462456054,2.5,2.5
7368660598,2636411766,5.8252782804843735,0.10000000000000142,0.10000000000000142
7368660598,7368660723,117.24248069156948,1.2999999999999972,1.2999999999999972
7368660598,10735004295,3.4963700532807502,-0.10000000000000142,0.0
7368660608,1767727210,4.1293398884289365,0.0,0.0
7368660608,1767727214,73.53497657120198,4.699999999999999,4.699999999999999
7368660608,7368660612,211.52115959441883,10.600000000000001,10.600000000000001
7368660612,1303244918,4.035691219126981,0.0,0.0
7368660612,1303245898,139.58627162099677,2.6999999999999957,2.6999999999999957
7368660612,7368660608,211.52115959441886,-10.600000000000001,0.0
7368660612,7368660615,101.15349083628527,1.6999999999999957,1.6999999999999957
7368660615,1303244716,3.8789947296828706,0.10000000000000142,0.10000000000000142
7368660615,1303245898,39.57632539447066,1.0,1.0
7368660615,7368660612,101.15349083628527,-1.6999999999999957,0.0
7368660615,7368660618,84.327827673098,2.5,2.5
7368660618,1303246290,4.674950099343088,0.10000000000000142,0.10000000000000142
7368660618,1303245898,115.99727108897198,-1.5,0.0
7368660618,7368660615,84.327827673098,-2.5,0.0
7368660618,2587567925,49.80140665260975,1.5,1.5
7368660623,1303245332,3.2229615811327967,0.0,0.0
7368660623,1303243660,25.735422057384003,0.7999999999999972,0.7999999999999972
7368660623,7368660743,46.95845959985367,-1.6000000000000014,0.0
7368660623,7368660625,37.42239756075554,1.8999999999999986,1.8999999999999986
7368660625,1303244343,3.8210794374537502,0.10000000000000142,0.10000000000000142
7368660625,1303244213,44.5886268293153,0.20000000000000284,0.20000000000000284
7368660625,7368660623,37.42239756075554,-1.8999999999999986,0.0
7368660625,7368660627,36.239343903201586,1.8000000000000043,1.8000000000000043
7368660627,1303244833,65.14321039951135,0.6999999999999957,0.6999999999999957
7368660627,1303245243,3.8025908300717575,0.0,0.0
7368660627,7368660625,36.239343903201586,-1.8000000000000043,0.0
7368660627,10750743309,35.19561171672417,1.0999999999999943,1.0999999999999943
7368660636,1303244983,3.6267408916502006,0.0,0.0
7368660636,1303244266,83.12405858734039,5.899999999999999,5.899999999999999
7368660636,10750743308,159.0704548574496,4.5,4.5
7368660636,7368660640,66.66773644405873,-1.8999999999999986,0.0
7368660640,1303246278,3.6284323760833255,0.0,0.0
7368660640,1303243664,85.03701745072274,0.6999999999999957,0.6999999999999957
7368660640,7368660636,66.66773644405875,1.8999999999999986,1.8999999999999986
7368660640,7368660643,43.69267546370542,-1.7000000000000028,0.0
7368660643,1303244958,85.31890160473763,4.200000000000003,4.200000000000003
7368660643,1303245434,3.5403874653007716,0.0,0.0
7368660643,7368660640,43.69267546370543,1.7000000000000028,1.7000000000000028
7368660643,7368660647,37.080979010768594,-2.299999999999997,0.0
7368660647,1303245980,2.9051379484933944,0.0,0.0
7368660647,4070953801,307.84254452030217,-1.8000000000000043,0.0
7368660647,7368660643,37.080979010768594,2.299999999999997,2.299999999999997
7368660647,10735004290,36.67850271592774,-1.3999999999999986,0.0
7368660650,1303245434,3.190252511784643,0.10000000000000142,0.10000000000000142
7368660650,2587567974,76.85402607130634,-2.5999999999999943,0.0
7368660650,10750646697,107.56511036012506,4.400000000000006,4.400000000000006
7368660650,7368660751,67.25940109764475,-3.5999999999999943,0.0
7368660658,6449408276,28.46992992254721,-1.3999999999999986,0.0
7368660658,7368660663,109.66160502742737,-0.19999999999999574,0.0
7368660658,10750646697,84.85155917972286,-2.6999999999999957,0.0
7368660663,7368660664,24.89778720689763,-1.2000000000000028,0.0
7368660663,7368660658,109.66160502742738,0.19999999999999574,0.19999999999999574
7368660663,6452310341,35.821247054114465,0.0,0.0
7368660664,7368660663,24.89778720689763,1.2000000000000028,1.2000000000000028
7368660664,6452310342,34.360215257283336,-0.10000000000000142,0.0
7368660664,7368660740,124.33710633644945,-5.5,0.0
7368660671,7368660673,75.52619046941808,0.30000000000000426,0.30000000000000426
7368660671,7368660673,58.77240470925848,0.30000000000000426,0.30000000000000426
7368660671,2558588781,71.40906635864752,-3.6999999999999957,0.0
7368660673,7368660671,75.52619046941808,-0.30000000000000426,0.0
7368660673,7368660671,58.77240470925848,-0.30000000000000426,0.0
7368660673,1984399491,47.381578285662485,-1.3999999999999986,0.0
7368660676,1303243558,116.96842912457872,2.0,2.0
7368660676,1303243928,4.187062793092428,0.10000000000000142,0.10000000000000142
7368660676,7368660680,28.931756680322387,-1.1000000000000014,0.0
7368660676,7368660684,49.72069850859546,1.8999999999999986,1.8999999999999986
7368660680,2643543079,42.13430028150254,1.3999999999999986,1.3999999999999986
7368660680,1303246463,4.1733666793689785,0.0,0.0
7368660680,7368660676,28.931756680322387,1.1000000000000014,1.1000000000000014
7368660680,7369034006,28.992445852421195,-1.2999999999999972,0.0
7368660681,2162438536,18.92709448433793,-0.09999999999999432,0.0
7368660681,2162438537,5.429219274675713,0.0,0.0
7368660681,7368660682,41.733758996124344,1.4000000000000057,1.4000000000000057
7368660681,4070941412,60.36771647852776,-2.5,0.0
7368660682,2162438538,21.306303491660127,-0.30000000000000426,0.0
7368660682,1303246008,6.769257968676971,0.0,0.0
7368660682,7368660681,41.733758996124344,-1.4000000000000057,0.0
7368660682,2588145125,20.741078287924044,0.6999999999999957,0.6999999999999957
7368660684,1303245697,3.418316533733659,0.10000000000000142,0.10000000000000142
7368660684,1303244370,118.08267983090356,0.6000000000000014,0.6000000000000014
7368660684,7368660676,49.720698508595454,-1.8999999999999986,0.0
7368660684,7368660689,67.66515249487432,2.3999999999999986,2.3999999999999986
7368660689,1303245218,2.9050376306912895,0.10000000000000142,0.10000000000000142
7368660689,1767739951,114.59577501963523,0.7000000000000028,0.7000000000000028
7368660689,7368660684,67.66515249487432,-2.3999999999999986,0.0
7368660689,7368660692,63.68779395666046,2.3000000000000043,2.3000000000000043
7368660692,1303244401,4.098782212380599,0.0,0.0
7368660692,1767473936,86.65372734166634,1.1000000000000014,1.1000000000000014
7368660692,7368660689,63.68779395666045,-2.3000000000000043,0.0
7368660692,10738681913,95.84880200439792,1.6000000000000014,1.6000000000000014
7368660696,1983118462,3.501578365899947,0.0,0.0
7368660696,2162718497,47.307045111520665,-0.20000000000000284,0.0
7368660696,2636411744,11.765478238048148,0.19999999999999574,0.19999999999999574
7368660708,4020938318,20.298657809112324,-0.29999999999999716,0.0
7368660708,1484203732,5.808571227967552,-0.09999999999999432,0.0
7368660708,10739295319,51.86391801079032,-0.5,0.0
7368660708,10742881915,112.14784074743957,-0.5,0.0
7368660709,1484203786,5.327367399072704,0.0,0.0
7368660709,10742881923,4.349279984496986,0.0,0.0
7368660709,10742881922,4.003819311486893,-0.10000000000000142,0.0
7368660709,7368658483,202.19380864346434,0.30000000000000426,0.30000000000000426
7368660717,7368660725,2.9685914990195763,0.10000000000000142,0.10000000000000142
7368660717,10742881922,30.300009517448476,0.19999999999999574,0.19999999999999574
7368660717,7368660723,8.473446455049082,-0.20000000000000284,0.0
7368660723,7368660726,4.072774371838339,0.0,0.0
7368660723,7368660717,8.473446455049082,0.20000000000000284,0.20000000000000284
7368660723,7368660598,117.24248069156948,-1.2999999999999972,0.0
7368660724,2587513281,18.469930097185806,0.29999999999999716,0.29999999999999716
7368660724,7368660727,4.626611626317477,-0.10000000000000142,0.0
7368660724,2587567960,98.5032386398967,-1.2000000000000028,0.0
7368660725,1484203803,6.800588627893727,0.0,0.0
7368660725,2626055014,29.788484296102766,0.19999999999999574,0.19999999999999574
7368660725,2587513276,3.0105569455677395,0.09999999999999432,0.09999999999999432
7368660725,7368660717,2.9685914990195763,-0.10000000000000142,0.0
7368660726,2636411766,119.35573191803877,-1.1999999999999957,0.0
7368660726,1484203803,9.977488459821581,0.30000000000000426,0.30000000000000426
7368660726,7368660723,4.072774371838339,0.0,0.0
7368660726,7368660727,6.941124979694368,0.10000000000000142,0.10000000000000142
7368660727,1704222985,9.585698857807113,0.20000000000000284,0.20000000000000284
7368660727,7368660726,6.941124979694368,-0.10000000000000142,0.0
7368660727,7368660724,4.626611626317477,0.10000000000000142,0.10000000000000142
7368660727,2636411768,123.49195652711799,-1.2000000000000028,0.0
7368660729,2626055014,2.673491558918395,0.0,0.0
7368660729,2626055007,36.55175335299119,1.8000000000000043,1.8000000000000043
7368660729,2587513276,29.86168442365879,-0.10000000000000142,0.0
7368660729,7368658473,207.22698914540783,0.5,0.5
7368660730,2587513207,9.72965602107023,0.3999999999999986,0.3999999999999986
7368660730,1303243402,199.6274068463588,-4.899999999999999,0.0
7368660730,2587513209,14.337894968331026,0.5,0.5
7368660732,10605937411,14.470022213835412,0.10000000000000142,0.10000000000000142
7368660732,2575577325,31.374870477407512,0.30000000000000426,0.30000000000000426
7368660732,7368660734,51.43950968389425,1.3000000000000043,1.3000000000000043
7368660734,10742965969,7.128326685030155,-0.10000000000000142,0.0
7368660734,7368660732,51.43950968389425,-1.3000000000000043,0.0
7368660734,2469038990,35.914437528698386,0.09999999999999432,0.09999999999999432
7368660736,1704650319,27.999485504198898,0.5,0.5
7368660736,2469038990,47.97271948713889,0.5,0.5
7368660736,7368660737,11.236605232635808,-0.19999999999999574,0.0
7368660737,10742965966,10.217972049072374,-0.20000000000000284,0.0
7368660737,7368660736,11.236605232635808,0.19999999999999574,0.19999999999999574
7368660737,9933290458,37.583212587666594,-0.30000000000000426,0.0
7368660740,1303243880,2.8771234373918246,0.0,0.0
7368660740,1303246427,80.56436015876206,3.5,3.5
7368660740,7368660742,42.088533537152486,-1.7000000000000028,0.0
7368660740,7368660664,124.33710633644944,5.5,5.5
7368660742,1303243623,3.6628436799682236,0.0,0.0
7368660742,1303246427,120.07612144055466,5.200000000000003,5.200000000000003
7368660742,2587513290,39.99668131942757,-0.8999999999999986,0.0
7368660742,7368660740,42.088533537152486,1.7000000000000028,1.7000000000000028
7368660743,1303244265,4.350502754287191,0.0,0.0
7368660743,1767473943,77.92179311603115,-7.699999999999996,0.0
7368660743,7368660623,46.958459599853676,1.6000000000000014,1.6000000000000014
7368660743,7368660745,45.99840256969559,-1.3999999999999986,0.0
7368660745,1303243880,3.4664493685117015,0.0,0.0
7368660745,1303244179,98.30362362490659,-4.200000000000003,0.0
7368660745,7368660743,45.99840256969559,1.3999999999999986,1.3999999999999986
7368660745,7368660747,42.12557093563638,-1.7000000000000028,0.0
7368660747,1303243623,4.020966377895338,0.0,0.0
7368660747,2574341570,72.19535589752431,0.30000000000000426,0.30000000000000426
7368660747,7368660745,42.12557093563638,1.7000000000000028,1.7000000000000028
7368660747,2587513285,39.614548066615015,-1.5999999999999943,0.0
7368660750,1303245980,35.70962377946233,1.3000000000000043,1.3000000000000043
7368660750,1303243388,8.887032970428427,0.0,0.0
7368660750,10735004290,4.651265805821611,-0.09999999999999432,0.0
7368660750,7368660751,4.848329500416955,-0.09999999999999432,0.0
7368660751,7368660750,4.848329500416955,0.09999999999999432,0.09999999999999432
7368660751,2587567976,37.379234176213274,1.0,1.0
7368660751,7368660650,67.25940109764475,3.5999999999999943,3.5999999999999943
7369027660,1303244403,4.044216964060062,0.0,0.0
7369027660,1303244921,111.62528048045198,3.6000000000000014,3.6000000000000014
7369027660,7369027665,49.01530906862958,2.1999999999999957,2.1999999999999957
7369027660,7366845058,49.502721148493954,0.1999999999999993,0.1999999999999993
7369027661,2267294248,39.523063062652135,0.7000000000000028,0.7000000000000028
7369027661,1767473942,2.42254199794387,0.0,0.0
7369027661,4070941471,20.57099859926447,0.10000000000000142,0.10000000000000142
7369027661,7366852025,31.89303046629002,0.20000000000000284,0.20000000000000284
7369027662,1303245763,4.615669338776032,0.0,0.0
7369027662,1303243471,72.86331134762048,3.799999999999997,3.799999999999997
7369027662,7369027665,47.18845286481435,-2.9000000000000057,0.0
7369027662,7369027664,31.51889472496136,1.7999999999999972,1.7999999999999972
7369027663,1983118493,17.519820461042894,-0.29999999999999716,0.0
7369027663,1983118522,6.957200174283095,0.20000000000000284,0.20000000000000284
7369027663,2162718497,143.77123636145984,3.1000000000000014,3.1000000000000014
7369027663,2558588781,65.87976356929288,-0.7999999999999972,0.0
7369027664,1303246238,3.9963662564971116,0.10000000000000142,0.10000000000000142
7369027664,1767739960,97.75630199374712,4.0,4.0
7369027664,7369027662,31.518894724961356,-1.7999999999999972,0.0
7369027664,6957360460,49.53930178903851,3.1000000000000014,3.1000000000000014
7369027665,1303245724,4.24800619563816,0.0,0.0
7369027665,1303244238,89.8246248831019,3.9000000000000057,3.9000000000000057
7369027665,7369027662,47.18845286481435,2.9000000000000057,2.9000000000000057
7369027665,7369027660,49.01530906862958,-2.1999999999999957,0.0
7369027666,1303245724,3.51245905826621,0.0,0.0
7369027666,1303245801,96.06618952611693,6.100000000000001,6.100000000000001
7369027666,6957360461,120.00315024952556,7.800000000000004,7.800000000000004
7369027666,7366852026,46.56565147401378,-2.1999999999999957,0.0
7369027671,2588145134,4.041563204164194,-0.20000000000000284,0.0
7369027671,2588145136,4.9101256364060415,0.29999999999999716,0.29999999999999716
7369027671,1303243958,3.2579585675102862,0.0,0.0
7369027671,7368658454,41.30580628523627,0.6999999999999957,0.6999999999999957
7369033892,1303243998,6.25343850259633,0.29999999999999716,0.29999999999999716
7369033892,3803655172,107.04817431733402,2.0,2.0
7369033892,7369033941,3.67868715672005,0.0,0.0
7369033892,461630507,18.112919552539296,-0.8000000000000043,0.0
7369033893,1303243477,31.56815353761704,0.6000000000000014,0.6000000000000014
7369033893,1303244168,3.75808259837593,-0.10000000000000142,0.0
7369033893,4070941319,26.737937388992613,-1.0,0.0
7369033897,1303151719,40.064273104279465,1.1999999999999993,1.1999999999999993
7369033897,1303151281,6.609897674912487,0.0,0.0
7369033897,10751780993,4.53743429517911,0.0,0.0
7369033897,10751780996,10.58143087137921,0.10000000000000142,0.10000000000000142
7369033899,7369033916,36.29445754477257,-0.6999999999999993,0.0
7369033899,2187246669,153.3941281592941,7.800000000000001,7.800000000000001
7369033899,7369033908,96.04793376826176,0.3000000000000007,0.3000000000000007
7369033908,1303151719,14.948872419439487,-0.10000000000000142,0.0
7369033908,1303149938,50.0441181111727,0.6000000000000014,0.6000000000000014
7369033908,7369033899,96.04793376826174,-0.3000000000000007,0.0
7369033914,461630515,4.177317041416025,0.10000000000000142,0.10000000000000142
7369033914,10751842706,4.030503102487836,0.10000000000000142,0.10000000000000142
7369033914,2187246616,134.57957867180124,8.000000000000004,8.000000000000004
7369033914,7369033916,48.43788899749739,-1.1999999999999993,0.0
7369033916,2187246388,5.086957427708455,0.10000000000000142,0.10000000000000142
7369033916,7369033899,36.29445754477257,0.6999999999999993,0.6999999999999993
7369033916,7369033914,48.43788899749739,1.1999999999999993,1.1999999999999993
7369033916,10751780996,60.85817258810718,-0.1999999999999993,0.0
7369033918,461630509,7.186653769963318,0.10000000000000142,0.10000000000000142
7369033918,1303245275,25.40272737148122,0.40000000000000213,0.40000000000000213
7369033918,4070941448,2.910143948329376,0.10000000000000142,0.10000000000000142
7369033918,7369033922,8.623878860918422,-0.09999999999999787,0.0
7369033919,461630510,7.072891145497038,0.10000000000000142,0.10000000000000142
7369033919,7369033920,9.159287278872,0.0,0.0
7369033919,4070941028,5.116112079348171,0.0,0.0
7369033920,461630509,6.924317274764224,0.10000000000000142,0.10000000000000142
7369033920,7369033922,3.9490707374889413,-0.09999999999999787,0.0
7369033920,7369033919,9.159287278872,0.0,0.0
7369033920,10736725807,400.6174807793055,-3.099999999999998,0.0
7369033922,7369033920,3.9490707374889413,0.09999999999999787,0.09999999999999787
7369033922,4070941292,99.32348239354727,-0.9000000000000021,0.0
7369033922,7369033918,8.623878860918422,0.09999999999999787,0.09999999999999787
7369033923,461630509,6.155065047898766,-0.10000000000000142,0.0
7369033923,4070941447,5.481025674705657,-0.10000000000000142,0.0
7369033923,7369033924,9.342674860106838,0.0,0.0
7369033923,7369034016,272.2765869349741,2.6999999999999993,2.6999999999999993
7369033924,461630510,6.401436247550632,-0.10000000000000142,0.0
7369033924,7369033923,9.342674860106838,0.0,0.0
7369033924,4070941012,4.840282013517288,-0.10000000000000142,0.0
7369033924,7369034015,272.6868959311134,2.6999999999999993,2.6999999999999993
7369033925,10751780972,4.697953500450974,-0.10000000000000142,0.0
7369033925,10751780973,3.8337222593725766,-0.10000000000000142,0.0
7369033925,461630510,6.5014498174440245,0.0,0.0
7369033925,3803654338,67.46697671303532,0.1999999999999993,0.1999999999999993
7369033926,3803654338,4.308425125159748,0.0,0.0
7369033926,10751842707,321.041931225995,0.5,0.5
7369033926,10751842707,93.66433523150991,0.5,0.5
7369033926,10751780972,64.56337105948518,-0.3000000000000007,0.0
7369033927,1303246100,7.7409548958788195,-0.10000000000000142,0.0
7369033927,1303245549,37.33854576712575,0.6999999999999957,0.6999999999999957
7369033927,7369033941,146.83838700772046,-2.3999999999999986,0.0
7369033928,1303245275,3.389098557037094,0.10000000000000142,0.10000000000000142
7369033928,3730550104,100.25719507713714,5.699999999999999,5.699999999999999
7369033928,4070941448,25.33451897907079,-0.1999999999999993,0.0
7369033928,7369033931,47.20628320555177,1.9000000000000021,1.9000000000000021
7369033931,1303246091,3.642774955073155,0.09999999999999787,0.09999999999999787
7369033931,1303246413,100.44905719133425,5.0,5.0
7369033931,7369033928,47.20628320555178,-1.9000000000000021,0.0
7369033931,7369033934,46.652959799356346,2.1000000000000014,2.1000000000000014
7369033934,1303243821,69.49354275275248,4.299999999999997,4.299999999999997
7369033934,1303245016,3.171730759616803,-0.10000000000000142,0.0
7369033934,7369033931,46.652959799356346,-2.1000000000000014,0.0
7369033934,7369033937,42.97439418595047,1.7999999999999972,1.7999999999999972
7369033937,1303245823,3.9009137542200425,0.10000000000000142,0.10000000000000142
7369033937,1303243821,92.88565044235074,2.5,2.5
7369033937,7369033934,42.97439418595047,-1.7999999999999972,0.0
7369033937,7369033941,48.93366424752363,2.200000000000003,2.200000000000003
7369033941,7369033892,3.67868715672005,0.0,0.0
7369033941,7369033942,6.141658825897894,0.19999999999999574,0.19999999999999574
7369033941,7369033927,146.83838700772046,2.3999999999999986,2.3999999999999986
7369033941,7369033937,48.93366424752363,-2.200000000000003,0.0
7369033942,1303243998,4.373114204739156,0.10000000000000142,0.10000000000000142
7369033942,7369033941,6.141658825897894,-0.19999999999999574,0.0
7369033942,7369033945,212.14401885432594,0.5,0.5
7369033942,7369033945,41.327525191928046,0.5,0.5
7369033945,1303246306,3.0607692071624464,0.0,0.0
7369033945,7369033942,212.1440188543259,-0.5,0.0
7369033945,7369033942,41.32752519192805,-0.5,0.0
7369033945,7369033948,45.04563761343058,-1.3999999999999986,0.0
7369033948,1303244036,84.31511609658065,4.799999999999997,4.799999999999997
7369033948,1303243761,2.9897336639549827,0.0,0.0
7369033948,7369033945,45.04563761343058,1.3999999999999986,1.3999999999999986
7369033948,7369033951,45.158529773332525,-1.5,0.0
7369033951,1303243438,2.8837155977686457,0.10000000000000142,0.10000000000000142
7369033951,1303246335,85.29119065034143,5.299999999999997,5.299999999999997
7369033951,7369033948,45.158529773332525,1.5,1.5
7369033951,7369033954,45.00269797316912,-1.2999999999999972,0.0
7369033954,1303244867,2.872745873850507,0.09999999999999432,0.09999999999999432
7369033954,1303245099,88.83382171974542,5.399999999999999,5.399999999999999
7369033954,7369033951,45.00269797316912,1.2999999999999972,1.2999999999999972
7369033954,7369033959,126.09222493773332,4.099999999999994,4.099999999999994
7369033959,1303243752,2.91372353399936,0.0,0.0
7369033959,1303245099,37.87273134909829,1.3000000000000043,1.3000000000000043
7369033959,7369033954,126.09222493773332,-4.099999999999994,0.0
7369033959,7369033963,68.77907438591835,0.6000000000000014,0.6000000000000014
7369033963,1303245512,4.23255466936694,0.0,0.0
7369033963,1303246399,56.78193590357098,1.0,1.0
7369033963,7369033959,68.77907438591834,-0.6000000000000014,0.0
7369033963,7369033966,40.11842472363254,-2.6000000000000014,0.0
7369033966,1303244710,4.417682542144956,0.10000000000000142,0.10000000000000142
7369033966,1303244186,84.07198790544423,4.400000000000006,4.400000000000006
7369033966,7369033963,40.11842472363255,2.6000000000000014,2.6000000000000014
7369033966,7369033969,40.68932719932071,-1.5999999999999943,0.0
7369033969,461630504,3.882041411839823,0.0,0.0
7369033969,1303244009,105.25556180598755,6.899999999999999,6.899999999999999
7369033969,7369033966,40.68932719932071,1.5999999999999943,1.5999999999999943
7369033969,7369033972,46.74472486123728,0.09999999999999432,0.09999999999999432
7369033972,1303246048,1.5285443111805157,0.0,0.0
7369033972,3731644107,21.97357836842503,0.7000000000000028,0.7000000000000028
7369033972,7369033969,46.74472486123728,-0.09999999999999432,0.0
7369033972,7369033975,47.09623955117906,0.30000000000000426,0.30000000000000426
7369033975,1303243747,1.3035680525664224,0.0,0.0
7369033975,3731644113,7.678842683264191,0.0,0.0
7369033975,7369033972,47.09623955117906,-0.30000000000000426,0.0
7369033975,7369033978,46.78877746492365,0.19999999999999574,0.19999999999999574
7369033978,1303243568,112.35940727612233,2.0,2.0
7369033978,1303245638,2.633994623816877,0.0,0.0
7369033978,7369033975,46.78877746492365,-0.19999999999999574,0.0
7369033978,7369033980,47.77364848329874,0.5,0.5
7369033980,1303243719,108.84859694268174,0.6000000000000014,0.6000000000000014
7369033980,1303245638,50.845032152062466,-0.5,0.0
7369033980,7369033978,47.77364848329874,-0.5,0.0
7369033981,7369033984,127.06971883773278,-0.9000000000000057,0.0
7369033984,1303246232,5.043280384624933,0.0,0.0
7369033984,2636411690,170.38001083315896,-11.899999999999999,0.0
7369033984,7369033981,127.06971883773278,0.9000000000000057,0.9000000000000057
7369033990,7099852156,153.7975831115488,0.8000000000000043,0.8000000000000043
7369033990,7369033992,59.253888807882205,-0.29999999999999716,0.0
7369033990,2591041246,60.207572419791326,3.1000000000000014,3.1000000000000014
7369033991,2574372178,11.90267365345827,2.0,2.0
7369033991,7369033992,12.397430378419173,0.10000000000000142,0.10000000000000142
7369033991,4070941325,145.06277554402345,-1.6999999999999957,0.0
7369033992,2574372175,26.363295213836118,2.1000000000000014,2.1000000000000014
7369033992,7369033990,59.25388880788222,0.29999999999999716,0.29999999999999716
7369033992,7369033991,12.397430378419173,-0.10000000000000142,0.0
7369033993,2637979826,5.141896184314906,-0.10000000000000142,0.0
7369033993,7369033994,8.578205285035539,0.09999999999999432,0.09999999999999432
7369033993,7369033996,4.747705728395832,0.0,0.0
7369033993,10721114736,575.9251174363507,3.799999999999997,3.799999999999997
7369033994,461630500,5.5264209135538,-0.09999999999999432,0.0
7369033994,4070941325,5.464057764893467,-0.09999999999999432,0.0
7369033994,7369033993,8.578205285035539,-0.09999999999999432,0.0
7369033994,10721114737,573.6847331264357,3.700000000000003,3.700000000000003
7369033995,461630504,30.70773841115418,0.10000000000000142,0.10000000000000142
7369033995,2637979826,6.417705056179909,0.0,0.0
7369033995,7369033997,3.647243614602174,0.0,0.0
7369033995,4070941428,5.070528091548817,-0.10000000000000142,0.0
7369033996,7369033993,4.747705728395832,0.0,0.0
7369033996,7369033997,2.895582000828755,-0.10000000000000142,0.0
7369033996,4070941358,108.4704116353964,1.5,1.5
7369033997,7369033995,3.647243614602174,0.0,0.0
7369033997,7369033996,2.895582000828755,0.10000000000000142,0.10000000000000142
7369033997,5228128355,134.96355887330012,5.799999999999997,5.799999999999997
7369033998,461630500,6.155449800313675,0.10000000000000142,0.10000000000000142
7369033998,7369033999,8.436268850092377,-0.10000000000000142,0.0
7369033998,4070880045,6.2903205558209425,-0.10000000000000142,0.0
7369033998,7369034017,202.16197890473455,-2.400000000000002,0.0
7369033999,2637979826,6.996873691110581,0.10000000000000142,0.10000000000000142
7369033999,4070941429,4.038303626688595,0.0,0.0
7369033999,7369033998,8.436268850092377,0.10000000000000142,0.10000000000000142
7369033999,7369034018,201.69642980528207,-2.3999999999999986,0.0
7369034000,461630500,8.449621013371376,0.10000000000000142,0.10000000000000142
7369034000,1303246072,31.305776129175662,0.7999999999999972,0.7999999999999972
7369034000,4070941425,4.133150153709953,0.0,0.0
7369034000,4070941324,3.4926971589592375,0.0,0.0
7369034001,461630504,3.553009996843913,0.0,0.0
7369034001,1303246048,43.238877128307784,0.09999999999999432,0.09999999999999432
7369034001,4070941428,31.64351577279308,-0.20000000000000284,0.0
7369034002,1303245121,4.9361449393014665,0.0,0.0
7369034002,2574372159,68.45751109983661,0.5,0.5
7369034002,4070941418,4.023439816541278,0.0,0.0
7369034002,7369034003,52.37357895044954,-2.4000000000000057,0.0
7369034003,1303246072,3.667548325240982,0.10000000000000142,0.10000000000000142
7369034003,1303244623,147.34939728609993,3.3000000000000043,3.3000000000000043
7369034003,4070941324,31.858600279732606,-0.6999999999999957,0.0
7369034003,7369034002,52.37357895044954,2.4000000000000057,2.4000000000000057
7369034006,1303245267,40.37388423549901,1.8999999999999986,1.8999999999999986
7369034006,1303245510,4.112496475387239,0.0,0.0
7369034006,7369034012,90.67318891709155,-3.8000000000000043,0.0
7369034006,7368660680,28.992445852421195,1.2999999999999972,1.2999999999999972
7369034012,1303246072,4.836227616186634,0.10000000000000142,0.10000000000000142
7369034012,1303246265,33.3312118875288,0.30000000000000426,0.30000000000000426
7369034012,4070941425,31.131428843851058,-0.6999999999999957,0.0
7369034012,7369034006,90.67318891709155,3.8000000000000043,3.8000000000000043
7369034013,4019955910,5.608570700311617,0.09999999999999787,0.09999999999999787
7369034013,7366845056,200.96767075162782,2.1999999999999993,2.1999999999999993
7369034013,4070880025,106.27853608119698,1.5999999999999979,1.5999999999999979
7369034013,2187246363,68.12811133984633,9.100000000000001,9.100000000000001
7369034014,443306874,9.72461124692274,-0.10000000000000142,0.0
7369034014,4070880024,6.91043533268563,0.09999999999999787,0.09999999999999787
7369034014,4070941003,6.893582382516511,0.0,0.0
7369034014,1303152028,41.911579873356075,2.599999999999998,2.599999999999998
7369034015,443306874,15.275801971012712,-0.10000000000000142,0.0
7369034015,4070941004,4.971086867349166,0.0,0.0
7369034015,7369034016,11.801188573435251,0.0,0.0
7369034015,7369033924,272.6868959311133,-2.6999999999999993,0.0
7369034016,443306880,10.092413516471597,-0.10000000000000142,0.0
7369034016,7369034015,11.801188573435251,0.0,0.0
7369034016,4070941438,6.191498687471262,-0.10000000000000142,0.0
7369034016,7369033923,272.27658693497403,-2.6999999999999993,0.0
7369034017,443306873,12.039526565834448,0.0,0.0
7369034017,7369034018,9.657566139336717,-0.09999999999999787,0.0
7369034017,4070880047,7.294340519849548,-0.1999999999999993,0.0
7369034017,7369033998,202.16197890473458,2.400000000000002,2.400000000000002
7369034018,443306880,11.524996826320267,0.09999999999999787,0.09999999999999787
7369034018,4070941437,6.544403620827463,0.09999999999999787,0.09999999999999787
7369034018,7369034017,9.657566139336717,0.09999999999999787,0.09999999999999787
7369034018,7369033999,201.69642980528204,2.3999999999999986,2.3999999999999986
7369034019,443306874,15.165200397703897,0.09999999999999787,0.09999999999999787
7369034019,7369034020,11.261382964367916,0.0,0.0
7369034019,4070880025,5.354158615521265,0.09999999999999787,0.09999999999999787
7369034019,4019955910,106.51158649876584,-1.4000000000000021,0.0
7369034020,443306873,11.175813095174872,0.09999999999999787,0.09999999999999787
7369034020,4070880048,6.7649263394701205,0.0,0.0
7369034020,7369034019,11.261382964367916,0.0,0.0
7369034020,7366845049,316.527005431453,0.7999999999999972,0.7999999999999972
7369034021,2187246349,5.560058084595452,-0.10000000000000142,0.0
7369034021,2187246359,72.57832314250085,2.3999999999999986,2.3999999999999986
7369034021,4070880024,62.26863045555137,-3.700000000000003,0.0
7369034021,7369034024,81.168169315325,3.299999999999997,3.299999999999997
7369034022,3800772433,31.84761152806725,1.0,1.0
7369034022,1303152028,6.534477427940072,-0.10000000000000142,0.0
7369034022,4070941003,41.64751573139091,-2.6999999999999993,0.0
7369034022,7369034023,92.96893889222794,4.399999999999999,4.399999999999999
7369034023,3800772438,31.072089958444543,-0.7999999999999972,0.0
7369034023,1303151285,7.073362058860807,0.0,0.0
7369034023,7369034022,92.96893889222795,-4.399999999999999,0.0
7369034023,4070880041,115.77335300051517,-3.0,0.0
7369034024,1303151285,5.5661481441052105,0.0,0.0
7369034024,2187246414,41.877374872844754,-0.29999999999999716,0.0
7369034024,7369034021,81.168169315325,-3.299999999999997,0.0
7369034024,4070880043,115.13116989724425,-2.8999999999999986,0.0
7369034025,1303151285,115.34758003405034,2.8999999999999986,2.8999999999999986
7369034025,1303150833,7.124622730889592,-0.10000000000000142,0.0
7369034025,4070880041,5.691867950804721,-0.10000000000000142,0.0
7369034025,4070880043,5.8758078399706735,0.0,0.0
7369034027,3800772439,28.538336149334782,2.0,2.0
7369034027,1303150833,7.952529450471533,0.0,0.0
7369034027,7369034030,13.89899295712394,0.0,0.0
7369034027,4070880041,7.984994810991502,0.0,0.0
7369034030,1303150833,6.876671395487157,0.0,0.0
7369034030,7369034033,12.32328960758586,0.0,0.0
7369034030,7369034027,13.89899295712394,0.0,0.0
7369034030,1303152303,114.43714782918133,-0.3999999999999986,0.0
7369034033,1303150833,7.721447628896044,0.0,0.0
7369034033,2187246519,27.327317711021962,0.20000000000000284,0.20000000000000284
7369034033,4070880043,8.489867079019634,0.10000000000000142,0.10000000000000142
7369034033,7369034030,12.32328960758586,0.0,0.0
7406081422,6447149352,4.525899643260789,0.10000000000000142,0.10000000000000142
7406081422,7406081424,48.25300921698891,-0.10000000000000142,0.0
7406081422,6437963398,122.4490495818577,-7.899999999999999,0.0
7406081424,6447149349,33.55626079729096,-2.299999999999997,0.0
7406081424,2267231814,2.169290374503797,0.0,0.0
7406081424,7406081422,48.25300921698891,0.10000000000000142,0.10000000000000142
7406094168,1303150950,4.250824318843309,0.0,0.0
7406094168,1303151619,113.31185683464385,3.5,3.5
7406094168,7366852177,49.495174011588475,-4.799999999999997,0.0
7406094168,7366844987,42.332732040143554,4.299999999999997,4.299999999999997
7755269987,461630522,7.7361600592654485,-0.20000000000000284,0.0
7755269987,7755269988,10.58647337089245,1.2999999999999972,1.2999999999999972
7755269987,7755269992,3.8130172342819666,0.0,0.0
7755269987,9009445415,52.34043227543195,1.6999999999999957,1.6999999999999957
7755269988,7755269987,10.58647337089245,-1.2999999999999972,0.0
7755269989,7755269990,41.65581550437497,0.20000000000000284,0.20000000000000284
7755269989,7755269992,41.46980630328507,-2.8999999999999986,0.0
7755269989,13336225512,28.37824167887755,2.799999999999997,2.799999999999997
7755269990,7755269989,41.65581550437497,-0.20000000000000284,0.0
7755269992,461630522,7.067450257627722,-0.20000000000000284,0.0
7755269992,7755269987,3.8130172342819666,0.0,0.0
7755269992,7755269989,41.46980630328507,2.8999999999999986,2.8999999999999986
7768598949,4020938309,38.53289989910669,-3.6000000000000014,0.0
7924959733,7924959734,7.603193957893298,-0.5,0.0
7924959734,908108751,22.805611387822402,-0.30000000000000426,0.0
7924959734,7924959733,7.603193957893298,0.5,0.5
7924959734,908108609,118.48494009433018,3.299999999999997,3.299999999999997
7924959735,7924959736,13.469832241459004,-1.1000000000000014,0.0
7924959736,908108408,6.675848350923785,0.10000000000000142,0.10000000000000142
7924959736,7924959747,10.203330485458235,-0.19999999999999574,0.0
7924959736,7924959735,13.469832241459004,1.1000000000000014,1.1000000000000014
7924959745,7924959746,20.125849605009126,0.3999999999999986,0.3999999999999986
7924959745,7924959747,5.589911698759276,0.0,0.0
7924959745,7924960096,82.42803534901348,-1.7000000000000028,0.0
7924959745,7366852173,16.721123918786947,0.29999999999999716,0.29999999999999716
7924959746,7924959745,20.125849605009126,-0.3999999999999986,0.0
7924959747,7924959736,10.203330485458235,0.19999999999999574,0.19999999999999574
7924959747,908108702,20.806703927855708,-0.3999999999999986,0.0
7924959747,7924959745,5.589911698759276,0.0,0.0
7924959748,4070996685,7.35569172816364,0.10000000000000142,0.10000000000000142
7924959748,7924959749,5.165075287398223,0.0,0.0
7924959748,7924959750,3.4735307136217566,0.10000000000000142,0.10000000000000142
7924959748,7366584599,66.64682196796824,-1.2999999999999972,0.0
7924959749,908108702,11.89403388160581,0.30000000000000426,0.30000000000000426
7924959749,7924960099,49.723103607072524,-1.0,0.0
7924959749,7924959748,5.165075287398223,0.0,0.0
7924959750,7924959748,3.4735307136217566,-0.10000000000000142,0.0
7924959774,7924959775,79.9262269951826,0.40000000000000213,0.40000000000000213
7924959775,7366852173,39.27105521009346,3.1999999999999957,3.1999999999999957
7924959775,7924959774,79.9262269951826,-0.40000000000000213,0.0
7924960096,7924960099,5.472382675851577,0.0,0.0
7924960096,7924959745,82.42803534901348,1.7000000000000028,1.7000000000000028
7924960096,7924960100,18.247943468292767,-0.3999999999999986,0.0
7924960096,7924960097,59.64436607280142,0.6000000000000014,0.6000000000000014
7924960097,7924960096,59.64436607280142,-0.6000000000000014,0.0
7924960099,7924959749,49.723103607072524,1.0,1.0
7924960099,7924960102,18.135854056504193,-0.3999999999999986,0.0
7924960099,7924960096,5.472382675851577,0.0,0.0
7924960100,7924960101,28.040591905278394,0.3999999999999986,0.3999999999999986
7924960100,7924960102,5.447303012577253,0.0,0.0
7924960100,7924960096,18.247943468292767,0.3999999999999986,0.3999999999999986
7924960100,7366584697,16.19902990670201,-0.29999999999999716,0.0
7924960101,7924960100,28.040591905278394,-0.3999999999999986,0.0
7924960102,7924960099,18.135854056504193,0.3999999999999986,0.3999999999999986
7924960102,908108470,16.099698365253936,-0.29999999999999716,0.0
7924960102,7924960100,5.447303012577253,0.0,0.0
8132869464,8132869469,10.423897065435693,-0.20000000000000284,0.0
8132869464,8132869465,23.21767100869688,1.5999999999999943,1.5999999999999943
8132869464,8132869465,24.10906178246472,1.5999999999999943,1.5999999999999943
8132869465,8132869464,24.10906178246472,-1.5999999999999943,0.0
8132869465,8132869464,23.21767100869688,-1.5999999999999943,0.0
8132869465,2639302795,46.89242586500782,3.0,3.0
8132869469,8132869464,10.423897065435693,0.20000000000000284,0.20000000000000284
8411254500,8411254506,54.67797865700215,0.7000000000000028,0.7000000000000028
8411254506,8411254500,54.67797865700215,-0.7000000000000028,0.0
8411254506,10269783367,149.2714526767283,-0.10000000000000142,0.0
8411254506,10310178223,8.17360366936672,-0.10000000000000142,0.0
8411254514,10269783372,27.492034728299796,-0.19999999999999574,0.0
8411254514,8411254515,67.4674535267118,-1.1000000000000014,0.0
8411254514,10721114682,51.22103405988661,-0.29999999999999716,0.0
8411254515,8411254514,67.4674535267118,1.1000000000000014,1.1000000000000014
8411254516,2245132927,8.984608070287294,0.0,0.0
8411254516,9983573537,48.569924187746416,0.5,0.5
8411254516,10269783370,78.86139563012374,0.10000000000000142,0.10000000000000142
8411254516,10721114691,53.96077673406592,-0.3999999999999986,0.0
8411280119,2639302694,6.38968418972328,0.0,0.0
8411280119,8411280120,19.555443818158125,-0.20000000000000284,0.0
8411280119,2639302690,51.10303733732768,-0.6000000000000014,0.0
8411280119,10721114682,15.028918015409023,0.10000000000000142,0.10000000000000142
8411280120,2639302696,6.979642881756946,0.0,0.0
8411280120,2639302693,4.318104078348114,0.20000000000000284,0.20000000000000284
8411280120,10721114688,18.35131203127521,-0.09999999999999432,0.0
8411280120,8411280119,19.555443818158125,0.20000000000000284,0.20000000000000284
8411280138,10723483823,70.52654093359874,2.8000000000000007,2.8000000000000007
8411280161,10723483816,171.83917644593316,-1.3000000000000007,0.0
8411280161,10723432000,86.59431968077388,0.09999999999999787,0.09999999999999787
8411280161,10712492257,38.17869105197041,0.0,0.0
8411280183,8411280185,64.96697944826005,-6.899999999999999,0.0
8411280185,8411280186,5.50387277595668,0.0,0.0
8411280185,8411280183,64.96697944826005,6.899999999999999,6.899999999999999
8411280185,10624985151,48.015728289926116,-1.1000000000000014,0.0
8411280186,8411280185,5.50387277595668,0.0,0.0
8411280186,2637060681,21.748390218038196,0.0,0.0
8411280186,10723432000,33.22440894485615,-0.3000000000000007,0.0
8571718052,8571718099,49.31455123972251,0.0,0.0
8571718052,6437963389,41.162547185758406,0.29999999999999716,0.29999999999999716
8571718052,8571718081,19.472533829916042,0.0,0.0
8571718061,8571718070,46.27108725836953,0.10000000000000142,0.10000000000000142
8571718061,8571718099,19.44679623292415,0.10000000000000142,0.10000000000000142
8571718061,8571718116,32.73844261570937,0.10000000000000142,0.10000000000000142
8571718070,6447147539,14.614362128983094,-5.0,0.0
8571718070,6447147526,37.31526124902269,-1.0,0.0
8571718070,8571718061,46.27108725836953,-0.10000000000000142,0.0
8571718081,8571718116,25.20004306435287,0.0,0.0
8571718081,8571718052,19.472533829916046,0.0,0.0
8571718081,8571718099,34.8415757656952,0.0,0.0
8571718099,8571718061,19.44679623292415,-0.10000000000000142,0.0
8571718099,8571718052,49.31455123972251,0.0,0.0
8571718099,8571718081,34.8415757656952,0.0,0.0
8571718115,8571718116,9.841700294905355,0.0,0.0
8571718115,6447149322,24.6849967540766,-5.300000000000004,0.0
8571718115,6447149331,24.28648567215248,-4.700000000000003,0.0
8571718116,8571718115,9.841700294905355,0.0,0.0
8571718116,8571718061,32.73844261570937,-0.10000000000000142,0.0
8571718116,8571718081,25.200043064352865,0.0,0.0
8571776917,6447147525,29.934523461141573,-2.6000000000000014,0.0
8571776917,6437962884,6.333268808573277,0.0,0.0
8571776917,6447147522,16.835716675299224,1.1999999999999957,1.1999999999999957
8796848789,2268370361,12.175072988157932,-0.5,0.0
8796848789,8796848791,57.41273404100598,2.3999999999999986,2.3999999999999986
8796848789,9983573421,36.558597695956045,-3.5,0.0
8796848789,8796851741,36.73575143462071,3.6000000000000014,3.6000000000000014
8796848791,8796851735,9.318831117084919,0.0,0.0
8796848791,8796848789,57.41273404100598,-2.3999999999999986,0.0
8796848791,8796851730,13.940994456677327,-4.399999999999999,0.0
8796848798,5241082711,26.564167426669705,-4.200000000000003,0.0
8796848798,8796848802,55.25820636902119,7.799999999999997,7.799999999999997
8796848798,2268370325,98.41946283478201,11.100000000000001,11.100000000000001
8796848802,8796851759,30.054100848677983,-1.3999999999999986,0.0
8796848802,2268370311,45.12684582333982,7.0,7.0
8796848802,8796848798,55.25820636902119,-7.799999999999997,0.0
8796848807,8796851721,8.169310780538195,0.0,0.0
8796848807,8796851759,54.70765884036943,-8.399999999999999,0.0
8796848807,2268370311,46.37060135954414,0.0,0.0
8796848810,8796851722,11.461574377419185,-2.799999999999997,0.0
8796848810,8796851728,55.015797483902105,0.3999999999999986,0.3999999999999986
8796848810,8796851721,54.48736849988144,0.3999999999999986,0.3999999999999986
8796851721,8796848807,8.169310780538195,0.0,0.0
8796851721,8796848810,54.48736849988144,-0.3999999999999986,0.0
8796851721,8796851722,61.42627111944944,-3.1999999999999957,0.0
8796851722,8796851723,3.912705727849644,0.09999999999999432,0.09999999999999432
8796851722,8796848810,11.461574377419185,2.799999999999997,2.799999999999997
8796851722,8796851721,61.42627111944944,3.1999999999999957,3.1999999999999957
8796851723,8796851722,3.912705727849644,-0.09999999999999432,0.0
8796851723,8796851739,48.967189144764525,-3.0,0.0
8796851723,8796851724,44.74720132163764,2.1000000000000014,2.1000000000000014
8796851724,9983566987,4.994902576815851,0.10000000000000142,0.10000000000000142
8796851724,8796851727,35.20956461427289,0.10000000000000142,0.10000000000000142
8796851724,8796851723,44.74720132163764,-2.1000000000000014,0.0
8796851727,8796851743,15.836557442286555,0.0,0.0
8796851727,8796851728,9.521298193277824,0.8999999999999986,0.8999999999999986
8796851727,9983566999,34.584970572351594,0.5,0.5
8796851727,8796851724,35.20956461427289,-0.10000000000000142,0.0
8796851728,8796851727,9.521298193277824,-0.8999999999999986,0.0
8796851728,9983566999,30.80159124304408,-0.3999999999999986,0.0
8796851728,8796848810,55.0157974839021,-0.3999999999999986,0.0
8796851730,2268370321,20.52325061273859,-0.1999999999999993,0.0
8796851730,8796851731,14.95604931857118,-0.3999999999999986,0.0
8796851730,8796848791,13.940994456677327,4.399999999999999,4.399999999999999
8796851731,8796851737,13.863410520157787,-0.10000000000000142,0.0
8796851731,8796851730,14.95604931857118,0.3999999999999986,0.3999999999999986
8796851731,8796851738,22.536072929518447,-2.8000000000000007,0.0
8796851734,1303245082,132.10508779570415,1.3999999999999986,1.3999999999999986
8796851734,1303246004,36.99577588244038,-3.0,0.0
8796851734,8796851738,22.616725881465833,3.3000000000000007,3.3000000000000007
8796851735,8796851739,23.158802295801628,0.8999999999999986,0.8999999999999986
8796851735,8796848791,9.318831117084919,0.0,0.0
8796851735,8796851738,32.785236942798434,-7.599999999999998,0.0
8796851737,8796851731,13.863410520157787,0.10000000000000142,0.10000000000000142
8796851737,2268370321,22.81756728052319,0.3000000000000007,0.3000000000000007
8796851737,1303244497,7.94624376562709,0.0,0.0
8796851738,8796851734,22.616725881465833,-3.3000000000000007,0.0
8796851738,8796851735,32.785236942798434,7.599999999999998,7.599999999999998
8796851738,8796851731,22.536072929518447,2.8000000000000007,2.8000000000000007
8796851739,8796851723,48.967189144764525,3.0,3.0
8796851739,8796851735,23.158802295801628,-0.8999999999999986,0.0
8796851739,9983566987,22.039026096082537,5.200000000000003,5.200000000000003
8796851741,2268370325,36.93848571888879,2.1000000000000014,2.1000000000000014
8796851741,8796848789,36.73575143462071,-3.6000000000000014,0.0
8796851741,8796851743,25.342504024712056,4.899999999999999,4.899999999999999
8796851743,8796851727,15.836557442286555,0.0,0.0
8796851743,8796851741,25.342504024712056,-4.899999999999999,0.0
8796851743,9983566987,58.956805361986596,0.0,0.0
8796851753,8796851759,69.01241876914261,14.7,14.7
8796851753,2136813369,59.60258034474111,1.5999999999999979,1.5999999999999979
8796851753,2268359400,33.019956133847124,-1.1000000000000014,0.0
8796851759,8796848807,54.70765884036943,8.399999999999999,8.399999999999999
8796851759,8796848802,30.054100848677983,1.3999999999999986,1.3999999999999986
8796851759,8796851753,69.01241876914261,-14.7,0.0
8796856947,8796856948,17.78989757489052,-1.3999999999999986,0.0
8796856947,5240301944,70.25216818302617,-0.7000000000000028,0.0
8796856947,5240301962,13.105048722503312,0.20000000000000284,0.20000000000000284
8796856948,8796856947,17.78989757489052,1.3999999999999986,1.3999999999999986
8796856949,8828729106,1.5779572228566547,0.0,0.0
8796856949,5240301962,9.737283045847814,-0.19999999999999574,0.0
8796856949,5240301957,2.2628059793896913,0.0,0.0
8808818564,6447785890,10.77557886824401,1.0,1.0
8808818565,8808818566,8.855506032260582,-1.1999999999999957,0.0
8808818565,5240301113,39.8227819058712,0.4000000000000057,0.4000000000000057
8808818565,5240301944,21.51086625085158,0.0,0.0
8808818566,8808818565,8.855506032260582,1.1999999999999957,1.1999999999999957
8808818567,8808818571,17.439192733979752,-0.6000000000000014,0.0
8808818567,8828729110,39.355135267298174,2.6000000000000014,2.6000000000000014
8808818567,5240301947,5.3522190526907245,0.0,0.0
8808818570,5240301941,19.375907391371097,-1.0,0.0
8808818570,5240301947,17.736367587555357,1.1999999999999957,1.1999999999999957
8808818570,8808818571,5.144834816729095,0.5999999999999943,0.5999999999999943
8808818571,6447785657,18.39345692737886,-1.5999999999999943,0.0
8808818571,8808818567,17.439192733979752,0.6000000000000014,0.6000000000000014
8808818571,8808818570,5.144834816729095,-0.5999999999999943,0.0
8828729105,5240301957,2.0795916891905706,0.0,0.0
8828729105,8828729109,39.712534260209864,-1.6999999999999957,0.0
8828729105,8828729106,2.936464830664131,0.0,0.0
8828729106,8796856949,1.5779572228566547,0.0,0.0
8828729106,8828729110,36.28695508741471,-1.8999999999999986,0.0
8828729106,8828729105,2.936464830664131,0.0,0.0
8828729109,8828729105,39.71253426020986,1.6999999999999957,1.6999999999999957
8828729109,5240301947,40.325677039321484,-2.8000000000000043,0.0
8828729109,8828729110,4.542514275061771,-0.20000000000000284,0.0
8828729110,8808818567,39.35513526729818,-2.6000000000000014,0.0
8828729110,8828729106,36.28695508741471,1.8999999999999986,1.8999999999999986
8828729110,8828729109,4.542514275061771,0.20000000000000284,0.20000000000000284
9009445415,3803463102,88.35222675916567,-1.6999999999999957,0.0
9009445415,7755269987,52.34043227543195,-1.6999999999999957,0.0
9009445415,9269014796,53.54091527568072,3.0,3.0
9269014613,9269014615,20.37009236979429,0.30000000000000426,0.30000000000000426
9269014613,1302821812,41.05037773940141,-0.6999999999999957,0.0
9269014613,9269014614,19.027196651901402,0.10000000000000142,0.10000000000000142
9269014614,9269014613,19.027196651901402,-0.10000000000000142,0.0
9269014615,1302821901,43.52589314004043,0.7999999999999972,0.7999999999999972
9269014615,9269014613,20.37009236979429,-0.30000000000000426,0.0
9269014615,9269014616,16.500784371606454,0.3999999999999986,0.3999999999999986
9269014616,9269014615,16.500784371606454,-0.3999999999999986,0.0
9269014617,1302822442,52.24063738728249,0.3999999999999986,0.3999999999999986
9269014617,1302821354,51.82832473507572,0.0,0.0
9269014617,9269278099,4.842652362198423,0.0,0.0
9269014618,9269278099,19.33026150100472,-2.1000000000000014,0.0
9269014619,1302822332,26.230420002996958,-1.8999999999999986,0.0
9269014619,9269014620,29.178112627115073,1.0,1.0
9269014619,1302821559,32.00745524986171,2.3000000000000043,2.3000000000000043
9269014620,9269014619,29.178112627115073,-1.0,0.0
9269014796,3803463105,6.207918843980843,-0.29999999999999716,0.0
9269014796,3803463104,18.79180720323003,1.4000000000000057,1.4000000000000057
9269014796,9009445415,53.54091527568072,-3.0,0.0
9269014800,9269014802,36.73127627485679,-2.200000000000003,0.0
9269014802,461630519,85.22242731528479,-0.6999999999999957,0.0
9269014802,2187247054,127.69043390520633,3.3000000000000043,3.3000000000000043
9269014802,9269014800,36.73127627485679,2.200000000000003,2.200000000000003
9269014803,1471065425,13.916487367961997,-0.10000000000000142,0.0
9269014804,1471065425,11.593092589484701,-0.10000000000000142,0.0
9269014805,3803463104,19.50380141773978,-1.2999999999999972,0.0
9269014806,3803463104,24.388180414776816,-0.19999999999999574,0.0
9269014806,9269014807,28.917266247502255,2.5,2.5
9269014806,3803463102,110.8841152659613,-6.299999999999997,0.0
9269014807,9269014806,28.917266247502255,-2.5,0.0
9269014808,9269014809,35.30287144509204,-0.9000000000000057,0.0
9269014809,13076848004,55.77241841444054,3.6000000000000014,3.6000000000000014
9269014809,1302821479,30.856940709194355,-1.6999999999999957,0.0
9269014809,9269014808,35.30287144509204,0.9000000000000057,0.9000000000000057
9269014820,1302821354,50.83046066333606,-0.7000000000000028,0.0
9269014820,13076848002,83.79927114476817,-1.1000000000000014,0.0
9269014820,9269278077,3.926526699886367,0.10000000000000142,0.10000000000000142
9269014822,9269278077,24.092058779538174,0.4000000000000057,0.4000000000000057
9269014823,1302821937,38.16688084587806,-2.299999999999997,0.0
9269014824,9269014825,32.98635641729176,-2.799999999999997,0.0
9269014825,1302822844,58.00463025417566,1.2999999999999972,1.2999999999999972
9269014825,1302821937,25.8482983540648,-0.6000000000000014,0.0
9269014825,9269014824,32.98635641729176,2.799999999999997,2.799999999999997
9269014825,9269014826,16.926250315828657,0.29999999999999716,0.29999999999999716
9269014826,9269014825,16.926250315828657,-0.29999999999999716,0.0
9269015100,4019720181,12.903401574996384,-0.10000000000000142,0.0
9269072324,1302821431,74.69702737365401,-1.0,0.0
9269072324,13076848007,32.832985965740576,0.3999999999999986,0.3999999999999986
9269072324,9269072326,87.80259800731078,0.7999999999999972,0.7999999999999972
9269072326,1302821431,17.844727893203533,-1.7999999999999972,0.0
9269072326,1303152231,30.430878922334884,1.3000000000000043,1.3000000000000043
9269072326,9269072324,87.80259800731078,-0.7999999999999972,0.0
9269072326,9269072328,163.22276848218505,-0.19999999999999574,0.0
9269072328,1471065529,19.970367363931317,-1.5,0.0
9269072328,1302823040,37.74590872548254,2.6000000000000014,2.6000000000000014
9269072328,9269072326,163.22276848218505,0.19999999999999574,0.19999999999999574
9269072329,9269072330,7.315316779057805,0.0,0.0
9269072330,9269072329,7.315316779057805,0.0,0.0
9269072330,9269072331,6.490673235953722,0.0,0.0
9269072330,9269072332,34.899545589062825,-0.8999999999999986,0.0
9269072331,9269072330,6.490673235953722,0.0,0.0
9269072332,1471065529,53.889848608846165,5.200000000000003,5.200000000000003
9269072332,9269072330,34.899545589062825,0.8999999999999986,0.8999999999999986
9269072332,1302823140,54.32739629456213,-3.5,0.0
9269072672,2598709700,31.17119295101624,-0.29999999999999716,0.0
9269278071,9269278077,99.2587060709121,3.700000000000003,3.700000000000003
9269278077,9269014820,3.926526699886367,-0.10000000000000142,0.0
9269278077,9269014822,24.092058779538174,-0.4000000000000057,0.0
9269278077,9269278071,99.2587060709121,-3.700000000000003,0.0
9269278077,9269278079,83.77854578984093,-1.5,0.0
9269278079,13076848002,4.747663570267311,0.29999999999999716,0.29999999999999716
9269278079,9269278077,83.77854578984093,1.5,1.5
9269278079,13076848004,5.481388174170737,-0.30000000000000426,0.0
9269278081,9269278082,2.6174832769926573,-0.09999999999999432,0.0
9269278082,9269278081,2.6174832769926573,0.09999999999999432,0.09999999999999432
9269278082,13076848002,4.985151679778385,-0.20000000000000284,0.0
9269278082,9269278089,181.86739776740757,5.899999999999999,5.899999999999999
9269278089,9269278082,181.86739776740757,-5.899999999999999,0.0
9269278094,9269278099,101.71675376890659,-5.600000000000001,0.0
9269278099,9269014617,4.842652362198423,0.0,0.0
9269278099,9269014618,19.33026150100472,2.1000000000000014,2.1000000000000014
9269278099,9269278094,101.71675376890657,5.600000000000001,5.600000000000001
9269278099,9269278101,48.66949233905904,0.3999999999999986,0.3999999999999986
9269278101,9269278099,48.66949233905904,-0.3999999999999986,0.0
9269278113,13076852447,71.25401388330665,-3.0,0.0
9269278311,2598709705,16.193378200515866,-0.7999999999999972,0.0
9269278325,2187247078,10.111323769035213,0.3999999999999986,0.3999999999999986
9269278325,9269278326,14.221992139567188,0.3999999999999986,0.3999999999999986
9269278325,2187247073,20.514826366447803,-0.7999999999999972,0.0
9269278326,9269278325,14.221992139567188,-0.3999999999999986,0.0
9269278327,2187247132,50.30163848585808,-0.6000000000000014,0.0
9269278327,9269278328,20.50073360695505,0.09999999999999432,0.09999999999999432
9269278327,1302821453,121.52341053038191,4.799999999999997,4.799999999999997
9269278328,9269278327,20.50073360695505,-0.09999999999999432,0.0
9269278329,1302822001,39.622524037864615,-0.7999999999999972,0.0
9269278329,2187247132,28.478677642390455,2.8000000000000043,2.8000000000000043
9269278329,9269278331,39.41098824312222,1.5,1.5
9269278331,9269278329,39.41098824312222,-1.5,0.0
9269278332,9269423103,22.0735021644365,-0.5,0.0
9269278333,1302822001,59.5974963034896,-1.3999999999999986,0.0
9269278333,9269423057,4.4707957268054335,0.10000000000000142,0.10000000000000142
9269278333,1302821441,71.81096432940554,5.0,5.0
9269278334,9269423057,25.13253158726015,-2.299999999999997,0.0
9269278419,1302821294,48.93342167241059,-0.5,0.0
9269278419,1302821441,91.37026177110177,-1.3000000000000043,0.0
9269278419,9269422735,3.829323880893198,0.09999999999999432,0.09999999999999432
9269278421,9269422735,48.69997602737202,-3.8000000000000043,0.0
9269278677,1302821747,39.867309633276165,-1.8999999999999986,0.0
9269278677,9269278678,22.730704137965958,0.20000000000000284,0.20000000000000284
9269278677,1302822154,128.96958048483123,10.200000000000003,10.200000000000003
9269278678,9269278677,22.730704137965958,-0.20000000000000284,0.0
9269278679,1302821747,31.439597658986973,1.2000000000000028,1.2000000000000028
9269278679,1302822618,37.29877672209612,-1.0999999999999943,0.0
9269278679,9269278680,18.831716832886134,1.5,1.5
9269278680,9269278679,18.831716832886134,-1.5,0.0
9269422085,9269422090,23.583002202160046,-1.5,0.0
9269422085,9269422097,16.879237357649966,-2.1000000000000014,0.0
9269422085,9269422104,16.217072273202845,0.5,0.5
9269422090,9269422096,4.092762464565953,0.19999999999999574,0.19999999999999574
9269422090,9269422085,23.583002202160046,1.5,1.5
9269422090,9269422097,19.61734323147714,-0.6000000000000014,0.0
9269422091,1302822038,53.01342460439973,-4.799999999999997,0.0
9269422091,9269422097,8.055037603194194,0.6000000000000014,0.6000000000000014
9269422091,1302821823,10.846806997666805,0.5,0.5
9269422096,9269422090,4.092762464565953,-0.19999999999999574,0.0
9269422097,9269422091,8.055037603194194,-0.6000000000000014,0.0
9269422097,9269422090,19.617343231477143,0.6000000000000014,0.6000000000000014
9269422097,9269422085,16.879237357649966,2.1000000000000014,2.1000000000000014
9269422104,9269422085,16.21707227320284,-0.5,0.0
9269422105,1302821823,42.497911399975195,-2.8000000000000043,0.0
9269422105,4020938297,5.892877086561688,0.19999999999999574,0.19999999999999574
9269422105,9269422106,6.775566446368566,0.09999999999999432,0.09999999999999432
9269422106,9269422105,6.775566446368566,-0.09999999999999432,0.0
9269422733,9269422735,88.88362159565304,1.3999999999999986,1.3999999999999986
9269422735,9269278419,3.829323880893198,-0.09999999999999432,0.0
9269422735,9269278421,48.69997602737202,3.8000000000000043,3.8000000000000043
9269422735,9269422733,88.88362159565304,-1.3999999999999986,0.0
9269422735,9269422742,111.8944066012109,6.5,6.5
9269422742,9269422735,111.89440660121092,-6.5,0.0
9269422923,1302821453,36.64946242895842,-4.0,0.0
9269422923,1302821179,104.19191178269166,1.5999999999999943,1.5999999999999943
9269422923,9269422924,37.205161426282395,1.0,1.0
9269422924,9269422923,37.205161426282395,-1.0,0.0
9269423055,9269423057,58.35740486509785,1.5,1.5
9269423057,9269278333,4.4707957268054335,-0.10000000000000142,0.0
9269423057,9269278334,25.13253158726015,2.299999999999997,2.299999999999997
9269423057,9269423055,58.35740486509785,-1.5,0.0
9269423057,9269423062,66.48088505184575,4.799999999999997,4.799999999999997
9269423062,9269423057,66.48088505184575,-4.799999999999997,0.0
9269423070,13076852448,210.6589325768692,-1.8000000000000043,0.0
9269423084,13076852407,61.82720534817542,0.7000000000000028,0.7000000000000028
9269423100,13076852405,32.97748556064012,-0.3999999999999986,0.0
9269423101,9269423103,69.52710696926113,-0.6999999999999957,0.0
9269423103,1302822872,5.388954124129563,-0.10000000000000142,0.0
9269423103,9269278332,22.0735021644365,0.5,0.5
9269423103,9269423101,69.52710696926113,0.6999999999999957,0.6999999999999957
9269423103,9269423111,170.53683740128056,-8.100000000000001,0.0
9269423111,9269423103,170.5368374012806,8.100000000000001,8.100000000000001
9269585406,9269585408,28.465829570134623,0.3999999999999986,0.3999999999999986
9269585408,13076848008,4.8368925256833855,0.0,0.0
9269585408,9269585406,28.465829570134623,-0.3999999999999986,0.0
9269585408,13076852505,7.2476607302598115,-0.10000000000000142,0.0
9269585410,9269585412,28.635306888584065,0.5,0.5
9269585412,13076848008,3.9477268064743676,-0.10000000000000142,0.0
9269585412,9269585410,28.635306888584065,-0.5,0.0
9269585412,13076848007,7.343040648670936,-0.30000000000000426,0.0
9269585414,9269585416,34.83128714623293,2.1000000000000014,2.1000000000000014
9269585416,13076848009,4.008777878776071,-0.10000000000000142,0.0
9269585416,9269585414,34.83128714623293,-2.1000000000000014,0.0
9269585416,13076848007,8.205813736392013,0.19999999999999574,0.19999999999999574
9269611221,13076848009,4.989625967213643,-0.10000000000000142,0.0
9269611221,13076852505,7.046674467918365,0.29999999999999716,0.29999999999999716
9269611221,9269611224,61.14868217849569,-4.900000000000006,0.0
9269611224,9269611221,61.14868217849569,4.900000000000006,4.900000000000006
9791175836,908108531,8.775269235858765,0.10000000000000142,0.10000000000000142
9791175836,908108541,55.7425288858688,-0.3999999999999986,0.0
9933290457,2555242414,18.779667152578554,0.30000000000000426,0.30000000000000426
9933290457,10742965966,6.340839875217455,0.0,0.0
9933290457,2555365272,7.011528104829865,0.10000000000000142,0.10000000000000142
9933290458,2555242407,93.69108553130503,-0.5999999999999943,0.0
9933290458,7368660737,37.583212587666594,0.30000000000000426,0.30000000000000426
9933290458,2555365273,5.4211914367185265,0.20000000000000284,0.20000000000000284
9983566978,10701779850,20.010996419777747,-0.3999999999999986,0.0
9983566978,3084725044,38.14712756016678,1.3000000000000007,1.3000000000000007
9983566978,6452247884,170.97902511808087,-6.099999999999998,0.0
9983566987,8796851724,4.994902576815851,-0.10000000000000142,0.0
9983566987,8796851739,22.039026096082537,-5.200000000000003,0.0
9983566987,8796851743,58.9568053619866,0.0,0.0
9983566999,2268370313,32.93079577875314,-0.20000000000000284,0.0
9983566999,8796851728,30.80159124304408,0.3999999999999986,0.3999999999999986
9983566999,8796851727,34.584970572351594,-0.5,0.0
9983573421,2268370369,4.9599690011117294,-0.10000000000000142,0.0
9983573421,2268370361,30.416033852224047,3.0,3.0
9983573421,8796848789,36.558597695956045,3.5,3.5
9983573432,2268359415,10.150280098388228,-1.0,0.0
9983573432,2136811391,15.180376102542704,2.1000000000000014,2.1000000000000014
9983573432,2268363053,169.69071692039094,10.399999999999999,10.399999999999999
9983573434,2136811387,6.259532817752502,-0.20000000000000284,0.0
9983573434,2139647408,56.98737197020775,0.29999999999999716,0.29999999999999716
9983573434,2268363053,32.088295472325676,-0.20000000000000284,0.0
9983573435,10937054770,4.437350011463612,0.0,0.0
9983573435,9983573436,94.35468601634577,7.100000000000001,7.100000000000001
9983573435,1303244391,24.40210847765618,-1.2000000000000028,0.0
9983573436,9983573435,94.35468601634577,-7.100000000000001,0.0
9983573438,2268371097,29.832177194823196,-2.3999999999999986,0.0
9983573465,2552572600,139.46199541395666,-0.10000000000000142,0.0
9983573480,6452247878,14.055230695354043,-0.10000000000000142,0.0
9983573480,10730038646,23.04079923627207,0.10000000000000142,0.10000000000000142
9983573480,9983573482,87.36795825714613,0.30000000000000426,0.30000000000000426
9983573482,6452250094,8.115491960818195,0.0,0.0
9983573482,9983573484,61.27632966162675,-2.700000000000003,0.0
9983573482,9983573480,87.36795825714613,-0.30000000000000426,0.0
9983573484,9983573485,26.528304532654815,-3.0,0.0
9983573484,1303246213,9.209605404935466,0.3999999999999986,0.3999999999999986
9983573484,9983573482,61.27632966162675,2.700000000000003,2.700000000000003
9983573485,9983573484,26.528304532654815,3.0,3.0
9983573485,9983573486,19.40675415995874,0.29999999999999716,0.29999999999999716
9983573485,9983573488,149.7097757521566,-1.7000000000000028,0.0
9983573486,9983573485,19.40675415995874,-0.29999999999999716,0.0
9983573486,1303246213,30.95975040530041,3.1000000000000014,3.1000000000000014
9983573486,9983573494,135.44283116429514,1.2000000000000028,1.2000000000000028
9983573488,9983573491,5.2588334392197975,0.10000000000000142,0.10000000000000142
9983573488,10721114739,5.074076629549691,0.10000000000000142,0.10000000000000142
9983573488,9983573485,149.7097757521566,1.7000000000000028,1.7000000000000028
9983573491,9983573488,5.2588334392197975,-0.10000000000000142,0.0
9983573491,10721114740,8.824204954417139,0.10000000000000142,0.10000000000000142
9983573491,10723431996,172.1729697052221,-6.399999999999999,0.0
9983573494,9983573486,135.44283116429514,-1.2000000000000028,0.0
9983573496,9983573497,5.317543998607644,0.0,0.0
9983573496,10721114741,8.736231664406722,0.20000000000000284,0.20000000000000284
9983573496,9983573509,102.39428469290601,-2.1999999999999957,0.0
9983573497,9983573496,5.317543998607644,0.0,0.0
9983573497,10721114734,6.253201034990628,0.0,0.0
9983573497,9983573499,83.19653339829456,0.6000000000000014,0.6000000000000014
9983573499,9983573500,3.4449756868755257,0.10000000000000142,0.10000000000000142
9983573499,10721114726,4.567279622129604,0.10000000000000142,0.10000000000000142
9983573499,9983573497,83.19653339829456,-0.6000000000000014,0.0
9983573500,9983573499,3.4449756868755257,-0.10000000000000142,0.0
9983573500,10721114725,8.132654034603787,0.10000000000000142,0.10000000000000142
9983573500,10721114723,46.85505241947321,-0.5,0.0
9983573505,10721114700,3.7458320646752474,0.10000000000000142,0.10000000000000142
9983573505,9983573509,41.96945292251454,-0.3999999999999986,0.0
9983573505,10721114723,102.1038754801257,2.0,2.0
9983573509,5466265990,8.71879129220854,-0.3999999999999986,0.0
9983573509,9983573496,102.39428469290601,2.1999999999999957,2.1999999999999957
9983573509,9983573505,41.96945292251454,0.3999999999999986,0.3999999999999986
9983573524,10721102941,4.233441454084108,0.0,0.0
9983573524,10721102974,39.9236893203365,-0.09999999999999432,0.0
9983573524,10721114608,136.2024375740324,-0.5,0.0
9983573537,9983573555,4.170608994016021,0.0,0.0
9983573537,8411254516,48.569924187746416,-0.5,0.0
9983573537,10721114724,54.973967696821425,-0.20000000000000284,0.0
9983573537,10721114668,83.71570818122855,-0.20000000000000284,0.0
9983573542,9983573555,4.398612453301351,0.0,0.0
9983573542,10721114671,85.021711244939,-0.30000000000000426,0.0
9983573542,10721114699,55.161123749535626,-0.10000000000000142,0.0
9983573542,2637060769,5.669423625409612,0.3999999999999986,0.3999999999999986
9983573551,9983573552,2.3536436600975157,-0.09999999999999432,0.0
9983573551,9983573556,53.30969429515515,0.6000000000000014,0.6000000000000014
9983573551,10721114730,4.814732226079704,0.10000000000000142,0.10000000000000142
9983573552,9983573551,2.3536436600975157,0.09999999999999432,0.09999999999999432
9983573552,10721114725,9.440071098782877,-0.10000000000000142,0.0
9983573552,10721114699,46.39538049293956,-0.7000000000000028,0.0
9983573555,10721114667,84.03749431404057,-0.20000000000000284,0.0
9983573555,10721114720,55.002069758466625,-0.20000000000000284,0.0
9983573555,9983573537,4.170608994016021,0.0,0.0
9983573555,9983573542,4.398612453301351,0.0,0.0
9983573556,9983573551,53.30969429515515,-0.6000000000000014,0.0
9983573556,10723483826,12.477212075968506,-0.19999999999999574,0.0
9983573556,2637060775,12.59070262863242,0.10000000000000142,0.10000000000000142
10269783367,10269783368,4.433355094356007,0.10000000000000142,0.10000000000000142
10269783367,10269783372,4.824932032019175,0.10000000000000142,0.10000000000000142
10269783367,8411254506,149.27145267672833,0.10000000000000142,0.10000000000000142
10269783368,739474128,8.619120651235901,0.09999999999999432,0.09999999999999432
10269783368,10721114680,6.658552705782947,0.0,0.0
10269783368,10269783367,4.433355094356007,-0.10000000000000142,0.0
10269783368,10721102997,179.25459865011194,-0.4000000000000057,0.0
10269783370,10269783371,9.123893391967908,0.09999999999999432,0.09999999999999432
10269783370,10721114634,3.4827102682446505,0.0,0.0
10269783370,8411254516,78.86139563012374,-0.10000000000000142,0.0
10269783371,2245132927,78.757600936631,-0.19999999999999574,0.0
10269783371,739474128,8.396410471978209,0.0,0.0
10269783371,10269783372,6.369702702403222,-0.09999999999999432,0.0
10269783371,10269783370,9.123893391967908,-0.09999999999999432,0.0
10269783372,8411254514,27.492034728299796,0.19999999999999574,0.19999999999999574
10269783372,10269783371,6.369702702403222,0.09999999999999432,0.09999999999999432
10269783372,10269783367,4.824932032019174,-0.10000000000000142,0.0
10310178222,10310178223,4.711035931537621,-0.3999999999999986,0.0
10310178223,10310178225,18.189270720398202,-0.10000000000000142,0.0
10310178223,10310178222,4.711035931537621,0.3999999999999986,0.3999999999999986
10310178223,8411254506,8.17360366936672,0.10000000000000142,0.10000000000000142
10310178224,10310178225,4.261089921665952,-0.5,0.0
10310178225,10310178223,18.189270720398202,0.10000000000000142,0.10000000000000142
10310178225,10310178224,4.261089921665952,0.5,0.5
10310178225,10721114618,25.16691000039476,-0.20000000000000284,0.0
10310178226,10310178243,2.5168473320275635,-0.10000000000000142,0.0
10310178226,10721102996,83.53606839084662,1.8999999999999986,1.8999999999999986
10310178226,10310178229,56.20178149313333,3.1000000000000014,3.1000000000000014
10310178229,10310178226,56.20178149313333,-3.1000000000000014,0.0
10310178243,10310178226,2.5168473320275635,0.10000000000000142,0.10000000000000142
10310178243,10310879492,50.12255721694355,2.0,2.0
10310879492,6452362832,22.29906714696169,0.0,0.0
10310879492,10310178243,50.122557216943555,-2.0,0.0
10310879492,2245132743,12.885320759626243,3.0,3.0
10310879492,2245132743,53.46475785334602,3.0,3.0
10544476496,10701779850,3.033475060431815,-0.1999999999999993,0.0
10605937411,7368660732,14.470022213835412,-0.10000000000000142,0.0
10605937411,2575577290,15.707040960417903,0.20000000000000284,0.20000000000000284
10605937411,2592759427,165.23209343701348,-6.299999999999997,0.0
10624985148,10624985151,17.9978540329383,0.09999999999999787,0.09999999999999787
10624985150,10624985151,31.16712017980099,-0.10000000000000142,0.0
10624985150,10721114682,197.62176241279718,9.600000000000001,9.600000000000001
10624985151,10624985148,17.9978540329383,-0.09999999999999787,0.0
10624985151,10624985150,31.16712017980099,0.10000000000000142,0.10000000000000142
10624985151,8411280185,48.015728289926116,1.1000000000000014,1.1000000000000014
10701763039,10701763041,19.851068944424096,-2.1000000000000014,0.0
10701763041,2139637635,35.89837893020714,0.0,0.0
10701763041,2139628835,109.50732902187627,0.5999999999999996,0.5999999999999996
10701763041,10701763039,19.851068944424096,2.1000000000000014,2.1000000000000014
10701779847,10701779850,37.27096607909757,-0.8000000000000007,0.0
10701779850,10544476496,3.033475060431815,0.1999999999999993,0.1999999999999993
10701779850,9983566978,20.010996419777747,0.3999999999999986,0.3999999999999986
10701779850,10701779847,37.270966079097576,0.8000000000000007,0.8000000000000007
10709340457,1303245715,47.69403900088409,0.29999999999999893,0.29999999999999893
10709340457,10709340459,14.493759115476838,-0.20000000000000107,0.0
10709340459,10709340457,14.493759115476838,0.20000000000000107,0.20000000000000107
10709340459,10709340461,13.9062134744763,-0.1999999999999993,0.0
10709340461,10709340459,13.9062134744763,0.1999999999999993,0.1999999999999993
10709340461,1303245797,46.962469514521864,-0.40000000000000036,0.0
10712492257,8411280161,38.17869105197041,0.0,0.0
10712492262,1617305622,10.306983280310638,0.20000000000000284,0.20000000000000284
10712492262,10712492270,6.159128150302087,-0.09999999999999787,0.0
10712492262,10712492263,14.03611373368979,0.0,0.0
10712492263,1617305664,10.478187171823507,0.20000000000000284,0.20000000000000284
10712492263,10712492262,14.03611373368979,0.0,0.0
10712492263,10712492267,9.485909566225892,-0.09999999999999787,0.0
10712492264,1617305664,10.835030581146734,0.10000000000000142,0.10000000000000142
10712492264,10712492268,8.850397207335776,-0.10000000000000142,0.0
10712492264,10712492280,8.092050505098806,0.0,0.0
10712492265,10712492266,14.041099308591885,-0.10000000000000142,0.0
10712492265,1617305664,12.23953780443499,-0.3999999999999986,0.0
10712492265,10712492280,13.014033706841525,-0.5,0.0
10712492265,10723431994,118.84572214699432,3.0,3.0
10712492266,1617305622,12.276695472342292,-0.29999999999999716,0.0
10712492266,10712492265,14.041099308591885,0.10000000000000142,0.10000000000000142
10712492266,10712492269,5.920671425876214,-0.09999999999999787,0.0
10712492266,10723431995,118.77334545497921,3.0,3.0
10712492267,10712492263,9.485909566225892,0.09999999999999787,0.09999999999999787
10712492267,10712492268,2.2022059232819915,0.09999999999999787,0.09999999999999787
10712492268,10712492264,8.850397207335776,0.10000000000000142,0.10000000000000142
10712492268,10712492267,2.2022059232819915,-0.09999999999999787,0.0
10712492269,10712492266,5.920671425876214,0.09999999999999787,0.09999999999999787
10712492269,10712492270,22.523494922557585,-0.5,0.0
10712492269,10723431997,118.74006733138155,3.099999999999998,3.099999999999998
10712492270,10712492262,6.159128150302087,0.09999999999999787,0.09999999999999787
10712492270,10712492269,22.523494922557585,0.5,0.5
10712492273,1617305624,28.424426313039056,0.0,0.0
10712492273,10712492280,41.41136610179827,0.6000000000000014,0.6000000000000014
10712492280,10712492264,8.092050505098806,0.0,0.0
10712492280,10712492273,41.41136610179827,-0.6000000000000014,0.0
10712492280,10712492265,13.014033706841525,0.5,0.5
10721102909,2245132845,28.8412846685154,3.9000000000000057,3.9000000000000057
10721102909,4070941388,53.49055148156298,-0.5999999999999943,0.0
10721102909,4070941383,43.212716431154824,0.8000000000000043,0.8000000000000043
10721102915,461629494,9.887934680942935,0.0,0.0
10721102915,10721102936,7.289675586127169,-0.09999999999999432,0.0
10721102915,10721102916,11.34814962560156,0.0,0.0
10721102915,10736725967,566.3162013464712,-3.5999999999999943,0.0
10721102916,461629493,9.447122075145332,0.0,0.0
10721102916,10721102915,11.34814962560156,0.0,0.0
10721102916,10721102929,7.504389096959371,0.0,0.0
10721102916,10736725966,568.8923018847418,-3.5,0.0
10721102917,461629493,11.870864368039197,0.19999999999999574,0.19999999999999574
10721102917,10721102954,6.879540026746311,0.10000000000000142,0.10000000000000142
10721102917,10721102918,9.88852851295133,0.10000000000000142,0.10000000000000142
10721102917,10721102947,119.32343914442939,1.1000000000000014,1.1000000000000014
10721102918,461630334,12.148662799086988,0.09999999999999432,0.09999999999999432
10721102918,10721102917,9.88852851295133,-0.10000000000000142,0.0
10721102918,10721102981,6.114988093163083,0.0,0.0
10721102918,10721102946,119.10672112059648,1.0,1.0
10721102919,461630334,8.835216485714387,-0.10000000000000142,0.0
10721102919,10721102979,9.428584071516605,-0.10000000000000142,0.0
10721102919,10721102920,12.37991730504351,0.0,0.0
10721102919,1695820899,113.00548483531298,0.3999999999999986,0.3999999999999986
10721102920,461630335,9.114877627241396,-0.10000000000000142,0.0
10721102920,10721102919,12.37991730504351,0.0,0.0
10721102920,10721102924,9.062697055222014,-0.10000000000000142,0.0
10721102921,461630335,10.800740684950467,0.19999999999999574,0.19999999999999574
10721102921,10721102928,6.913435416521123,0.10000000000000142,0.10000000000000142
10721102921,10721102922,8.802322130741885,0.0,0.0
10721102921,916037104,146.39901888904026,-3.3000000000000043,0.0
10721102922,461629494,11.746173292876433,0.19999999999999574,0.19999999999999574
10721102922,10721102921,8.802322130741885,0.0,0.0
10721102922,10721102931,6.8473387923424545,-0.10000000000000142,0.0
10721102922,916037148,146.22202394405923,-3.3000000000000043,0.0
10721102924,10721102920,9.062697055222014,0.10000000000000142,0.10000000000000142
10721102924,10721102928,2.5431335798241985,-0.09999999999999432,0.0
10721102924,10738873073,191.32044047934014,-1.2999999999999972,0.0
10721102926,10721102928,4.787361946721665,0.10000000000000142,0.10000000000000142
10721102928,10721102921,6.913435416521123,-0.10000000000000142,0.0
10721102928,10721102924,2.5431335798241985,0.09999999999999432,0.09999999999999432
10721102928,10721102926,4.787361946721665,-0.10000000000000142,0.0
10721102929,10721102916,7.504389096959371,0.0,0.0
10721102929,7099852074,211.1981935641974,-6.699999999999996,0.0
10721102929,10721102954,5.326438668451797,-0.09999999999999432,0.0
10721102930,10721102931,1.530079103443468,0.0,0.0
10721102931,10721102922,6.8473387923424545,0.10000000000000142,0.10000000000000142
10721102931,10721102930,1.530079103443468,0.0,0.0
10721102931,10721102936,5.869365892107322,0.20000000000000284,0.20000000000000284
10721102936,10721102915,7.289675586127169,0.09999999999999432,0.09999999999999432
10721102936,10721102931,5.869365892107323,-0.20000000000000284,0.0
10721102936,7099852077,193.47571561501385,-5.800000000000004,0.0
10721102941,1695820964,9.919113354621441,0.10000000000000142,0.10000000000000142
10721102941,10721114642,4.347256044391952,0.0,0.0
10721102941,9983573524,4.233441454084108,0.0,0.0
10721102941,10721102999,128.68475604786403,-0.5,0.0
10721102942,739474126,7.464233455762226,0.0,0.0
10721102942,1728170005,23.81779723268299,0.9000000000000057,0.9000000000000057
10721102942,10721102960,4.295961810115063,0.0,0.0
10721102942,4070941395,3.816197441237905,0.0,0.0
10721102943,739474126,10.45345759849893,-0.20000000000000284,0.0
10721102943,10721102962,5.051539640908182,-0.10000000000000142,0.0
10721102943,10721102944,8.968941971928466,0.0,0.0
10721102943,10721114729,142.29074877608883,0.8999999999999986,0.8999999999999986
10721102944,739474127,10.602671922238303,-0.20000000000000284,0.0
10721102944,10721102943,8.968941971928466,0.0,0.0
10721102944,10721102964,5.738952616324605,-0.10000000000000142,0.0
10721102944,10721114730,141.01476278658026,0.8999999999999986,0.8999999999999986
10721102945,1695820964,42.967984803116934,0.19999999999999574,0.19999999999999574
10721102945,739474127,8.407523126584568,0.09999999999999432,0.09999999999999432
10721102945,10721102974,9.150318649296603,0.0,0.0
10721102945,10721102967,8.28345777811022,0.09999999999999432,0.09999999999999432
10721102946,739474127,10.66265027739749,0.09999999999999432,0.09999999999999432
10721102946,10721102975,6.070982757951546,0.0,0.0
10721102946,10721102947,8.729290353335571,0.0,0.0
10721102946,10721102918,119.10672112059645,-1.0,0.0
10721102947,739474126,10.453056749493234,0.09999999999999432,0.09999999999999432
10721102947,10721102946,8.729290353335571,0.0,0.0
10721102947,10721102948,5.737695831791918,0.19999999999999574,0.19999999999999574
10721102947,10721102917,119.3234391444294,-1.1000000000000014,0.0
10721102948,10721102947,5.737695831791918,-0.19999999999999574,0.0
10721102948,10721102954,119.56240956767806,-1.1999999999999957,0.0
10721102948,10721102960,6.758075649083026,-0.10000000000000142,0.0
10721102954,10721102917,6.879540026746311,-0.10000000000000142,0.0
10721102954,10721102929,5.326438668451797,0.09999999999999432,0.09999999999999432
10721102954,10721102948,119.56240956767806,1.1999999999999957,1.1999999999999957
10721102960,10721102942,4.295961810115063,0.0,0.0
10721102960,10721102961,23.83278731499262,0.9000000000000057,0.9000000000000057
10721102960,10721102948,6.758075649083026,0.10000000000000142,0.10000000000000142
10721102961,1728170005,4.521806580631394,0.0,0.0
10721102961,10721102960,23.83278731499262,-0.9000000000000057,0.0
10721102961,1728170001,158.0491178678606,1.1999999999999957,1.1999999999999957
10721102962,10721102943,5.051539640908182,0.10000000000000142,0.10000000000000142
10721102962,4070941395,6.97510674177731,-0.10000000000000142,0.0
10721102962,2639302705,62.87779155127144,1.0,1.0
10721102964,10721102944,5.738952616324605,0.10000000000000142,0.10000000000000142
10721102964,10723483826,75.61921896773273,1.3000000000000043,1.3000000000000043
10721102964,10721102967,3.824783098973799,-0.10000000000000142,0.0
10721102967,10721102945,8.28345777811022,-0.09999999999999432,0.0
10721102967,10721102964,3.824783098973799,0.10000000000000142,0.10000000000000142
10721102967,10721114671,38.765100756117604,0.0,0.0
10721102974,10721102945,9.150318649296603,0.0,0.0
10721102974,10721102975,2.809125713749531,0.0,0.0
10721102974,9983573524,39.9236893203365,0.09999999999999432,0.09999999999999432
10721102975,10721102946,6.070982757951546,0.0,0.0
10721102975,10721102981,119.56195938784977,-1.0,0.0
10721102975,10721102974,2.809125713749531,0.0,0.0
10721102979,10721102919,9.428584071516605,0.10000000000000142,0.10000000000000142
10721102979,10721102984,100.83969128731326,0.4000000000000057,0.4000000000000057
10721102979,10721102981,4.1316213264289665,-0.09999999999999432,0.0
10721102981,10721102918,6.114988093163083,0.0,0.0
10721102981,10721102979,4.1316213264289665,0.09999999999999432,0.09999999999999432
10721102981,10721102975,119.56195938784977,1.0,1.0
10721102983,10721102998,38.835943609651515,0.19999999999999574,0.19999999999999574
10721102983,1695820899,9.23983196490512,0.19999999999999574,0.19999999999999574
10721102983,10721102984,12.14903723938923,0.10000000000000142,0.10000000000000142
10721102983,10721102996,10.219936966764841,-0.10000000000000142,0.0
10721102984,10721102983,12.14903723938923,-0.10000000000000142,0.0
10721102984,10721103004,40.27071632802,0.0,0.0
10721102984,10721102979,100.83969128731324,-0.4000000000000057,0.0
10721102996,10721102983,10.219936966764841,0.10000000000000142,0.10000000000000142
10721102996,10721103003,39.69297999837264,0.29999999999999716,0.29999999999999716
10721102996,10310178226,83.53606839084662,-1.8999999999999986,0.0
10721102997,1695820921,9.248716331381857,0.0,0.0
10721102997,10721103002,5.864337217183117,0.0,0.0
10721102997,10721114618,7.057628921752585,0.0,0.0
10721102997,10269783368,179.25459865011194,0.4000000000000057,0.4000000000000057
10721102998,1695820921,9.301626822772183,0.0,0.0
10721102998,10721102983,38.835943609651515,-0.19999999999999574,0.0
10721102998,10721103003,7.47773146896263,0.0,0.0
10721102998,10721103004,7.833318827774887,-0.09999999999999432,0.0
10721102999,1695820921,9.896986583984386,0.0,0.0
10721102999,10721114608,4.3968713434705045,0.0,0.0
10721102999,10721114606,5.256133331680802,0.0,0.0
10721102999,10721102941,128.68475604786403,0.5,0.5
10721103000,10721114630,66.69178314711974,0.30000000000000426,0.30000000000000426
10721103000,1695820921,8.350466080023136,-0.10000000000000142,0.0
10721103000,10721114654,7.99253449585417,-0.10000000000000142,0.0
10721103000,10721114614,7.6889731329248265,-0.10000000000000142,0.0
10721103002,10721102997,5.864337217183117,0.0,0.0
10721103002,10721114680,164.41011829242254,0.4000000000000057,0.4000000000000057
10721103002,10721114614,3.273732543036499,0.0,0.0
10721103003,10721102998,7.47773146896263,0.0,0.0
10721103003,10721114618,2.544039499464927,0.0,0.0
10721103003,10721102996,39.69297999837264,-0.29999999999999716,0.0
10721103004,10721102998,7.833318827774887,0.09999999999999432,0.09999999999999432
10721103004,10721114608,6.0270244663437795,0.09999999999999432,0.09999999999999432
10721103004,10721102984,40.27071632802,0.0,0.0
10721114606,10721102999,5.256133331680802,0.0,0.0
10721114606,10721114642,122.60938121987813,0.5,0.5
10721114606,10721114654,3.4563766893512256,0.0,0.0
10721114608,10721102999,4.3968713434705045,0.0,0.0
10721114608,9983573524,136.2024375740324,0.5,0.5
10721114608,10721103004,6.02702446634378,-0.09999999999999432,0.0
10721114614,10721103000,7.6889731329248265,0.10000000000000142,0.10000000000000142
10721114614,10721103002,3.273732543036499,0.0,0.0
10721114614,10721114633,66.76215617132932,0.30000000000000426,0.30000000000000426
10721114618,10721102997,7.057628921752585,0.0,0.0
10721114618,10310178225,25.16691000039476,0.20000000000000284,0.20000000000000284
10721114618,10721103003,2.544039499464927,0.0,0.0
10721114630,739474128,10.308173386160604,0.09999999999999432,0.09999999999999432
10721114630,10721103000,66.69178314711974,-0.30000000000000426,0.0
10721114630,10721114633,5.9443309118194625,-0.10000000000000142,0.0
10721114630,10721114657,8.48941754807728,0.0,0.0
10721114631,739474128,10.353732100509461,0.19999999999999574,0.19999999999999574
10721114631,1695820964,52.311129619415205,0.29999999999999716,0.29999999999999716
10721114631,10721114660,8.562014328252548,0.10000000000000142,0.10000000000000142
10721114631,10721114634,6.8601258747250125,0.10000000000000142,0.10000000000000142
10721114633,10721114630,5.9443309118194625,0.10000000000000142,0.10000000000000142
10721114633,10721114614,66.76215617132932,-0.30000000000000426,0.0
10721114633,10721114680,3.1813085836663184,0.10000000000000142,0.10000000000000142
10721114634,10721114631,6.8601258747250125,-0.10000000000000142,0.0
10721114634,10721114668,47.287635489102954,0.19999999999999574,0.19999999999999574
10721114634,10269783370,3.48271026824465,0.0,0.0
10721114642,10721102941,4.347256044391952,0.0,0.0
10721114642,10721114660,48.841047204055506,-0.09999999999999432,0.0
10721114642,10721114606,122.60938121987812,-0.5,0.0
10721114654,10721103000,7.99253449585417,0.10000000000000142,0.10000000000000142
10721114654,10721114606,3.4563766893512256,0.0,0.0
10721114654,10721114657,66.70868294938829,0.4000000000000057,0.4000000000000057
10721114657,10721114630,8.48941754807728,0.0,0.0
10721114657,10721114654,66.70868294938829,-0.4000000000000057,0.0
10721114657,10721114660,3.041985010006514,0.0,0.0
10721114660,10721114631,8.562014328252548,-0.10000000000000142,0.0
10721114660,10721114657,3.041985010006514,0.0,0.0
10721114660,10721114642,48.841047204055506,0.09999999999999432,0.09999999999999432
10721114667,1695820964,9.21834348831002,0.0,0.0
10721114667,9983573555,84.03749431404057,0.20000000000000284,0.20000000000000284
10721114667,10721114668,4.471514558511145,0.0,0.0
10721114667,10721114671,5.4397094280107305,-0.10000000000000142,0.0
10721114668,10721114667,4.471514558511145,0.0,0.0
10721114668,9983573537,83.71570818122855,0.20000000000000284,0.20000000000000284
10721114668,10721114634,47.287635489102954,-0.19999999999999574,0.0
10721114671,10721114667,5.4397094280107305,0.10000000000000142,0.10000000000000142
10721114671,10721102967,38.765100756117604,0.0,0.0
10721114671,9983573542,85.021711244939,0.30000000000000426,0.30000000000000426
10721114680,10269783368,6.658552705782947,0.0,0.0
10721114680,10721114633,3.181308583666318,-0.10000000000000142,0.0
10721114680,10721103002,164.4101182924225,-0.4000000000000057,0.0
10721114682,8411280119,15.028918015409023,-0.10000000000000142,0.0
10721114682,8411254514,51.22103405988661,0.29999999999999716,0.29999999999999716
10721114682,10624985150,197.62176241279715,-9.600000000000001,0.0
10721114682,2245132927,6.387651681369835,0.0,0.0
10721114683,1695820882,45.195757283872766,-1.0,0.0
10721114683,1695820916,7.156862445048789,0.0,0.0
10721114683,10721114692,7.408683090509479,-0.10000000000000142,0.0
10721114683,10721114717,6.695149802116372,-0.10000000000000142,0.0
10721114684,1695820916,11.196463628464981,-0.09999999999999432,0.0
10721114684,2639302696,18.7561536246811,0.0,0.0
10721114684,10721114688,7.2570075575596205,-0.09999999999999432,0.0
10721114684,10721114691,9.496155520254332,-0.09999999999999432,0.0
10721114685,1695820920,50.79643256273058,0.7999999999999972,0.7999999999999972
10721114685,1695820916,9.377263398150497,0.0,0.0
10721114685,10721114691,10.63386221882644,0.0,0.0
10721114685,10721114718,6.213661616286026,-0.10000000000000142,0.0
10721114688,10721114692,18.657286948627817,-0.10000000000000142,0.0
10721114688,8411280120,18.35131203127521,0.09999999999999432,0.09999999999999432
10721114688,10721114684,7.2570075575596205,0.09999999999999432,0.09999999999999432
10721114691,10721114684,9.496155520254332,0.09999999999999432,0.09999999999999432
10721114691,10721114685,10.63386221882644,0.0,0.0
10721114691,8411254516,53.96077673406592,0.3999999999999986,0.3999999999999986
10721114691,10721114724,48.48870013666694,0.6999999999999957,0.6999999999999957
10721114692,10721114688,18.657286948627817,0.10000000000000142,0.10000000000000142
10721114692,10721114683,7.408683090509479,0.10000000000000142,0.10000000000000142
10721114692,10721114694,90.53287327998532,-2.5,0.0
10721114694,5466265990,10.893060997729535,0.6000000000000014,0.6000000000000014
10721114694,10723483823,43.711425891427794,-2.5,0.0
10721114694,10721114692,90.53287327998532,2.5,2.5
10721114699,10721114720,6.647433770600935,-0.10000000000000142,0.0
10721114699,9983573542,55.161123749535626,0.10000000000000142,0.10000000000000142
10721114699,9983573552,46.395380492939566,0.7000000000000028,0.7000000000000028
10721114700,1695820882,7.188998918701063,0.10000000000000142,0.10000000000000142
10721114700,10721114713,5.727714825194339,0.19999999999999574,0.19999999999999574
10721114700,9983573505,3.7458320646752474,-0.10000000000000142,0.0
10721114700,10721114719,93.54420539673961,1.7999999999999972,1.7999999999999972
10721114713,10721114700,5.727714825194339,-0.19999999999999574,0.0
10721114713,10721114722,87.95567109903449,1.5,1.5
10721114713,10721114717,40.569247284331624,0.8000000000000043,0.8000000000000043
10721114717,10721114683,6.695149802116372,0.10000000000000142,0.10000000000000142
10721114717,10721114713,40.569247284331624,-0.8000000000000043,0.0
10721114717,10721114718,3.1027072213608005,0.0,0.0
10721114718,10721114685,6.213661616286026,0.10000000000000142,0.10000000000000142
10721114718,10721114717,3.1027072213608005,0.0,0.0
10721114718,10721114722,46.92511278347874,0.6999999999999957,0.6999999999999957
10721114719,1695820920,8.895418015103237,0.10000000000000142,0.10000000000000142
10721114719,10721114722,3.988828993290748,-0.10000000000000142,0.0
10721114719,10721114723,6.336379983462416,0.10000000000000142,0.10000000000000142
10721114719,10721114700,93.54420539673961,-1.7999999999999972,0.0
10721114720,9983573555,55.002069758466625,0.20000000000000284,0.20000000000000284
10721114720,1695820920,8.790610541753809,0.10000000000000142,0.10000000000000142
10721114720,10721114699,6.647433770600935,0.10000000000000142,0.10000000000000142
10721114720,10721114724,3.2113569193490896,0.0,0.0
10721114722,10721114719,3.988828993290748,0.10000000000000142,0.10000000000000142
10721114722,10721114718,46.925112783478745,-0.6999999999999957,0.0
10721114722,10721114713,87.95567109903448,-1.5,0.0
10721114723,10721114719,6.336379983462416,-0.10000000000000142,0.0
10721114723,9983573505,102.10387548012568,-2.0,0.0
10721114723,9983573500,46.85505241947321,0.5,0.5
10721114724,10721114720,3.2113569193490896,0.0,0.0
10721114724,10721114691,48.488700136666935,-0.6999999999999957,0.0
10721114724,9983573537,54.973967696821425,0.20000000000000284,0.20000000000000284
10721114725,1704577737,6.252670197777674,0.10000000000000142,0.10000000000000142
10721114725,1695820920,52.87835493928648,-0.6000000000000014,0.0
10721114725,9983573500,8.132654034603787,-0.10000000000000142,0.0
10721114725,9983573552,9.440071098782877,0.10000000000000142,0.10000000000000142
10721114726,1704577737,10.560946511388867,0.20000000000000284,0.20000000000000284
10721114726,10721114727,9.316363706047019,0.10000000000000142,0.10000000000000142
10721114726,9983573499,4.567279622129604,-0.10000000000000142,0.0
10721114726,10721114734,83.80684487378367,-0.7000000000000028,0.0
10721114727,1704577717,10.421566033478905,0.10000000000000142,0.10000000000000142
10721114727,10721114732,5.160689302986154,0.10000000000000142,0.10000000000000142
10721114727,10721114726,9.316363706047019,-0.10000000000000142,0.0
10721114727,10721114735,84.82852587258535,-0.8000000000000043,0.0
10721114728,1704577695,24.959615070050763,0.09999999999999432,0.09999999999999432
10721114728,1704577717,6.93393113300288,0.0,0.0
10721114728,4070941388,3.7149911474762756,0.0,0.0
10721114728,10721114733,4.373553961808067,-0.10000000000000142,0.0
10721114729,1704577717,10.174637786459941,-0.19999999999999574,0.0
10721114729,10721114730,8.926282506059056,0.0,0.0
10721114729,10721114731,4.753171414571777,0.0,0.0
10721114729,10721102943,142.29074877608883,-0.8999999999999986,0.0
10721114730,1704577737,10.655654820888273,-0.19999999999999574,0.0
10721114730,9983573551,4.814732226079704,-0.10000000000000142,0.0
10721114730,10721114729,8.926282506059056,0.0,0.0
10721114730,10721102944,141.01476278658023,-0.8999999999999986,0.0
10721114731,10721114729,4.753171414571777,0.0,0.0
10721114731,2639302705,81.04826458137217,0.0,0.0
10721114731,4070941388,7.0898659802926005,-0.19999999999999574,0.0
10721114732,10721114727,5.160689302986154,-0.10000000000000142,0.0
10721114732,10721114733,6.33127284655205,-0.10000000000000142,0.0
10721114732,4070941377,85.34729409914661,-1.0,0.0
10721114733,10721114728,4.373553961808067,0.10000000000000142,0.10000000000000142
10721114733,4070941382,94.42377445791291,2.1000000000000014,2.1000000000000014
10721114733,10721114732,6.33127284655205,0.10000000000000142,0.10000000000000142
10721114734,461630329,11.878790269997882,0.20000000000000284,0.20000000000000284
10721114734,9983573497,6.253201034990628,0.0,0.0
10721114734,10721114735,9.572463760293099,0.0,0.0
10721114734,10721114726,83.80684487378366,0.7000000000000028,0.7000000000000028
10721114735,461629490,11.361699784885209,0.20000000000000284,0.20000000000000284
10721114735,10721114734,9.572463760293099,0.0,0.0
10721114735,4070941377,4.873932283369424,-0.09999999999999432,0.0
10721114735,10721114727,84.82852587258535,0.8000000000000043,0.8000000000000043
10721114736,461629490,9.77357254163612,0.0,0.0
10721114736,4070941376,4.797405769326059,-0.10000000000000142,0.0
10721114736,10721114737,11.806991772009361,0.0,0.0
10721114736,7369033993,575.9251174363505,-3.799999999999997,0.0
10721114737,461629489,10.008067199906106,0.0,0.0
10721114737,10721114736,11.806991772009361,0.0,0.0
10721114737,4070941346,5.283439697915883,-0.10000000000000142,0.0
10721114737,7369033994,573.6847331264358,-3.700000000000003,0.0
10721114738,461629489,11.467234562929232,0.20000000000000284,0.20000000000000284
10721114738,4070941347,5.924964798425036,0.10000000000000142,0.10000000000000142
10721114738,10721114739,9.211449647978636,0.10000000000000142,0.10000000000000142
10721114738,1704577721,142.9164139922042,1.5,1.5
10721114739,461630327,11.727574221059863,0.10000000000000142,0.10000000000000142
10721114739,10721114738,9.211449647978636,-0.10000000000000142,0.0
10721114739,9983573488,5.074076629549691,-0.10000000000000142,0.0
10721114739,1303244396,310.0115670729321,3.1000000000000014,3.1000000000000014
10721114740,461630327,9.119298247027839,0.0,0.0
10721114740,9983573491,8.824204954417139,-0.10000000000000142,0.0
10721114740,10721114741,12.352346380058233,0.0,0.0
10721114740,6452247805,172.2327557479771,-6.600000000000001,0.0
10721114741,461630329,9.728729267757,0.0,0.0
10721114741,10721114740,12.352346380058233,0.0,0.0
10721114741,9983573496,8.736231664406722,-0.20000000000000284,0.0
10721114741,739474124,110.64090691457311,-2.700000000000003,0.0
10723431992,1617305673,11.61707939399265,-0.20000000000000284,0.0
10723431992,739474124,155.41247224422048,7.199999999999996,7.199999999999996
10723431992,10723483821,10.175921146321015,-0.20000000000000284,0.0
10723431992,10723431993,13.482755422079151,0.0,0.0
10723431993,6452247805,94.34321220898617,3.299999999999997,3.299999999999997
10723431993,1617305650,14.765752341814515,-0.40000000000000213,0.0
10723431993,10723431992,13.482755422079151,0.0,0.0
10723431993,10723431998,6.596752852066448,0.0,0.0
10723431994,1617305629,7.4542437474401995,0.1999999999999993,0.1999999999999993
10723431994,10723483812,9.503625444779743,-0.1999999999999993,0.0
10723431994,10723431995,13.614519219482357,-0.10000000000000142,0.0
10723431994,10712492265,118.84572214699432,-3.0,0.0
10723431995,1617305650,12.218307084648002,0.3000000000000007,0.3000000000000007
10723431995,10723431994,13.614519219482357,0.10000000000000142,0.10000000000000142
10723431995,10723431997,6.558006722083357,0.0,0.0
10723431995,10712492266,118.77334545497921,-3.0,0.0
10723431996,6452247805,5.461872755611918,-0.10000000000000142,0.0
10723431996,6452247854,225.20980974245737,5.799999999999997,5.799999999999997
10723431996,10723431998,94.72478551513751,-3.3999999999999986,0.0
10723431996,9983573491,172.1729697052221,6.399999999999999,6.399999999999999
10723431997,10723431998,26.932923946831206,0.7000000000000028,0.7000000000000028
10723431997,10723431995,6.558006722083357,0.0,0.0
10723431997,10712492269,118.74006733138155,-3.099999999999998,0.0
10723431998,10723431997,26.932923946831206,-0.7000000000000028,0.0
10723431998,10723431993,6.596752852066448,0.0,0.0
10723431998,10723431996,94.72478551513751,3.3999999999999986,3.3999999999999986
10723432000,8411280161,86.59431968077388,-0.09999999999999787,0.0
10723432000,10723483818,126.5850040191547,-0.8000000000000007,0.0
10723432000,8411280186,33.22440894485615,0.3000000000000007,0.3000000000000007
10723432004,1617305629,13.315727620643871,0.3000000000000007,0.3000000000000007
10723432004,10723483805,7.994982555324045,0.20000000000000284,0.20000000000000284
10723432004,10723483816,3.813963988889407,-0.09999999999999787,0.0
10723432004,1617305649,50.20040908001116,0.9000000000000021,0.9000000000000021
10723483805,1695752551,39.72456252709304,0.6999999999999993,0.6999999999999993
10723483805,1617305673,13.474705723416864,0.29999999999999716,0.29999999999999716
10723483805,10723483806,11.771238886850785,0.29999999999999716,0.29999999999999716
10723483805,10723432004,7.994982555324045,-0.20000000000000284,0.0
10723483806,10723483821,3.326751981077551,0.0,0.0
10723483806,10723483805,11.771238886850785,-0.29999999999999716,0.0
10723483806,10723483818,3.837955248746877,0.0,0.0
10723483810,10723483812,2.6136714772841954,-0.09999999999999787,0.0
10723483812,10723431994,9.503625444779743,0.1999999999999993,0.1999999999999993
10723483812,10723483810,2.6136714772841954,0.09999999999999787,0.09999999999999787
10723483812,10723483816,5.231276020781896,0.0,0.0
10723483816,10723432004,3.813963988889407,0.09999999999999787,0.09999999999999787
10723483816,10723483812,5.231276020781895,0.0,0.0
10723483816,8411280161,171.8391764459332,1.3000000000000007,1.3000000000000007
10723483817,10723483825,6.167700808912781,-0.1999999999999993,0.0
10723483817,10723483818,10.35862392463644,-0.9000000000000021,0.0
10723483817,2637060755,47.78886646847927,0.09999999999999787,0.09999999999999787
10723483818,10723483817,10.35862392463644,0.9000000000000021,0.9000000000000021
10723483818,10723432000,126.5850040191547,0.8000000000000007,0.8000000000000007
10723483818,10723483806,3.837955248746877,0.0,0.0
10723483821,10723483806,3.326751981077551,0.0,0.0
10723483821,10723431992,10.175921146321015,0.20000000000000284,0.20000000000000284
10723483821,10723483825,13.85426935098057,0.7000000000000028,0.7000000000000028
10723483823,10723483825,90.43943564391185,-3.5,0.0
10723483823,8411280138,70.52654093359874,-2.8000000000000007,0.0
10723483823,10721114694,43.71142589142779,2.5,2.5
10723483825,10723483823,90.43943564391185,3.5,3.5
10723483825,10723483817,6.167700808912781,0.1999999999999993,0.1999999999999993
10723483825,10723483821,13.85426935098057,-0.7000000000000028,0.0
10723483826,9983573556,12.477212075968506,0.19999999999999574,0.19999999999999574
10723483826,10721102964,75.61921896773275,-1.3000000000000043,0.0
10723483826,2639302703,108.25052193206874,0.29999999999999716,0.29999999999999716
10723483833,2552572610,89.33466896826653,-5.600000000000001,0.0
10723483833,2245132845,15.32882170695839,1.3000000000000043,1.3000000000000043
10723483833,2639302720,19.164776596296758,-0.19999999999999574,0.0
10730038646,9983573480,23.04079923627207,-0.10000000000000142,0.0
10730038646,6452250094,57.20894502170332,0.20000000000000284,0.20000000000000284
10730038646,10730038664,58.53706076699155,0.3999999999999986,0.3999999999999986
10730038655,1303245317,12.763938132802457,-0.09999999999999432,0.0
10730038655,1303243668,99.06022547879085,-0.5,0.0
10730038655,10730038662,27.421671001537717,0.4000000000000057,0.4000000000000057
10730038659,10730038660,7.156964947038135,0.0,0.0
10730038659,10730038661,9.84300179288585,0.0,0.0
10730038659,10730038664,20.491111113602607,0.10000000000000142,0.10000000000000142
10730038659,10730038662,20.57640075556403,-0.09999999999999432,0.0
10730038660,10730038659,7.156964947038135,0.0,0.0
10730038661,10730038659,9.84300179288585,0.0,0.0
10730038661,10730038662,15.504187785309252,-0.09999999999999432,0.0
10730038661,10730038664,30.561554747045587,0.10000000000000142,0.10000000000000142
10730038662,10730038661,15.504187785309252,0.09999999999999432,0.09999999999999432
10730038662,10730038659,20.57640075556403,0.09999999999999432,0.09999999999999432
10730038662,10730038655,27.421671001537717,-0.4000000000000057,0.0
10730038664,10730038659,20.491111113602607,-0.10000000000000142,0.0
10730038664,10730038646,58.53706076699155,-0.3999999999999986,0.0
10730038664,10730038661,30.561554747045587,-0.10000000000000142,0.0
10732732932,10732732933,40.781329300675516,-1.3000000000000007,0.0
10732732933,1484203377,27.633968376489623,1.4000000000000021,1.4000000000000021
10732732933,3926735719,53.307062577011315,-1.8999999999999986,0.0
10732732933,10732732932,40.781329300675516,1.3000000000000007,1.3000000000000007
10732733201,10732733202,30.652131165342123,0.3000000000000007,0.3000000000000007
10732733202,1484203279,12.770545643091717,0.3999999999999986,0.3999999999999986
10732733202,10732733201,30.652131165342123,-0.3000000000000007,0.0
10732733202,730906859,88.7558930054467,-0.40000000000000036,0.0
10732733560,10732733561,11.319476614954649,-0.09999999999999787,0.0
10732733561,10732733560,11.319476614954649,0.09999999999999787,0.09999999999999787
10732733561,10732733562,6.7315435718654815,0.0,0.0
10732733561,10732733563,14.78379006466322,-0.3000000000000007,0.0
10732733562,10732733561,6.7315435718654815,0.0,0.0
10732733563,2139630239,63.18181744806302,-2.3000000000000007,0.0
10732733563,10732733561,14.78379006466322,0.3000000000000007,0.3000000000000007
10732733563,2268334585,40.744042757415315,7.300000000000001,7.300000000000001
10732935708,2616953991,7.678041846748976,0.10000000000000142,0.10000000000000142
10732935708,1303246079,59.10872350439433,-0.3999999999999986,0.0
10732935708,10732935709,37.25842177762632,1.3999999999999986,1.3999999999999986
10732935709,1704650317,87.10561867448843,3.700000000000003,3.700000000000003
10732935709,1303246046,58.95011279248605,-1.0999999999999943,0.0
10732935709,10732935708,37.25842177762631,-1.3999999999999986,0.0
10734835058,10734835060,30.263232274512923,-0.10000000000000142,0.0
10734835060,2039371183,64.47536556571903,3.1999999999999993,3.1999999999999993
10734835060,10734835058,30.263232274512923,0.10000000000000142,0.10000000000000142
10734835071,10734835072,12.354381450329637,-0.5,0.0
10734835071,10734835071,66.37241292933729,0.0,0.0
10734835071,10734835071,66.37241292933729,0.0,0.0
10734835072,10734835071,12.354381450329637,0.5,0.5
10734835072,2039372133,37.20491040346912,1.5,1.5
10734888802,2616953991,24.15908572931304,-0.20000000000000284,0.0
10735004290,7368660750,4.651265805821611,0.09999999999999432,0.09999999999999432
10735004290,7368660647,36.67850271592775,1.3999999999999986,1.3999999999999986
10735004290,4070953801,35.632773729436764,-0.4000000000000057,0.0
10735004295,461629163,7.4194724703635195,-0.29999999999999716,0.0
10735004295,7368660598,3.4963700532807502,0.10000000000000142,0.10000000000000142
10735004295,7368660596,76.11443462456054,-2.5,0.0
10735177983,10736137373,28.371371064565544,-1.7000000000000028,0.0
10736137350,10736137415,35.62560831766795,1.3000000000000043,1.3000000000000043
10736137350,6394962487,65.68657669087155,-2.299999999999997,0.0
10736137350,10736137353,25.39919628282321,-3.799999999999997,0.0
10736137353,10736137373,10.74042868848298,0.29999999999999716,0.29999999999999716
10736137353,10736137350,25.39919628282321,3.799999999999997,3.799999999999997
10736137353,10736137355,28.97334036027707,-1.2000000000000028,0.0
10736137355,1303244406,50.98999590581978,0.30000000000000426,0.30000000000000426
10736137355,10736137353,28.97334036027707,1.2000000000000028,1.2000000000000028
10736137373,10736137353,10.74042868848298,-0.29999999999999716,0.0
10736137373,10735177983,28.371371064565544,1.7000000000000028,1.7000000000000028
10736137415,10736137350,35.62560831766795,-1.3000000000000043,0.0
10736725797,10736725949,142.28033304707955,2.200000000000003,2.200000000000003
10736725797,10736725806,3.1285770129505153,0.0,0.0
10736725806,10736725807,6.841374346576787,-0.09999999999999787,0.0
10736725806,10736725797,3.1285770129505153,0.0,0.0
10736725806,4070941292,298.4173790891663,2.0,2.0
10736725807,10736725806,6.841374346576787,0.09999999999999787,0.09999999999999787
10736725807,7369033920,400.6174807793054,3.099999999999998,3.099999999999998
10736725827,2187246433,11.692929321396104,-0.20000000000000284,0.0
10736725827,2187246474,25.978418972946514,1.0999999999999943,1.0999999999999943
10736725827,10736725828,32.176205846635185,1.0999999999999943,1.0999999999999943
10736725828,1303151694,4.849729789596147,0.0,0.0
10736725828,2187246474,4.614635089484843,0.0,0.0
10736725828,6394961579,48.11014213846696,2.5,2.5
10736725828,10736725827,32.176205846635185,-1.0999999999999943,0.0
10736725900,1303151281,5.042328334284623,0.0,0.0
10736725900,3803654352,15.753506664542902,-0.09999999999999787,0.0
10736725900,10751780993,6.187565101994587,0.0,0.0
10736725900,10751780995,2.5716871557001206,0.10000000000000142,0.10000000000000142
10736725915,4070941295,24.414584945376195,0.0,0.0
10736725915,10736725916,33.05587598282032,-5.799999999999997,0.0
10736725915,10736725922,34.77899993845746,-0.29999999999999716,0.0
10736725916,4070941292,2.966776222558848,-0.10000000000000142,0.0
10736725916,10736725915,33.05587598282032,5.799999999999997,5.799999999999997
10736725916,3731572078,47.0754943098501,4.600000000000001,4.600000000000001
10736725922,4070941289,10.794085652583286,-2.8999999999999986,0.0
10736725922,1303152201,33.10200085106979,-0.5,0.0
10736725922,10736725915,34.77899993845746,0.29999999999999716,0.29999999999999716
10736725925,4070941032,20.849549056166236,0.20000000000000284,0.20000000000000284
10736725925,4070941289,18.336102585249638,2.700000000000003,2.700000000000003
10736725927,10736725946,5.013803334975183,0.0,0.0
10736725927,10736725953,6.4878042216245415,0.0,0.0
10736725933,10736725944,9.848558174955462,-0.29999999999999716,0.0
10736725933,10736725967,6.780767313851518,-0.09999999999999432,0.0
10736725933,7099852077,371.96028818684516,-2.3999999999999986,0.0
10736725944,2261866971,22.02979128517551,0.3999999999999986,0.3999999999999986
10736725944,1303244683,7.146408294792342,0.0,0.0
10736725944,10736725933,9.848558174955462,0.29999999999999716,0.29999999999999716
10736725944,10736725961,10.586244137945362,-0.10000000000000142,0.0
10736725945,10736725946,7.307072025959503,-0.3000000000000007,0.0
10736725945,10736725955,6.4027370774438195,0.0,0.0
10736725945,10736725980,103.83304147163128,2.6999999999999993,2.6999999999999993
10736725946,2261867046,25.553417383887222,0.5,0.5
10736725946,2261867052,6.467816467355272,0.10000000000000142,0.10000000000000142
10736725946,10736725945,7.307072025959503,0.3000000000000007,0.3000000000000007
10736725946,10736725927,5.013803334975183,0.0,0.0
10736725949,10736725951,5.617181048678731,0.1999999999999993,0.1999999999999993
10736725949,10736725952,7.584674125704557,0.09999999999999787,0.09999999999999787
10736725949,10736725797,142.28033304707958,-2.200000000000003,0.0
10736725950,10736725951,6.806785545204614,-0.09999999999999787,0.0
10736725950,10736725954,7.133434365618155,0.10000000000000142,0.10000000000000142
10736725950,10736725987,99.94056928615262,2.700000000000003,2.700000000000003
10736725951,1303243656,7.397425649102161,0.0,0.0
10736725951,1303243904,26.866615785916174,0.3000000000000007,0.3000000000000007
10736725951,10736725950,6.806785545204614,0.09999999999999787,0.09999999999999787
10736725951,10736725949,5.617181048678731,-0.1999999999999993,0.0
10736725952,1303243656,5.3154584867419326,0.10000000000000142,0.10000000000000142
10736725952,10736725953,7.47958503518511,0.0,0.0
10736725952,10736725949,7.584674125704557,-0.09999999999999787,0.0
10736725953,2261867052,4.995679053333566,0.10000000000000142,0.10000000000000142
10736725953,10736725927,6.4878042216245415,0.0,0.0
10736725953,10736725952,7.47958503518511,0.0,0.0
10736725954,1303243656,7.059826441797404,-0.1999999999999993,0.0
10736725954,10736725950,7.133434365618155,-0.10000000000000142,0.0
10736725954,10736725955,7.203512510598764,0.0,0.0
10736725954,10736725962,173.0187870962794,4.300000000000001,4.300000000000001
10736725955,2261867052,7.338727497800884,-0.1999999999999993,0.0
10736725955,10736725954,7.203512510598764,0.0,0.0
10736725955,10736725945,6.4027370774438195,0.0,0.0
10736725955,10736725963,172.30438201573318,4.199999999999999,4.199999999999999
10736725960,10736725962,7.389322621703081,0.0,0.0
10736725960,10736725965,8.642400855752033,0.1999999999999993,0.1999999999999993
10736725960,10736725991,51.793389645687654,-1.1999999999999993,0.0
10736725961,10736725963,6.314270861128425,-0.1999999999999993,0.0
10736725961,10736725944,10.586244137945362,0.10000000000000142,0.10000000000000142
10736725961,10736725983,59.170524437062426,-1.5,0.0
10736725962,2261866984,9.264835809310382,0.3000000000000007,0.3000000000000007
10736725962,10736725960,7.389322621703081,0.0,0.0
10736725962,10736725963,7.424370325188062,-0.10000000000000142,0.0
10736725962,10736725954,173.0187870962794,-4.300000000000001,0.0
10736725963,1303244683,9.764836591548072,0.3000000000000007,0.3000000000000007
10736725963,10736725962,7.424370325188062,0.10000000000000142,0.10000000000000142
10736725963,10736725961,6.314270861128425,0.1999999999999993,0.1999999999999993
10736725963,10736725955,172.30438201573318,-4.199999999999999,0.0
10736725964,10736725965,8.711170841639637,-0.10000000000000142,0.0
10736725964,10736725966,6.828110954095887,0.19999999999999574,0.19999999999999574
10736725964,2261866866,205.11422672780998,-4.700000000000003,0.0
10736725965,2261866984,6.9040941627018215,0.10000000000000142,0.10000000000000142
10736725965,10736725964,8.711170841639637,0.10000000000000142,0.10000000000000142
10736725965,10736725960,8.642400855752033,-0.1999999999999993,0.0
10736725965,1303246491,28.325754707571168,0.20000000000000284,0.20000000000000284
10736725966,2261866984,9.23439775424874,-0.19999999999999574,0.0
10736725966,10736725964,6.828110954095887,-0.19999999999999574,0.0
10736725966,10736725967,7.830165779816827,-0.09999999999999432,0.0
10736725966,10721102916,568.8923018847419,3.5,3.5
10736725967,1303244683,9.997620833865618,-0.20000000000000284,0.0
10736725967,10736725966,7.830165779816827,0.09999999999999432,0.09999999999999432
10736725967,10736725933,6.780767313851518,0.09999999999999432,0.09999999999999432
10736725967,10721102915,566.3162013464712,3.5999999999999943,3.5999999999999943
10736725977,7099852014,58.79101607939231,-4.599999999999998,0.0
10736725977,7099852074,129.43931393308907,2.400000000000002,2.400000000000002
10736725977,2261866866,25.95442621793304,0.6999999999999993,0.6999999999999993
10736725978,2261867020,17.410324705542042,-0.10000000000000142,0.0
10736725978,10736725985,34.036305385445765,-1.0,0.0
10736725978,10736725980,22.30622449311713,-5.199999999999999,0.0
10736725980,10736725983,8.82987990897033,0.1999999999999993,0.1999999999999993
10736725980,10736725945,103.83304147163128,-2.6999999999999993,0.0
10736725980,10736725978,22.30622449311713,5.199999999999999,5.199999999999999
10736725983,10736725980,8.82987990897033,-0.1999999999999993,0.0
10736725983,10736725961,59.170524437062426,1.5,1.5
10736725983,2261867020,42.26192511761377,4.899999999999999,4.899999999999999
10736725985,10736725993,18.705657952864705,-0.8999999999999986,0.0
10736725985,10736725986,7.908466984506885,-1.7999999999999972,0.0
10736725985,10736725978,34.03630538544577,1.0,1.0
10736725986,10736725987,9.518688453198694,-2.5,0.0
10736725986,10736725985,7.908466984506885,1.7999999999999972,1.7999999999999972
10736725986,10736725992,2.168276027686404,-0.30000000000000426,0.0
10736725987,10736725986,9.518688453198694,2.5,2.5
10736725987,10736725991,22.331658156013074,0.5,0.5
10736725987,10736725950,99.94056928615262,-2.700000000000003,0.0
10736725988,10736725993,3.988168737458726,-0.10000000000000142,0.0
10736725988,10736725995,43.38217685759801,1.6000000000000014,1.6000000000000014
10736725988,10736725992,23.51790262499162,-1.3000000000000043,0.0
10736725991,10736725960,51.793389645687654,1.1999999999999993,1.1999999999999993
10736725991,10736725987,22.331658156013074,-0.5,0.0
10736725991,10736725992,33.10326864485417,1.6999999999999957,1.6999999999999957
10736725992,10736725986,2.168276027686404,0.30000000000000426,0.30000000000000426
10736725992,10736725991,33.10326864485417,-1.6999999999999957,0.0
10736725992,10736725988,23.51790262499162,1.3000000000000043,1.3000000000000043
10736725993,10736725985,18.705657952864705,0.8999999999999986,0.8999999999999986
10736725993,10736725988,3.988168737458726,0.10000000000000142,0.10000000000000142
10736725993,1303246207,23.507766879520638,-1.8999999999999986,0.0
10736725995,1303245745,4.065579341891474,0.0,0.0
10736725995,1303245475,4.046024678144908,0.0,0.0
10736725995,10736725988,43.38217685759801,-1.6000000000000014,0.0
10736725995,1303243302,44.35849101603776,2.0,2.0
10736725999,4070941321,15.174070542770728,-0.7000000000000028,0.0
10736725999,1303243326,5.825414367277953,-0.20000000000000284,0.0
10736725999,1303246251,23.9220822545821,-0.10000000000000142,0.0
10736725999,10803910262,47.739070452847315,-1.3000000000000043,0.0
10737082091,10737082094,31.980057630284932,-2.5,0.0
10737082094,2626054985,42.480288042785894,1.0,1.0
10737082094,1484203694,42.07759995701616,-1.3000000000000043,0.0
10737082094,10737082091,31.980057630284932,2.5,2.5
10737093414,1484203567,18.107994612336984,-0.1999999999999993,0.0
10737093414,1484203637,149.40645080981216,3.0,3.0
10737093414,10737093418,50.844649206068084,7.800000000000001,7.800000000000001
10737093418,2626054985,139.9846284830462,4.100000000000001,4.100000000000001
10737093418,1484203638,111.51540470966435,-1.7000000000000028,0.0
10737093418,10737093414,50.844649206068084,-7.800000000000001,0.0
10738679163,1303244406,21.506719127372044,-0.19999999999999574,0.0
10738679163,4070941298,29.371423021321853,1.5,1.5
10738679163,1303244135,92.97004296999148,0.5,0.5
10738679204,4070880062,19.939317853903763,0.1999999999999993,0.1999999999999993
10738679204,4070880048,128.7679252528569,0.9000000000000021,0.9000000000000021
10738679204,10738681907,38.73957381452804,2.900000000000002,2.900000000000002
10738681907,4070880062,15.150975949164046,-2.700000000000003,0.0
10738681907,1767739953,30.726546321229527,2.6999999999999957,2.6999999999999957
10738681907,10738679204,38.73957381452804,-2.900000000000002,0.0
10738681910,1767739967,6.565058499552835,0.0,0.0
10738681910,1767739951,4.785807137344393,-0.10000000000000142,0.0
10738681910,7368658440,54.2924975171965,-2.5,0.0
10738681910,10738681912,52.71879200604005,2.6999999999999957,2.6999999999999957
10738681912,1767473930,3.095266376157358,-0.09999999999999432,0.0
10738681912,1767473936,3.4145862349772123,-0.09999999999999432,0.0
10738681912,10738681913,41.94521283366637,0.4000000000000057,0.4000000000000057
10738681912,10738681910,52.71879200604005,-2.6999999999999957,0.0
10738681913,2588145184,4.128095781512687,0.19999999999999574,0.19999999999999574
10738681913,10738681912,41.94521283366637,-0.4000000000000057,0.0
10738681913,7368660692,95.84880200439792,-1.6000000000000014,0.0
10738681913,6957360464,4.907151604189906,-0.10000000000000142,0.0
10738873073,10738873083,44.66895076424605,-1.2000000000000028,0.0
10738873073,10721102924,191.3204404793402,1.2999999999999972,1.2999999999999972
10738873073,10738873075,31.275388938986794,1.5,1.5
10738873075,10738873076,2.1762588901033113,0.0,0.0
10738873075,10738873073,31.275388938986794,-1.5,0.0
10738873075,10738873083,16.46475910604299,-2.700000000000003,0.0
10738873076,10738873075,2.1762588901033113,0.0,0.0
10738873076,10738873081,13.283689169859093,2.8999999999999986,2.8999999999999986
10738873076,10738873080,51.74145797180321,1.7999999999999972,1.7999999999999972
10738873080,1728169954,4.081715794311811,0.10000000000000142,0.10000000000000142
10738873080,1728169962,28.512792896356412,1.4000000000000057,1.4000000000000057
10738873080,10738873076,51.741457971803214,-1.7999999999999972,0.0
10738873081,2245132743,44.536022828103,0.10000000000000142,0.10000000000000142
10738873081,1728169954,17.627845554503864,-1.0,0.0
10738873081,10738873076,13.283689169859093,-2.8999999999999986,0.0
10738873083,10738873073,44.668950764246055,1.2000000000000028,1.2000000000000028
10738873083,10738873075,16.46475910604299,2.700000000000003,2.700000000000003
10739295319,10739295320,2.8727223219309668,0.10000000000000142,0.10000000000000142
10739295319,7368660708,51.86391801079033,0.5,0.5
10739295319,1484203701,4.698825416517886,0.10000000000000142,0.10000000000000142
10739295320,10739295319,2.8727223219309668,-0.10000000000000142,0.0
10739295320,2626054988,20.414303337082284,-5.799999999999997,0.0
10739295320,2626054988,78.90162991479619,-5.799999999999997,0.0
10742881913,6449408251,13.027714985566373,-0.29999999999999716,0.0
10742881913,10742881914,80.5956060032042,-0.20000000000000284,0.0
10742881913,10742881922,134.53406358398374,-0.7000000000000028,0.0
10742881914,6449408242,15.259426944201227,0.0,0.0
10742881914,10742881913,80.5956060032042,0.20000000000000284,0.20000000000000284
10742881914,6449408236,6.0118274626853605,-0.09999999999999432,0.0
10742881915,6449408242,13.227439237735322,0.0,0.0
10742881915,6449408236,7.4267934728927205,-0.09999999999999432,0.0
10742881915,7368660708,112.14784074743957,0.5,0.5
10742881922,7368660709,4.003819311486893,0.10000000000000142,0.10000000000000142
10742881922,10742881913,134.53406358398374,0.7000000000000028,0.7000000000000028
10742881922,7368660717,30.300009517448473,-0.19999999999999574,0.0
10742881923,7368660709,4.349279984496986,0.0,0.0
10742881923,10742881924,33.955945719498885,0.20000000000000284,0.20000000000000284
10742881923,10742881924,187.48831707167284,0.20000000000000284,0.20000000000000284
10742881924,7368658483,4.730500722552211,0.10000000000000142,0.10000000000000142
10742881924,10742881923,187.48831707167278,-0.20000000000000284,0.0
10742881924,10742881923,33.9559457194989,-0.20000000000000284,0.0
10742965966,7368660737,10.217972049072374,0.20000000000000284,0.20000000000000284
10742965966,10742965969,92.04652435331148,0.7000000000000028,0.7000000000000028
10742965966,9933290457,6.340839875217455,0.0,0.0
10742965969,10742965966,92.04652435331148,-0.7000000000000028,0.0
10742965969,7368660734,7.128326685030155,0.10000000000000142,0.10000000000000142
10742965969,2575577290,53.15781236785109,-0.8999999999999986,0.0
10742965994,1303246046,25.454021196042486,0.10000000000000142,0.10000000000000142
10742965994,6452310936,131.3178451684912,1.2999999999999972,1.2999999999999972
10742965994,10742965997,69.27458713820285,-0.8000000000000043,0.0
10742965997,6449418991,53.023981964337295,-1.2999999999999972,0.0
10742965997,6449418995,78.14809438639845,-0.5,0.0
10742965997,10742965994,69.27458713820285,0.8000000000000043,0.8000000000000043
10750646697,10750646698,5.022047494763539,-0.20000000000000284,0.0
10750646697,10750646699,22.865920319189545,0.5,0.5
10750646697,7368660658,84.85155917972286,2.6999999999999957,2.6999999999999957
10750646697,7368660650,107.56511036012506,-4.400000000000006,0.0
10750646698,1303244983,10.298064464893136,-0.5,0.0
10750646698,10750646697,5.022047494763539,0.20000000000000284,0.20000000000000284
10750646698,1303246397,158.78287527704572,3.8999999999999986,3.8999999999999986
10750646699,10750646697,22.865920319189545,-0.5,0.0
10750698991,1303244447,3.8266206691982383,0.09999999999999432,0.09999999999999432
10750698991,2598709650,74.726458616023,-0.5,0.0
10750698991,6957360458,28.987160305763677,0.19999999999999574,0.19999999999999574
10750698991,6957360462,6.547280939441855,0.0,0.0
10750698995,1303244394,4.459621783637997,0.20000000000000284,0.20000000000000284
10750698995,1303245173,44.64547139783799,-1.5,0.0
10750698995,10750698996,3.7045771600069304,0.0,0.0
10750698995,2588145198,3.963827304834597,-0.10000000000000142,0.0
10750698996,10750698995,3.7045771600069304,0.0,0.0
10750698996,6957360463,110.44822088407518,-3.299999999999997,0.0
10750698996,6957360464,4.424593213094672,0.10000000000000142,0.10000000000000142
10750699000,2588145178,2.292095866226595,0.19999999999999574,0.19999999999999574
10750699000,2588145189,4.43409553749287,-0.10000000000000142,0.0
10750699000,2588145184,4.771404172446589,0.19999999999999574,0.19999999999999574
10750743308,2267294225,27.570035200094154,0.8999999999999986,0.8999999999999986
10750743308,1303246397,4.189251490264351,-0.10000000000000142,0.0
10750743308,7368660636,159.0704548574496,-4.5,0.0
10750743309,1303246397,3.977792856617169,0.10000000000000142,0.10000000000000142
10750743309,1303244080,63.627022459142836,0.6000000000000014,0.6000000000000014
10750743309,7368660627,35.195611716724166,-1.0999999999999943,0.0
10751780971,3731572076,125.81806170467816,3.9999999999999964,3.9999999999999964
10751780971,3731572075,3.390338343283676,0.0,0.0
10751780971,4070941298,228.5849949337955,5.099999999999998,5.099999999999998
10751780971,10751780995,13.803323798469206,0.0,0.0
10751780972,7369033925,4.697953500450974,0.10000000000000142,0.10000000000000142
10751780972,4070941028,2.5153018434032384,0.0,0.0
10751780972,7369033926,64.56337105948518,0.3000000000000007,0.3000000000000007
10751780973,7369033925,3.8337222593725766,0.10000000000000142,0.10000000000000142
10751780973,4070941012,3.079726442071044,0.10000000000000142,0.10000000000000142
10751780973,10751780993,178.69242597487735,0.8000000000000007,0.8000000000000007
10751780993,10736725900,6.187565101994587,0.0,0.0
10751780993,7369033897,4.53743429517911,0.0,0.0
10751780993,10751780973,178.69242597487738,-0.8000000000000007,0.0
10751780995,10751842707,15.623908236026764,-0.10000000000000142,0.0
10751780995,10736725900,2.5716871557001206,-0.10000000000000142,0.0
10751780995,10751780971,13.803323798469206,0.0,0.0
10751780996,3731572075,5.05770352961575,0.0,0.0
10751780996,7369033897,10.58143087137921,-0.10000000000000142,0.0
10751780996,7369033916,60.858172588107166,0.1999999999999993,0.1999999999999993
10751842706,7369033914,4.030503102487836,-0.10000000000000142,0.0
10751842707,3803654352,3.4255999998084974,-0.09999999999999787,0.0
10751842707,10751780995,15.623908236026764,0.10000000000000142,0.10000000000000142
10751842707,7369033926,321.041931225995,-0.5,0.0
10751842707,7369033926,93.66433523150992,-0.5,0.0
10794673123,1303243353,26.879110692886503,1.8000000000000007,1.8000000000000007
10794673123,1303245451,4.931754683669409,-0.3000000000000007,0.0
10794673123,10794673125,113.78402099040703,3.3999999999999986,3.3999999999999986
10794673125,10794673136,12.007545598648855,1.3999999999999986,1.3999999999999986
10794673125,10794673131,5.874248210011431,-0.5999999999999979,0.0
10794673125,10794673123,113.78402099040702,-3.3999999999999986,0.0
10794673131,10794673132,6.861500484751444,-0.40000000000000213,0.0
10794673131,10794673125,5.874248210011431,0.5999999999999979,0.5999999999999979
10794673131,10794673133,11.436022257383474,1.6999999999999993,1.6999999999999993
10794673132,1303244915,33.13782658717834,1.3999999999999986,1.3999999999999986
10794673132,10794673131,6.861500484751444,0.40000000000000213,0.40000000000000213
10794673132,10908360099,19.903750451623466,-3.299999999999997,0.0
10794673132,1303245451,112.8789708543318,-2.6999999999999993,0.0
10794673133,10794673134,7.462264894838033,1.8999999999999986,1.8999999999999986
10794673133,10794673131,11.436022257383474,-1.6999999999999993,0.0
10794673133,10794673136,9.004599976394527,0.29999999999999716,0.29999999999999716
10794673134,10794673135,6.705673757575044,1.3999999999999986,1.3999999999999986
10794673134,10794673133,7.462264894838033,-1.8999999999999986,0.0
10794673134,2139647408,18.24954786445968,1.5,1.5
10794673134,10794673136,16.333863087269513,-1.6000000000000014,0.0
10794673135,10794673134,6.705673757575044,-1.3999999999999986,0.0
10794673135,2268371096,78.31357402891942,3.3000000000000043,3.3000000000000043
10794673135,2139647408,15.080918498359473,0.10000000000000142,0.10000000000000142
10794673136,10794673125,12.007545598648855,-1.3999999999999986,0.0
10794673136,10794673133,9.004599976394527,-0.29999999999999716,0.0
10794673136,10794673134,16.333863087269513,1.6000000000000014,1.6000000000000014
10803856438,2187246433,5.174926361187668,0.0,0.0
10803910262,4070941319,92.21854751959295,-1.7999999999999972,0.0
10803910262,4070941321,18.968056336808775,0.6000000000000014,0.6000000000000014
10803910262,10803910263,30.00452205681039,0.9000000000000057,0.9000000000000057
10803910262,10736725999,47.739070452847315,1.3000000000000043,1.3000000000000043
10803910263,1767739950,34.86442916118345,0.09999999999999432,0.09999999999999432
10803910263,1303244989,2.129743843845855,0.0,0.0
10803910263,10803910262,30.00452205681039,-0.9000000000000057,0.0
10836967619,10836967620,22.525846320339372,-0.40000000000000213,0.0
10836967620,2039371183,22.284480210744785,-0.6999999999999993,0.0
10836967620,10836967619,22.525846320339372,0.40000000000000213,0.40000000000000213
10836967620,1303243768,51.155723902980995,2.700000000000003,2.700000000000003
10896026881,10896026882,32.69840230509599,-2.1000000000000014,0.0
10896026882,1303243643,44.13892871090977,2.400000000000002,2.400000000000002
10896026882,2136813367,17.477781334287517,-1.0,0.0
10896026882,10896026881,32.69840230509599,2.1000000000000014,2.1000000000000014
10908360096,10908360099,59.155799511707414,-0.5,0.0
10908360099,10794673132,19.903750451623466,3.299999999999997,3.299999999999997
10908360099,1303245831,22.56794273261982,-3.900000000000002,0.0
10908360099,10908360096,59.155799511707414,0.5,0.5
10937054768,10937054769,30.700401904716283,-0.5,0.0
10937054768,1303245354,6.06728861473167,-0.10000000000000142,0.0
10937054768,2268363057,25.658343145747644,0.8999999999999986,0.8999999999999986
10937054769,10937054768,30.700401904716283,0.5,0.5
10937054769,1303245792,6.363088174930566,0.0,0.0
10937054769,10937054770,33.191593061666296,-0.5,0.0
10937054770,9983573435,4.437350011463612,0.0,0.0
10937054770,1303244738,6.900302055023134,0.10000000000000142,0.10000000000000142
10937054770,10937054769,33.191593061666296,0.5,0.5
10946112646,916037148,6.711014613056533,0.19999999999999574,0.19999999999999574
10946112646,10946112647,8.619084802827222,0.0,0.0
10946112646,739474131,194.19385286025428,-4.800000000000001,0.0
10946112647,916037104,6.375076699045904,0.19999999999999574,0.19999999999999574
10946112647,10946112646,8.619084802827222,0.0,0.0
10946112647,739474132,197.48934870482802,-4.800000000000001,0.0
10946112647,10946112648,138.84701893313982,-2.8000000000000007,0.0
10946112648,10946118963,12.858713455635288,-0.40000000000000213,0.0
10946112648,10946118957,14.512988355948249,2.3000000000000007,2.3000000000000007
10946112648,10946112647,138.84701893313982,2.8000000000000007,2.8000000000000007
10946112654,916073694,27.963453535932544,0.3000000000000007,0.3000000000000007
10946112654,739474132,3.276949164820251,0.0,0.0
10946112654,10946118963,51.95476880229063,1.5999999999999979,1.5999999999999979
10946118936,10946118937,12.443632774160202,0.30000000000000426,0.30000000000000426
10946118937,1728169982,72.09750905477881,1.0,1.0
10946118937,1728169990,22.70521067808847,-0.10000000000000142,0.0
10946118937,10946118936,12.443632774160202,-0.30000000000000426,0.0
10946118956,10946118957,2.699987613774941,-0.3999999999999986,0.0
10946118956,10946118960,21.070299556189195,0.7999999999999972,0.7999999999999972
10946118956,10946118963,29.484251964381233,-3.1000000000000014,0.0
10946118957,10946118956,2.699987613774941,0.3999999999999986,0.3999999999999986
10946118957,10946118958,9.951812654146122,2.3999999999999986,2.3999999999999986
10946118957,10946112648,14.512988355948249,-2.3000000000000007,0.0
10946118958,7125325619,16.97446292930583,-1.1000000000000014,0.0
10946118958,916037161,50.99261765052588,-3.8000000000000007,0.0
10946118958,10946118957,9.951812654146122,-2.3999999999999986,0.0
10946118960,916073674,2.0040829361097776,-0.09999999999999432,0.0
10946118960,7125325619,3.4487612531439593,0.10000000000000142,0.10000000000000142
10946118960,10946118956,21.070299556189195,-0.7999999999999972,0.0
10946118963,10946112648,12.858713455635288,0.40000000000000213,0.40000000000000213
10946118963,10946112654,51.95476880229063,-1.5999999999999979,0.0
10946118963,10946118956,29.484251964381233,3.1000000000000014,3.1000000000000014
11951566056,916073664,4.1485619459004175,0.0,0.0
11951566056,7125325619,49.41390633560313,-2.5,0.0
11951566056,11951566065,47.15043518096978,0.3999999999999986,0.3999999999999986
11951566065,1728169957,21.074571497060933,0.5,0.5
11951566065,11951566056,47.15043518096978,-0.3999999999999986,0.0
11954201548,7366852176,141.23191247063068,0.29999999999999716,0.29999999999999716
11954201548,7366852208,115.60417232458207,-1.7000000000000028,0.0
11954201548,11954201550,26.176052787688537,-5.5,0.0
11954201550,4020938309,30.024568002636094,1.0,1.0
11954201550,2267294338,53.651499188088415,-0.30000000000000426,0.0
11954201550,11954201548,26.176052787688537,5.5,5.5
11954201559,2267231984,2.343207766845584,0.20000000000000284,0.20000000000000284
11954201559,2267231947,124.81630283465887,-4.5,0.0
11954201559,908108602,38.73852666626114,-6.799999999999997,0.0
12022212138,2267231889,32.810564347058,-1.7000000000000028,0.0
12022212138,2267231915,31.672019557873753,2.1999999999999957,2.1999999999999957
12022212138,2267296171,76.96448884841814,-1.3000000000000043,0.0
12560683507,1728170089,29.003887463141957,0.5,0.5
12560683507,1704577721,3.458906646526757,0.09999999999999432,0.09999999999999432
12560683507,4070941348,4.853261267793938,0.0,0.0
12560683507,4070941347,143.00021875189987,-1.3000000000000043,0.0
13064972911,1484203297,113.06963582472444,1.6000000000000014,1.6000000000000014
13076848002,9269014820,83.79927114476817,1.1000000000000014,1.1000000000000014
13076848002,1302822332,5.2488375493116015,-0.10000000000000142,0.0
13076848002,9269278079,4.747663570267311,-0.29999999999999716,0.0
13076848002,9269278082,4.985151679778385,0.20000000000000284,0.20000000000000284
13076848003,13076848004,3.449070283881306,0.10000000000000142,0.10000000000000142
13076848004,1302822332,6.55100807705298,0.5,0.5
13076848004,9269014809,55.77241841444054,-3.6000000000000014,0.0
13076848004,13076848003,3.449070283881306,-0.10000000000000142,0.0
13076848004,9269278079,5.481388174170737,0.30000000000000426,0.30000000000000426
13076848007,9269072324,32.832985965740576,-0.3999999999999986,0.0
13076848007,443306892,5.405097313231338,0.0,0.0
13076848007,9269585412,7.343040648670936,0.30000000000000426,0.30000000000000426
13076848007,9269585416,8.205813736392013,-0.19999999999999574,0.0
13076848008,443306892,6.284904873329748,-0.20000000000000284,0.0
13076848008,9269585408,4.8368925256833855,0.0,0.0
13076848008,9269585412,3.9477268064743676,0.10000000000000142,0.10000000000000142
13076848008,1303151740,30.230924457151197,-0.6000000000000014,0.0
13076848009,443306892,7.856959038341107,0.29999999999999716,0.29999999999999716
13076848009,3803463107,37.43144118397037,-2.6000000000000014,0.0
13076848009,9269611221,4.989625967213643,0.10000000000000142,0.10000000000000142
13076848009,9269585416,4.008777878776071,0.10000000000000142,0.10000000000000142
13076852405,2187247169,5.111550208964564,0.0,0.0
13076852405,2187247157,100.24137023897197,4.200000000000003,4.200000000000003
13076852405,13076852407,54.42394712616819,-0.29999999999999716,0.0
13076852405,9269423100,32.97748556064012,0.3999999999999986,0.3999999999999986
13076852407,1302821907,4.861545320527563,0.0,0.0
13076852407,2187247157,40.839215867855394,4.5,4.5
13076852407,9269423084,61.827205348175426,-0.7000000000000028,0.0
13076852407,13076852405,54.423947126168194,0.29999999999999716,0.29999999999999716
13076852447,1302823084,6.445531655634689,0.10000000000000142,0.10000000000000142
13076852447,1302821823,157.7684655244649,14.100000000000001,14.100000000000001
13076852447,9269278113,71.25401388330664,3.0,3.0
13076852448,1302823084,8.45100843460064,0.10000000000000142,0.10000000000000142
13076852448,9269423070,210.6589325768692,1.8000000000000043,1.8000000000000043
13076852505,443306892,6.69503172506065,-0.10000000000000142,0.0
13076852505,1471065423,115.69209640235894,-7.399999999999999,0.0
13076852505,9269611221,7.046674467918365,-0.29999999999999716,0.0
13076852505,9269585408,7.2476607302598115,0.10000000000000142,0.10000000000000142
13336225512,7755269989,28.37824167887755,-2.799999999999997,0.0
13336225512,461630519,68.2360290005249,6.300000000000004,6.300000000000004
13336225512,13336225515,94.00210901528493,1.9000000000000057,1.9000000000000057
13336225514,13336225515,5.661129479679178,-0.19999999999999574,0.0
13336225515,13336225514,5.661129479679178,0.19999999999999574,0.19999999999999574
13336225515,13336225516,6.296731738073069,0.0,0.0
13336225515,13336225512,94.00210901528493,-1.9000000000000057,0.0
13336225516,13336225515,6.296731738073069,0.0,0.0
13336233260,1302821170,93.04537400249819,-1.8000000000000007,0.0
13336233260,13336233262,45.622546813226805,1.1999999999999993,1.1999999999999993
13336233262,13336233260,45.622546813226805,-1.1999999999999993,0.0
13403237136,1983118493,43.80911816794565,0.3999999999999986,0.3999999999999986
13403237136,2857742914,21.330559854944436,-0.30000000000000426,0.0
13403237136,2857742914,34.02872868424715,-0.30000000000000426,0.0
13403237136,2857742914,32.30838199371212,-0.30000000000000426,0.0
